VirtualBox VM 5.2.20 r125813 win.amd64 (Oct 15 2018 15:10:47) release log
00:00:00.191064 Log opened 2025-08-27T08:12:59.540479600Z
00:00:00.191065 Build Type: release
00:00:00.191069 OS Product: Windows 2008 R2
00:00:00.191072 OS Release: 6.1.7601
00:00:00.191073 OS Service Pack: 1
00:00:00.292627 DMI Product Name: X9SCI/X9SCA
00:00:00.297927 DMI Product Version: 0123456789
00:00:00.297936 Host RAM: 8164MB (7.9GB) total, 6144MB (6.0GB) available
00:00:00.297942 Executable: C:\Program Files\Oracle\VirtualBox\VBoxHeadless.exe
00:00:00.297943 Process ID: 2764
00:00:00.297944 Package type: WINDOWS_64BITS_GENERIC
00:00:00.299939 Installed Extension Packs:
00:00:00.299994   None installed!
00:00:00.301056 Console: Machine state changed to 'Starting'
00:00:00.427644 SUP: Loaded VMMR0.r0 (C:\Program Files\Oracle\VirtualBox\VMMR0.r0) at 0xXXXXXXXXXXXXXXXX - ModuleInit at XXXXXXXXXXXXXXXX and ModuleTerm at XXXXXXXXXXXXXXXX using the native ring-0 loader
00:00:00.427678 SUP: VMMR0EntryEx located at XXXXXXXXXXXXXXXX and VMMR0EntryFast at XXXXXXXXXXXXXXXX
00:00:00.427688 SUP: windbg> .reload /f C:\Program Files\Oracle\VirtualBox\VMMR0.r0=0xXXXXXXXXXXXXXXXX
00:00:00.431323 Guest OS type: 'Ubuntu_64'
00:00:00.432834 fHMForced=true - 64-bit guest
00:00:00.438238 File system of 'C:\VirtualBox\VMs\server\Snapshots' (snapshots) is unknown
00:00:00.438256 File system of 'C:\VirtualBox\VMs\ubuntu-server\ubuntu-server.vdi' is ntfs
00:00:00.459496 Shared clipboard service loaded
00:00:00.459524 Shared clipboard mode: Off
00:00:00.473063 Drag and drop service loaded
00:00:00.473080 Drag and drop mode: Off
00:00:00.500400 Guest Control service loaded
00:00:00.578695 ************************* CFGM dump *************************
00:00:00.578698 [/] (level 0)
00:00:00.578702   CSAMEnabled       <integer> = 0x0000000000000001 (1)
00:00:00.578705   CpuExecutionCap   <integer> = 0x0000000000000064 (100)
00:00:00.578707   EnablePAE         <integer> = 0x0000000000000000 (0)
00:00:00.578709   HMEnabled         <integer> = 0x0000000000000001 (1)
00:00:00.578710   MemBalloonSize    <integer> = 0x0000000000000000 (0)
00:00:00.578711   Name              <string>  = "server" (cb=7)
00:00:00.578713   NumCPUs           <integer> = 0x0000000000000001 (1)
00:00:00.578714   PATMEnabled       <integer> = 0x0000000000000001 (1)
00:00:00.578716   PageFusionAllowed <integer> = 0x0000000000000000 (0)
00:00:00.578717   RamHoleSize       <integer> = 0x0000000020000000 (536 870 912, 512 MB)
00:00:00.578719   RamSize           <integer> = 0x0000000040000000 (1 073 741 824, 1 024 MB)
00:00:00.578722   RawR0Enabled      <integer> = 0x0000000000000001 (1)
00:00:00.578723   RawR3Enabled      <integer> = 0x0000000000000001 (1)
00:00:00.578725   TimerMillies      <integer> = 0x000000000000000a (10)
00:00:00.578726   UUID              <bytes>   = "6d 20 68 92 79 05 c4 4e a0 bb b1 b3 7d 64 bf ec" (cb=16)
00:00:00.578732 
00:00:00.578733 [/CPUM/] (level 1)
00:00:00.578735   GuestCpuName       <string>  = "host" (cb=5)
00:00:00.578736   PortableCpuIdLevel <integer> = 0x0000000000000000 (0)
00:00:00.578737   SpecCtrl           <integer> = 0x0000000000000000 (0)
00:00:00.578739 
00:00:00.578739 [/DBGC/] (level 1)
00:00:00.578740   GlobalInitScript <string>  = "C:\Users\APADMIN\.VirtualBox/dbgc-init" (cb=39)
00:00:00.578742   HistoryFile      <string>  = "C:\Users\APADMIN\.VirtualBox/dbgc-history" (cb=42)
00:00:00.578743   LocalInitScript  <string>  = "C:\VirtualBox\VMs\server/dbgc-init" (cb=35)
00:00:00.578744 
00:00:00.578744 [/DBGF/] (level 1)
00:00:00.578746   Path <string>  = "C:\VirtualBox\VMs\server/debug/;C:\VirtualBox\VMs\server/;C:\Users\APADMIN\" (cb=76)
00:00:00.578747 
00:00:00.578747 [/Devices/] (level 1)
00:00:00.578748 
00:00:00.578749 [/Devices/8237A/] (level 2)
00:00:00.578750 
00:00:00.578751 [/Devices/8237A/0/] (level 3)
00:00:00.578752   Trusted <integer> = 0x0000000000000001 (1)
00:00:00.578753 
00:00:00.578754 [/Devices/GIMDev/] (level 2)
00:00:00.578755 
00:00:00.578756 [/Devices/GIMDev/0/] (level 3)
00:00:00.578757   Trusted <integer> = 0x0000000000000001 (1)
00:00:00.578758 
00:00:00.578758 [/Devices/VMMDev/] (level 2)
00:00:00.578760 
00:00:00.578760 [/Devices/VMMDev/0/] (level 3)
00:00:00.578762   PCIBusNo      <integer> = 0x0000000000000000 (0)
00:00:00.578763   PCIDeviceNo   <integer> = 0x0000000000000004 (4)
00:00:00.578764   PCIFunctionNo <integer> = 0x0000000000000000 (0)
00:00:00.578766   Trusted       <integer> = 0x0000000000000001 (1)
00:00:00.578767 
00:00:00.578767 [/Devices/VMMDev/0/Config/] (level 4)
00:00:00.578769   GuestCoreDumpDir <string>  = "C:\VirtualBox\VMs\server\Snapshots" (cb=35)
00:00:00.578770 
00:00:00.578770 [/Devices/VMMDev/0/LUN#0/] (level 4)
00:00:00.578772   Driver <string>  = "HGCM" (cb=5)
00:00:00.578773 
00:00:00.578773 [/Devices/VMMDev/0/LUN#0/Config/] (level 5)
00:00:00.578775   Object <integer> = 0x0000000004449eb0 (71 605 936)
00:00:00.578777 
00:00:00.578777 [/Devices/VMMDev/0/LUN#999/] (level 4)
00:00:00.578779   Driver <string>  = "MainStatus" (cb=11)
00:00:00.578780 
00:00:00.578780 [/Devices/VMMDev/0/LUN#999/Config/] (level 5)
00:00:00.578782   First   <integer> = 0x0000000000000000 (0)
00:00:00.578783   Last    <integer> = 0x0000000000000000 (0)
00:00:00.578784   papLeds <integer> = 0x0000000004449760 (71 604 064)
00:00:00.578786 
00:00:00.578787 [/Devices/acpi/] (level 2)
00:00:00.578788 
00:00:00.578788 [/Devices/acpi/0/] (level 3)
00:00:00.578790   PCIBusNo      <integer> = 0x0000000000000000 (0)
00:00:00.578791   PCIDeviceNo   <integer> = 0x0000000000000007 (7)
00:00:00.578792   PCIFunctionNo <integer> = 0x0000000000000000 (0)
00:00:00.578793   Trusted       <integer> = 0x0000000000000001 (1)
00:00:00.578794 
00:00:00.578795 [/Devices/acpi/0/Config/] (level 4)
00:00:00.578797   CpuHotPlug          <integer> = 0x0000000000000000 (0)
00:00:00.578798   FdcEnabled          <integer> = 0x0000000000000000 (0)
00:00:00.578799   HostBusPciAddress   <integer> = 0x0000000000000000 (0)
00:00:00.578800   HpetEnabled         <integer> = 0x0000000000000000 (0)
00:00:00.578802   IOAPIC              <integer> = 0x0000000000000001 (1)
00:00:00.578803   IocPciAddress       <integer> = 0x0000000000010000 (65 536)
00:00:00.578805   NumCPUs             <integer> = 0x0000000000000001 (1)
00:00:00.578806   Parallel0IoPortBase <integer> = 0x0000000000000000 (0)
00:00:00.578807   Parallel0Irq        <integer> = 0x0000000000000000 (0)
00:00:00.578809   Parallel1IoPortBase <integer> = 0x0000000000000000 (0)
00:00:00.578810   Parallel1Irq        <integer> = 0x0000000000000000 (0)
00:00:00.578811   Serial0IoPortBase   <integer> = 0x0000000000000000 (0)
00:00:00.578812   Serial0Irq          <integer> = 0x0000000000000000 (0)
00:00:00.578814   Serial1IoPortBase   <integer> = 0x0000000000000000 (0)
00:00:00.578815   Serial1Irq          <integer> = 0x0000000000000000 (0)
00:00:00.578816   ShowCpu             <integer> = 0x0000000000000001 (1)
00:00:00.578817   ShowRtc             <integer> = 0x0000000000000000 (0)
00:00:00.578819   SmcEnabled          <integer> = 0x0000000000000000 (0)
00:00:00.578820 
00:00:00.578820 [/Devices/acpi/0/LUN#0/] (level 4)
00:00:00.578822   Driver <string>  = "ACPIHost" (cb=9)
00:00:00.578823 
00:00:00.578823 [/Devices/acpi/0/LUN#0/Config/] (level 5)
00:00:00.578825 
00:00:00.578826 [/Devices/ahci/] (level 2)
00:00:00.578827 
00:00:00.578827 [/Devices/ahci/0/] (level 3)
00:00:00.578829   PCIBusNo      <integer> = 0x0000000000000000 (0)
00:00:00.578830   PCIDeviceNo   <integer> = 0x000000000000000d (13)
00:00:00.578831   PCIFunctionNo <integer> = 0x0000000000000000 (0)
00:00:00.578832   Trusted       <integer> = 0x0000000000000001 (1)
00:00:00.578834 
00:00:00.578834 [/Devices/ahci/0/Config/] (level 4)
00:00:00.578836   Bootable  <integer> = 0x0000000000000001 (1)
00:00:00.578837   PortCount <integer> = 0x0000000000000001 (1)
00:00:00.578838 
00:00:00.578838 [/Devices/ahci/0/Config/Port0/] (level 5)
00:00:00.578840   Hotpluggable <integer> = 0x0000000000000000 (0)
00:00:00.578841 
00:00:00.578841 [/Devices/ahci/0/LUN#0/] (level 4)
00:00:00.578843   Driver <string>  = "VD" (cb=3)
00:00:00.578844 
00:00:00.578844 [/Devices/ahci/0/LUN#0/Config/] (level 5)
00:00:00.578847   BlockCache <integer> = 0x0000000000000001 (1)
00:00:00.578848   Format     <string>  = "VDI" (cb=4)
00:00:00.578849   Mountable  <integer> = 0x0000000000000000 (0)
00:00:00.578850   Path       <string>  = "C:\VirtualBox\VMs\ubuntu-server\ubuntu-server.vdi" (cb=50)
00:00:00.578851   Type       <string>  = "HardDisk" (cb=9)
00:00:00.578853   UseNewIo   <integer> = 0x0000000000000001 (1)
00:00:00.578854 
00:00:00.578854 [/Devices/ahci/0/LUN#999/] (level 4)
00:00:00.578856   Driver <string>  = "MainStatus" (cb=11)
00:00:00.578857 
00:00:00.578857 [/Devices/ahci/0/LUN#999/Config/] (level 5)
00:00:00.578859   DeviceInstance        <string>  = "ahci/0" (cb=7)
00:00:00.578860   First                 <integer> = 0x0000000000000000 (0)
00:00:00.578861   Last                  <integer> = 0x0000000000000000 (0)
00:00:00.578863   pConsole              <integer> = 0x0000000004448f50 (71 602 000)
00:00:00.578865   papLeds               <integer> = 0x0000000004449360 (71 603 040)
00:00:00.578866   pmapMediumAttachments <integer> = 0x0000000004449780 (71 604 096)
00:00:00.578868 
00:00:00.578869 [/Devices/apic/] (level 2)
00:00:00.578870 
00:00:00.578870 [/Devices/apic/0/] (level 3)
00:00:00.578872   Trusted <integer> = 0x0000000000000001 (1)
00:00:00.578873 
00:00:00.578873 [/Devices/apic/0/Config/] (level 4)
00:00:00.578875   IOAPIC  <integer> = 0x0000000000000001 (1)
00:00:00.578876   Mode    <integer> = 0x0000000000000003 (3)
00:00:00.578877   NumCPUs <integer> = 0x0000000000000001 (1)
00:00:00.578878 
00:00:00.578879 [/Devices/e1000/] (level 2)
00:00:00.578880 
00:00:00.578880 [/Devices/e1000/0/] (level 3)
00:00:00.578882   PCIBusNo      <integer> = 0x0000000000000000 (0)
00:00:00.578883   PCIDeviceNo   <integer> = 0x0000000000000003 (3)
00:00:00.578884   PCIFunctionNo <integer> = 0x0000000000000000 (0)
00:00:00.578885   Trusted       <integer> = 0x0000000000000001 (1)
00:00:00.578886 
00:00:00.578887 [/Devices/e1000/0/Config/] (level 4)
00:00:00.578888   AdapterType    <integer> = 0x0000000000000000 (0)
00:00:00.578889   CableConnected <integer> = 0x0000000000000001 (1)
00:00:00.578891   LineSpeed      <integer> = 0x0000000000000000 (0)
00:00:00.578892   MAC            <bytes>   = "08 00 27 47 0a 76" (cb=6)
00:00:00.578894 
00:00:00.578894 [/Devices/e1000/0/LUN#0/] (level 4)
00:00:00.578896   Driver <string>  = "NAT" (cb=4)
00:00:00.578897 
00:00:00.578897 [/Devices/e1000/0/LUN#0/Config/] (level 5)
00:00:00.578899   AliasMode       <integer> = 0x0000000000000000 (0)
00:00:00.578900   BootFile        <string>  = "server.pxe" (cb=11)
00:00:00.578902   DNSProxy        <integer> = 0x0000000000000000 (0)
00:00:00.578903   Network         <string>  = "10.0.2.0/24" (cb=12)
00:00:00.578904   PassDomain      <integer> = 0x0000000000000001 (1)
00:00:00.578905   TFTPPrefix      <string>  = "C:\Users\APADMIN\.VirtualBox\TFTP" (cb=34)
00:00:00.578907   UseHostResolver <integer> = 0x0000000000000000 (0)
00:00:00.578908 
00:00:00.578908 [/Devices/e1000/0/LUN#0/Config/PortForwarding/] (level 6)
00:00:00.578910 
00:00:00.578911 [/Devices/e1000/0/LUN#0/Config/PortForwarding/0/] (level 7)
00:00:00.578913   GuestPort <integer> = 0x0000000000000bb8 (3 000)
00:00:00.578914   HostPort  <integer> = 0x0000000000000bb8 (3 000)
00:00:00.578916   Name      <string>  = "backend" (cb=8)
00:00:00.578917   Protocol  <string>  = "TCP" (cb=4)
00:00:00.578918 
00:00:00.578918 [/Devices/e1000/0/LUN#0/Config/PortForwarding/1/] (level 7)
00:00:00.578920   GuestPort <integer> = 0x0000000000001f40 (8 000)
00:00:00.578922   HostPort  <integer> = 0x0000000000001f40 (8 000)
00:00:00.578923   Name      <string>  = "frontend" (cb=9)
00:00:00.578924   Protocol  <string>  = "TCP" (cb=4)
00:00:00.578925 
00:00:00.578926 [/Devices/e1000/0/LUN#0/Config/PortForwarding/2/] (level 7)
00:00:00.578928   GuestPort <integer> = 0x0000000000000016 (22)
00:00:00.578929   HostPort  <integer> = 0x00000000000008ae (2 222)
00:00:00.578930   Name      <string>  = "ftp" (cb=4)
00:00:00.578931   Protocol  <string>  = "TCP" (cb=4)
00:00:00.578932 
00:00:00.578932 [/Devices/e1000/0/LUN#999/] (level 4)
00:00:00.578934   Driver <string>  = "MainStatus" (cb=11)
00:00:00.578935 
00:00:00.578935 [/Devices/e1000/0/LUN#999/Config/] (level 5)
00:00:00.578937   First   <integer> = 0x0000000000000000 (0)
00:00:00.578938   Last    <integer> = 0x0000000000000000 (0)
00:00:00.578939   papLeds <integer> = 0x0000000004449640 (71 603 776)
00:00:00.578941 
00:00:00.578941 [/Devices/i8254/] (level 2)
00:00:00.578943 
00:00:00.578943 [/Devices/i8254/0/] (level 3)
00:00:00.578944 
00:00:00.578945 [/Devices/i8254/0/Config/] (level 4)
00:00:00.578946 
00:00:00.578947 [/Devices/i8259/] (level 2)
00:00:00.578948 
00:00:00.578948 [/Devices/i8259/0/] (level 3)
00:00:00.578950   Trusted <integer> = 0x0000000000000001 (1)
00:00:00.578951 
00:00:00.578951 [/Devices/i8259/0/Config/] (level 4)
00:00:00.578953 
00:00:00.578953 [/Devices/ichac97/] (level 2)
00:00:00.578954 
00:00:00.578955 [/Devices/ichac97/0/] (level 3)
00:00:00.578956   PCIBusNo      <integer> = 0x0000000000000000 (0)
00:00:00.578957   PCIDeviceNo   <integer> = 0x0000000000000005 (5)
00:00:00.578959   PCIFunctionNo <integer> = 0x0000000000000000 (0)
00:00:00.578960   Trusted       <integer> = 0x0000000000000001 (1)
00:00:00.578961 
00:00:00.578961 [/Devices/ichac97/0/AudioConfig/] (level 4)
00:00:00.578963 
00:00:00.578963 [/Devices/ichac97/0/Config/] (level 4)
00:00:00.578965   Codec        <string>  = "AD1980" (cb=7)
00:00:00.578966   DebugEnabled <integer> = 0x0000000000000000 (0)
00:00:00.578967   DebugPathOut <string>  = "" (cb=1)
00:00:00.578968 
00:00:00.578969 [/Devices/ichac97/0/LUN#0/] (level 4)
00:00:00.578970   Driver <string>  = "AUDIO" (cb=6)
00:00:00.578971 
00:00:00.578972 [/Devices/ichac97/0/LUN#0/AttachedDriver/] (level 5)
00:00:00.578973   Driver <string>  = "DSoundAudio" (cb=12)
00:00:00.578974 
00:00:00.578975 [/Devices/ichac97/0/LUN#0/AttachedDriver/Config/] (level 6)
00:00:00.578977   StreamName <string>  = "server" (cb=7)
00:00:00.578978 
00:00:00.578978 [/Devices/ichac97/0/LUN#0/Config/] (level 5)
00:00:00.578980   BufferSizeMs    <integer> = 0x0000000000000000 (0)
00:00:00.578981   DriverName      <string>  = "DSoundAudio" (cb=12)
00:00:00.578982   InputEnabled    <integer> = 0x0000000000000000 (0)
00:00:00.578984   OutputEnabled   <integer> = 0x0000000000000001 (1)
00:00:00.578985   PeriodSizeMs    <integer> = 0x0000000000000000 (0)
00:00:00.578986   PreBufferSizeMs <integer> = 0x00000000ffffffff (4 294 967 295)
00:00:00.578988 
00:00:00.578988 [/Devices/ichac97/0/LUN#1/] (level 4)
00:00:00.578990   Driver <string>  = "AUDIO" (cb=6)
00:00:00.578991 
00:00:00.578991 [/Devices/ioapic/] (level 2)
00:00:00.578992 
00:00:00.578993 [/Devices/ioapic/0/] (level 3)
00:00:00.578994   Trusted <integer> = 0x0000000000000001 (1)
00:00:00.578995 
00:00:00.578995 [/Devices/ioapic/0/Config/] (level 4)
00:00:00.578997   NumCPUs <integer> = 0x0000000000000001 (1)
00:00:00.578998 
00:00:00.578998 [/Devices/mc146818/] (level 2)
00:00:00.579000 
00:00:00.579000 [/Devices/mc146818/0/] (level 3)
00:00:00.579002 
00:00:00.579002 [/Devices/mc146818/0/Config/] (level 4)
00:00:00.579004   UseUTC <integer> = 0x0000000000000001 (1)
00:00:00.579005 
00:00:00.579005 [/Devices/parallel/] (level 2)
00:00:00.579006 
00:00:00.579007 [/Devices/pcarch/] (level 2)
00:00:00.579008 
00:00:00.579008 [/Devices/pcarch/0/] (level 3)
00:00:00.579010   Trusted <integer> = 0x0000000000000001 (1)
00:00:00.579011 
00:00:00.579011 [/Devices/pcarch/0/Config/] (level 4)
00:00:00.579013 
00:00:00.579013 [/Devices/pcbios/] (level 2)
00:00:00.579014 
00:00:00.579015 [/Devices/pcbios/0/] (level 3)
00:00:00.579016   Trusted <integer> = 0x0000000000000001 (1)
00:00:00.579017 
00:00:00.579017 [/Devices/pcbios/0/Config/] (level 4)
00:00:00.579020   APIC               <integer> = 0x0000000000000001 (1)
00:00:00.579021   BootDevice0        <string>  = "FLOPPY" (cb=7)
00:00:00.579022   BootDevice1        <string>  = "DVD" (cb=4)
00:00:00.579023   BootDevice2        <string>  = "IDE" (cb=4)
00:00:00.579025   BootDevice3        <string>  = "NONE" (cb=5)
00:00:00.579026   FloppyDevice       <string>  = "i82078" (cb=7)
00:00:00.579027   HardDiskDevice     <string>  = "piix3ide" (cb=9)
00:00:00.579028   IOAPIC             <integer> = 0x0000000000000001 (1)
00:00:00.579029   McfgBase           <integer> = 0x0000000000000000 (0)
00:00:00.579031   McfgLength         <integer> = 0x0000000000000000 (0)
00:00:00.579032   NumCPUs            <integer> = 0x0000000000000001 (1)
00:00:00.579033   PXEDebug           <integer> = 0x0000000000000000 (0)
00:00:00.579035   SataHardDiskDevice <string>  = "ahci" (cb=5)
00:00:00.579036   SataLUN1           <integer> = 0x0000000000000000 (0)
00:00:00.579037   UUID               <bytes>   = "6d 20 68 92 79 05 c4 4e a0 bb b1 b3 7d 64 bf ec" (cb=16)
00:00:00.579056 
00:00:00.579057 [/Devices/pcbios/0/Config/NetBoot/] (level 5)
00:00:00.579058 
00:00:00.579059 [/Devices/pcbios/0/Config/NetBoot/0/] (level 6)
00:00:00.579061   NIC           <integer> = 0x0000000000000000 (0)
00:00:00.579062   PCIBusNo      <integer> = 0x0000000000000000 (0)
00:00:00.579064   PCIDeviceNo   <integer> = 0x0000000000000003 (3)
00:00:00.579065   PCIFunctionNo <integer> = 0x0000000000000000 (0)
00:00:00.579066 
00:00:00.579066 [/Devices/pci/] (level 2)
00:00:00.579067 
00:00:00.579068 [/Devices/pci/0/] (level 3)
00:00:00.579069   Trusted <integer> = 0x0000000000000001 (1)
00:00:00.579070 
00:00:00.579071 [/Devices/pci/0/Config/] (level 4)
00:00:00.579072   IOAPIC <integer> = 0x0000000000000001 (1)
00:00:00.579073 
00:00:00.579074 [/Devices/pcibridge/] (level 2)
00:00:00.579075 
00:00:00.579076 [/Devices/pckbd/] (level 2)
00:00:00.579077 
00:00:00.579077 [/Devices/pckbd/0/] (level 3)
00:00:00.579079   Trusted <integer> = 0x0000000000000001 (1)
00:00:00.579080 
00:00:00.579080 [/Devices/pckbd/0/Config/] (level 4)
00:00:00.579081 
00:00:00.579082 [/Devices/pckbd/0/LUN#0/] (level 4)
00:00:00.579083   Driver <string>  = "KeyboardQueue" (cb=14)
00:00:00.579084 
00:00:00.579085 [/Devices/pckbd/0/LUN#0/AttachedDriver/] (level 5)
00:00:00.579086   Driver <string>  = "MainKeyboard" (cb=13)
00:00:00.579087 
00:00:00.579088 [/Devices/pckbd/0/LUN#0/AttachedDriver/Config/] (level 6)
00:00:00.579090   Object <integer> = 0x000000000444e170 (71 623 024)
00:00:00.579091 
00:00:00.579092 [/Devices/pckbd/0/LUN#0/Config/] (level 5)
00:00:00.579093   QueueSize <integer> = 0x0000000000000040 (64)
00:00:00.579095 
00:00:00.579095 [/Devices/pckbd/0/LUN#1/] (level 4)
00:00:00.579097   Driver <string>  = "MouseQueue" (cb=11)
00:00:00.579098 
00:00:00.579098 [/Devices/pckbd/0/LUN#1/AttachedDriver/] (level 5)
00:00:00.579100   Driver <string>  = "MainMouse" (cb=10)
00:00:00.579101 
00:00:00.579101 [/Devices/pckbd/0/LUN#1/AttachedDriver/Config/] (level 6)
00:00:00.579103   Object <integer> = 0x000000000444e7e0 (71 624 672)
00:00:00.579104 
00:00:00.579105 [/Devices/pckbd/0/LUN#1/Config/] (level 5)
00:00:00.579107   QueueSize <integer> = 0x0000000000000080 (128)
00:00:00.579108 
00:00:00.579108 [/Devices/pcnet/] (level 2)
00:00:00.579110 
00:00:00.579110 [/Devices/piix3ide/] (level 2)
00:00:00.579111 
00:00:00.579112 [/Devices/piix3ide/0/] (level 3)
00:00:00.579113   PCIBusNo      <integer> = 0x0000000000000000 (0)
00:00:00.579115   PCIDeviceNo   <integer> = 0x0000000000000001 (1)
00:00:00.579116   PCIFunctionNo <integer> = 0x0000000000000001 (1)
00:00:00.579117   Trusted       <integer> = 0x0000000000000001 (1)
00:00:00.579118 
00:00:00.579118 [/Devices/piix3ide/0/Config/] (level 4)
00:00:00.579120   Type <string>  = "PIIX4" (cb=6)
00:00:00.579121 
00:00:00.579121 [/Devices/piix3ide/0/LUN#2/] (level 4)
00:00:00.579123   Driver <string>  = "VD" (cb=3)
00:00:00.579124 
00:00:00.579124 [/Devices/piix3ide/0/LUN#2/Config/] (level 5)
00:00:00.579126   EmptyDrive <integer> = 0x0000000000000001 (1)
00:00:00.579127   Mountable  <integer> = 0x0000000000000001 (1)
00:00:00.579128   Type       <string>  = "DVD" (cb=4)
00:00:00.579129 
00:00:00.579130 [/Devices/piix3ide/0/LUN#999/] (level 4)
00:00:00.579131   Driver <string>  = "MainStatus" (cb=11)
00:00:00.579132 
00:00:00.579133 [/Devices/piix3ide/0/LUN#999/Config/] (level 5)
00:00:00.579135   DeviceInstance        <string>  = "piix3ide/0" (cb=11)
00:00:00.579136   First                 <integer> = 0x0000000000000000 (0)
00:00:00.579137   Last                  <integer> = 0x0000000000000003 (3)
00:00:00.579139   pConsole              <integer> = 0x0000000004448f50 (71 602 000)
00:00:00.579140   papLeds               <integer> = 0x0000000004449340 (71 603 008)
00:00:00.579142   pmapMediumAttachments <integer> = 0x0000000004449780 (71 604 096)
00:00:00.579144 
00:00:00.579144 [/Devices/serial/] (level 2)
00:00:00.579146 
00:00:00.579146 [/Devices/usb-ohci/] (level 2)
00:00:00.579147 
00:00:00.579148 [/Devices/usb-ohci/0/] (level 3)
00:00:00.579149   PCIBusNo      <integer> = 0x0000000000000000 (0)
00:00:00.579150   PCIDeviceNo   <integer> = 0x0000000000000006 (6)
00:00:00.579151   PCIFunctionNo <integer> = 0x0000000000000000 (0)
00:00:00.579152   Trusted       <integer> = 0x0000000000000001 (1)
00:00:00.579154 
00:00:00.579154 [/Devices/usb-ohci/0/Config/] (level 4)
00:00:00.579156 
00:00:00.579156 [/Devices/usb-ohci/0/LUN#0/] (level 4)
00:00:00.579157   Driver <string>  = "VUSBRootHub" (cb=12)
00:00:00.579158 
00:00:00.579159 [/Devices/usb-ohci/0/LUN#0/Config/] (level 5)
00:00:00.579161 
00:00:00.579161 [/Devices/usb-ohci/0/LUN#999/] (level 4)
00:00:00.579162   Driver <string>  = "MainStatus" (cb=11)
00:00:00.579163 
00:00:00.579164 [/Devices/usb-ohci/0/LUN#999/Config/] (level 5)
00:00:00.579166   First   <integer> = 0x0000000000000000 (0)
00:00:00.579167   Last    <integer> = 0x0000000000000000 (0)
00:00:00.579168   papLeds <integer> = 0x0000000004449768 (71 604 072)
00:00:00.579169 
00:00:00.579170 [/Devices/vga/] (level 2)
00:00:00.579171 
00:00:00.579171 [/Devices/vga/0/] (level 3)
00:00:00.579173   PCIBusNo      <integer> = 0x0000000000000000 (0)
00:00:00.579174   PCIDeviceNo   <integer> = 0x0000000000000002 (2)
00:00:00.579175   PCIFunctionNo <integer> = 0x0000000000000000 (0)
00:00:00.579176   Trusted       <integer> = 0x0000000000000001 (1)
00:00:00.579177 
00:00:00.579178 [/Devices/vga/0/Config/] (level 4)
00:00:00.579180   CustomVideoModes <integer> = 0x0000000000000000 (0)
00:00:00.579181   FadeIn           <integer> = 0x0000000000000001 (1)
00:00:00.579182   FadeOut          <integer> = 0x0000000000000001 (1)
00:00:00.579183   HeightReduction  <integer> = 0x0000000000000000 (0)
00:00:00.579184   LogoFile         <string>  = "" (cb=1)
00:00:00.579186   LogoTime         <integer> = 0x0000000000000000 (0)
00:00:00.579187   MonitorCount     <integer> = 0x0000000000000001 (1)
00:00:00.579188   ShowBootMenu     <integer> = 0x0000000000000002 (2)
00:00:00.579189   VRamSize         <integer> = 0x0000000001000000 (16 777 216, 16 MB)
00:00:00.579191 
00:00:00.579192 [/Devices/vga/0/LUN#0/] (level 4)
00:00:00.579193   Driver <string>  = "MainDisplay" (cb=12)
00:00:00.579194 
00:00:00.579195 [/Devices/vga/0/LUN#0/Config/] (level 5)
00:00:00.579196   Object <integer> = 0x000000000444f080 (71 626 880)
00:00:00.579198 
00:00:00.579198 [/Devices/vga/0/LUN#999/] (level 4)
00:00:00.579200   Driver <string>  = "MainStatus" (cb=11)
00:00:00.579201 
00:00:00.579201 [/Devices/vga/0/LUN#999/Config/] (level 5)
00:00:00.579203   First   <integer> = 0x0000000000000000 (0)
00:00:00.579204   Last    <integer> = 0x0000000000000000 (0)
00:00:00.579205   papLeds <integer> = 0x0000000004449778 (71 604 088)
00:00:00.579206 
00:00:00.579207 [/Devices/virtio-net/] (level 2)
00:00:00.579208 
00:00:00.579209 [/EM/] (level 1)
00:00:00.579210   TripleFaultReset <integer> = 0x0000000000000000 (0)
00:00:00.579211 
00:00:00.579211 [/GIM/] (level 1)
00:00:00.579212   Provider <string>  = "KVM" (cb=4)
00:00:00.579213 
00:00:00.579214 [/HM/] (level 1)
00:00:00.579215   64bitEnabled       <integer> = 0x0000000000000001 (1)
00:00:00.579216   EnableLargePages   <integer> = 0x0000000000000001 (1)
00:00:00.579218   EnableNestedPaging <integer> = 0x0000000000000001 (1)
00:00:00.579219   EnableUX           <integer> = 0x0000000000000001 (1)
00:00:00.579220   EnableVPID         <integer> = 0x0000000000000001 (1)
00:00:00.579221   Exclusive          <integer> = 0x0000000000000000 (0)
00:00:00.579222   HMForced           <integer> = 0x0000000000000001 (1)
00:00:00.579224   IBPBOnVMEntry      <integer> = 0x0000000000000000 (0)
00:00:00.579225   IBPBOnVMExit       <integer> = 0x0000000000000000 (0)
00:00:00.579226   L1DFlushOnSched    <integer> = 0x0000000000000001 (1)
00:00:00.579227   L1DFlushOnVMEntry  <integer> = 0x0000000000000000 (0)
00:00:00.579229   SpecCtrlByHost     <integer> = 0x0000000000000000 (0)
00:00:00.579230 
00:00:00.579230 [/MM/] (level 1)
00:00:00.579231   CanUseLargerHeap <integer> = 0x0000000000000000 (0)
00:00:00.579232 
00:00:00.579233 [/PDM/] (level 1)
00:00:00.579234 
00:00:00.579234 [/PDM/AsyncCompletion/] (level 2)
00:00:00.579235 
00:00:00.579236 [/PDM/AsyncCompletion/File/] (level 3)
00:00:00.579237 
00:00:00.579238 [/PDM/AsyncCompletion/File/BwGroups/] (level 4)
00:00:00.579239 
00:00:00.579240 [/PDM/BlkCache/] (level 2)
00:00:00.579241   CacheSize <integer> = 0x0000000000500000 (5 242 880, 5 MB)
00:00:00.579243 
00:00:00.579244 [/PDM/Devices/] (level 2)
00:00:00.579245 
00:00:00.579245 [/PDM/Drivers/] (level 2)
00:00:00.579246 
00:00:00.579247 [/PDM/Drivers/VBoxC/] (level 3)
00:00:00.579248   Path <string>  = "VBoxC" (cb=6)
00:00:00.579249 
00:00:00.579249 [/PDM/NetworkShaper/] (level 2)
00:00:00.579251 
00:00:00.579251 [/PDM/NetworkShaper/BwGroups/] (level 3)
00:00:00.579253 
00:00:00.579253 [/TM/] (level 1)
00:00:00.579254   UTCOffset <integer> = 0x0000000000000000 (0)
00:00:00.579255 
00:00:00.579256 [/USB/] (level 1)
00:00:00.579257 
00:00:00.579257 [/USB/HidMouse/] (level 2)
00:00:00.579258 
00:00:00.579259 [/USB/HidMouse/0/] (level 3)
00:00:00.579260 
00:00:00.579261 [/USB/HidMouse/0/Config/] (level 4)
00:00:00.579262   Mode <string>  = "absolute" (cb=9)
00:00:00.579263 
00:00:00.579263 [/USB/HidMouse/0/LUN#0/] (level 4)
00:00:00.579265   Driver <string>  = "MouseQueue" (cb=11)
00:00:00.579266 
00:00:00.579266 [/USB/HidMouse/0/LUN#0/AttachedDriver/] (level 5)
00:00:00.579268   Driver <string>  = "MainMouse" (cb=10)
00:00:00.579269 
00:00:00.579269 [/USB/HidMouse/0/LUN#0/AttachedDriver/Config/] (level 6)
00:00:00.579271   Object <integer> = 0x000000000444e7e0 (71 624 672)
00:00:00.579273 
00:00:00.579273 [/USB/HidMouse/0/LUN#0/Config/] (level 5)
00:00:00.579275   QueueSize <integer> = 0x0000000000000080 (128)
00:00:00.579276 
00:00:00.579277 [/USB/USBProxy/] (level 2)
00:00:00.579278 
00:00:00.579278 [/USB/USBProxy/GlobalConfig/] (level 3)
00:00:00.579280 
00:00:00.579281 ********************* End of CFGM dump **********************
00:00:00.579301 VM: fHMEnabled=true  (configured) fRecompileUser=false fRecompileSupervisor=false
00:00:00.579303 VM: fRawRing1Enabled=false CSAM=true  PATM=true 
00:00:00.579457 HM: HMR3Init: VT-x w/ nested paging and unrestricted guest execution hw support
00:00:00.579562 MM: cbHyperHeap=0x100000 (1048576)
00:00:00.580676 CPUM: fXStateHostMask=0x7; initial: 0x7; host XCR0=0x7
00:00:00.581736 CPUM: Matched host CPU INTEL 0x6/0x3a/0x9 Intel_Core7_IvyBridge with CPU DB entry 'Intel Core i5-3570' (INTEL 0x6/0x3a/0x9 Intel_Core7_IvyBridge)
00:00:00.581790 CPUM: MXCSR_MASK=0xffff (host: 0xffff)
00:00:00.581810 CPUM: Microcode revision 0x00000012
00:00:00.583149 PGM: HCPhysInterPD=00000000cf513000 HCPhysInterPaePDPT=00000000cf510000 HCPhysInterPaePML4=00000000cf50e000
00:00:00.583166 PGM: apInterPTs={00000000cf512000,00000000cf511000} apInterPaePTs={00000001b1b26000,00000000b4c27000} apInterPaePDs={0000000010b28000,00000001b9d29000,000000007d2aa000,000000001152b000} pInterPaePDPT64=00000000cf50f000
00:00:00.583217 PGM: Host paging mode: AMD64+PGE+NX
00:00:00.583235 PGM: PGMPool: cMaxPages=560 (u64MaxPages=545)
00:00:00.583242 PGM: pgmR3PoolInit: cMaxPages=0x230 cMaxUsers=0x460 cMaxPhysExts=0x460 fCacheEnable=true 
00:00:00.596483 TM: GIP - u32Mode=3 (Invariant) u32UpdateHz=100 u32UpdateIntervalNS=10000000 enmUseTscDelta=2 (Pratically Zero) fGetGipCpu=0x1 cCpus=8
00:00:00.596519 TM: GIP - u64CpuHz=3 500 024 594 (0xd09e2312)  SUPGetCpuHzFromGip => 3 500 024 594
00:00:00.596529 TM: GIP - CPU: iCpuSet=0x0 idCpu=0x0 idApic=0x0 iGipCpu=0x0 i64TSCDelta=0 enmState=3 u64CpuHz=3500024594(*) cErrors=0
00:00:00.596537 TM: GIP - CPU: iCpuSet=0x1 idCpu=0x1 idApic=0x1 iGipCpu=0x4 i64TSCDelta=0 enmState=3 u64CpuHz=3500028429(*) cErrors=0
00:00:00.596545 TM: GIP - CPU: iCpuSet=0x2 idCpu=0x2 idApic=0x2 iGipCpu=0x3 i64TSCDelta=0 enmState=3 u64CpuHz=3500041448(*) cErrors=0
00:00:00.596552 TM: GIP - CPU: iCpuSet=0x3 idCpu=0x3 idApic=0x3 iGipCpu=0x6 i64TSCDelta=0 enmState=3 u64CpuHz=3500026949(*) cErrors=0
00:00:00.596558 TM: GIP - CPU: iCpuSet=0x4 idCpu=0x4 idApic=0x4 iGipCpu=0x1 i64TSCDelta=0 enmState=3 u64CpuHz=3499914037(*) cErrors=0
00:00:00.596565 TM: GIP - CPU: iCpuSet=0x5 idCpu=0x5 idApic=0x5 iGipCpu=0x5 i64TSCDelta=0 enmState=3 u64CpuHz=3500028882(*) cErrors=0
00:00:00.596572 TM: GIP - CPU: iCpuSet=0x6 idCpu=0x6 idApic=0x6 iGipCpu=0x7 i64TSCDelta=0 enmState=3 u64CpuHz=3500026536(*) cErrors=0
00:00:00.596583 TM: GIP - CPU: iCpuSet=0x7 idCpu=0x7 idApic=0x7 iGipCpu=0x2 i64TSCDelta=0 enmState=3 u64CpuHz=3500097968(*) cErrors=0
00:00:00.596641 TM: cTSCTicksPerSecond=3 500 024 594 (0xd09e2312) enmTSCMode=3 (Dynamic)
00:00:00.596644 TM: TSCTiedToExecution=false TSCNotTiedToHalt=false
00:00:00.597491 VMM: CoreCode: R3=0000000004190000 R0=XXXXXXXXXXXXXXXX RC=a055b000 Phys=00000000cf4f3000 cb=0x1000
00:00:00.597798 IEM: TargetCpu=CURRENT, Microarch=Intel_Core7_IvyBridge
00:00:00.597961 GIM: Using provider 'KVM' (Implementation version: 0)
00:00:00.597978 CPUM: SetGuestCpuIdFeature: Enabled Hypervisor Present bit
00:00:00.598076 AIOMgr: Default manager type is 'Async'
00:00:00.598091 AIOMgr: Default file backend is 'NonBuffered'
00:00:00.598600 BlkCache: Cache successfully initialized. Cache size is 5242880 bytes
00:00:00.598624 BlkCache: Cache commit interval is 10000 ms
00:00:00.598632 BlkCache: Cache commit threshold is 2621440 bytes
00:00:00.904952 PcBios: [SMP] BIOS with 1 CPUs
00:00:00.904995 PcBios: Using the 386+ BIOS image.
00:00:00.905138 PcBios: MPS table at 000e1300
00:00:00.906398 PcBios: fCheckShutdownStatusForSoftReset=true   fClearShutdownStatusOnHardReset=true 
00:00:00.923777 SUP: Loaded VBoxDDR0.r0 (C:\Program Files\Oracle\VirtualBox\VBoxDDR0.r0) at 0xXXXXXXXXXXXXXXXX - ModuleInit at XXXXXXXXXXXXXXXX and ModuleTerm at XXXXXXXXXXXXXXXX using the native ring-0 loader
00:00:00.923797 SUP: windbg> .reload /f C:\Program Files\Oracle\VirtualBox\VBoxDDR0.r0=0xXXXXXXXXXXXXXXXX
00:00:00.924130 CPUM: SetGuestCpuIdFeature: Enabled xAPIC
00:00:00.924144 CPUM: SetGuestCpuIdFeature: Enabled x2APIC
00:00:00.924724 IOAPIC: Using implementation 2.0!
00:00:00.924810 PIT: mode=3 count=0x10000 (65536) - 18.20 Hz (ch=0)
00:00:00.939573 Shared Folders service loaded
00:00:00.945677 VGA: Using the 386+ BIOS image.
00:00:00.947246 DrvVD: Flushes will be ignored
00:00:00.947270 DrvVD: Async flushes will be passed to the disk
00:00:00.949099 VD: VDInit finished with VINF_SUCCESS
00:00:00.953089 AIOMgr: Endpoint for file 'C:\VirtualBox\VMs\ubuntu-server\ubuntu-server.vdi' (flags 000c0723) created successfully
00:00:00.984771 VD: Opening the disk took 35671125 ns
00:00:00.984886 AHCI: LUN#0: disk, PCHS=16383/16/63, total number of sectors 83886080
00:00:00.985334 AHCI#0: Reset the HBA
00:00:00.985353 VD#0: Cancelling all active requests
00:00:00.985823 PIIX3 ATA: LUN#0: no unit
00:00:00.985844 PIIX3 ATA: LUN#1: no unit
00:00:00.986104 DrvVD: Flushes will be ignored
00:00:00.986120 DrvVD: Async flushes will be passed to the disk
00:00:00.986339 PIIX3 ATA: LUN#2: CD/DVD, total number of sectors 0, passthrough disabled
00:00:00.986366 PIIX3 ATA: LUN#3: no unit
00:00:00.986416 PIIX3 ATA: Ctl#0: finished processing RESET
00:00:00.986472 PIIX3 ATA: Ctl#1: finished processing RESET
00:00:00.986567 E1000#0 Chip=82540EM LinkUpDelay=3000ms EthernetCRC=on GSO=enabled Itr=disabled ItrRx=enabled TID=disabled R0=enabled GC=enabled
00:00:00.995823 NAT: Guest address guess set to 10.0.2.15 by initialization
00:00:01.030958 NAT: DNS#0: 168.126.63.1
00:00:01.030982 NAT: DNS#1: 168.126.63.2
00:00:01.053379 NAT: Set redirect TCP 0.0.0.0:3000 -> 0.0.0.0:3000
00:00:01.053493 NAT: Set redirect TCP 0.0.0.0:8000 -> 0.0.0.0:8000
00:00:01.053597 NAT: Set redirect TCP 0.0.0.0:2222 -> 0.0.0.0:22
00:00:01.055131 Audio: Initializing DirectSound audio driver
00:00:01.127879 AC97: Reset
00:00:01.128644 VUSB: Attached 'HidMouse' to port 1 on RootHub#0 (FullSpeed)
00:00:01.128722 PGM: The CPU physical address width is 36 bits
00:00:01.128734 PGM: PGMR3InitFinalize: 4 MB PSE mask 0000000fffffffff
00:00:01.128988 TM: TMR3InitFinalize: fTSCModeSwitchAllowed=true 
00:00:01.159854 VMM: Thread-context hooks unavailable
00:00:01.160718 HM: fWorldSwitcher=0x0 (fIbpbOnVmExit=0 fIbpbOnVmEntry=0 fL1dFlushOnVmEntry=0); fL1dFlushOnSched=0
00:00:01.160742 HM: Using VT-x implementation 2.0
00:00:01.160743 HM: Host CR4                        = 0x506f8
00:00:01.160745 HM: Host EFER                       = 0xd01
00:00:01.160746 HM: MSR_IA32_SMM_MONITOR_CTL        = 0x0
00:00:01.160747 HM: MSR_IA32_FEATURE_CONTROL        = 0x5
00:00:01.160747 HM: MSR_IA32_VMX_BASIC_INFO         = 0xda040000000010
00:00:01.160749 HM:   VMCS id                         = 0x10
00:00:01.160750 HM:   VMCS size                       = 1024 bytes
00:00:01.160751 HM:   VMCS physical address limit     = None
00:00:01.160754 HM:   VMCS memory type                = 0x6
00:00:01.160756 HM:   Dual-monitor treatment support  = true 
00:00:01.160758 HM:   OUTS & INS instruction-info     = true 
00:00:01.160758 HM:   Supports true capability MSRs   = true 
00:00:01.160759 HM: Max resume loops                = 1024
00:00:01.160760 HM: MSR_IA32_VMX_PINBASED_CTLS      = 0x7f00000016
00:00:01.160761 HM:   EXT_INT_EXIT
00:00:01.160762 HM:   NMI_EXIT
00:00:01.160763 HM:   VIRTUAL_NMI
00:00:01.160763 HM:   PREEMPT_TIMER
00:00:01.160764 HM:   POSTED_INTR (must be cleared)
00:00:01.160764 HM: MSR_IA32_VMX_PROCBASED_CTLS     = 0xfff9fffe0401e172
00:00:01.160766 HM:   INT_WINDOW_EXIT
00:00:01.160766 HM:   USE_TSC_OFFSETTING
00:00:01.160767 HM:   HLT_EXIT
00:00:01.160767 HM:   INVLPG_EXIT
00:00:01.160768 HM:   MWAIT_EXIT
00:00:01.160768 HM:   RDPMC_EXIT
00:00:01.160769 HM:   RDTSC_EXIT
00:00:01.160769 HM:   CR3_LOAD_EXIT (must be set)
00:00:01.160770 HM:   CR3_STORE_EXIT (must be set)
00:00:01.160770 HM:   CR8_LOAD_EXIT
00:00:01.160771 HM:   CR8_STORE_EXIT
00:00:01.160771 HM:   USE_TPR_SHADOW
00:00:01.160772 HM:   NMI_WINDOW_EXIT
00:00:01.160772 HM:   MOV_DR_EXIT
00:00:01.160773 HM:   UNCOND_IO_EXIT
00:00:01.160773 HM:   USE_IO_BITMAPS
00:00:01.160774 HM:   MONITOR_TRAP_FLAG
00:00:01.160774 HM:   USE_MSR_BITMAPS
00:00:01.160775 HM:   MONITOR_EXIT
00:00:01.160775 HM:   PAUSE_EXIT
00:00:01.160776 HM:   USE_SECONDARY_EXEC_CTRL
00:00:01.160777 HM: MSR_IA32_VMX_PROCBASED_CTLS2    = 0x8ff00000000
00:00:01.160778 HM:   VIRT_APIC
00:00:01.160778 HM:   EPT
00:00:01.160779 HM:   DESCRIPTOR_TABLE_EXIT
00:00:01.160779 HM:   RDTSCP
00:00:01.160780 HM:   VIRT_X2APIC
00:00:01.160780 HM:   VPID
00:00:01.160781 HM:   WBINVD_EXIT
00:00:01.160781 HM:   UNRESTRICTED_GUEST
00:00:01.160782 HM:   APIC_REG_VIRT (must be cleared)
00:00:01.160784 HM:   VIRT_INTR_DELIVERY (must be cleared)
00:00:01.160784 HM:   PAUSE_LOOP_EXIT (must be cleared)
00:00:01.160785 HM:   RDRAND_EXIT
00:00:01.160786 HM:   INVPCID (must be cleared)
00:00:01.160786 HM:   VMFUNC (must be cleared)
00:00:01.160787 HM:   VMCS_SHADOWING (must be cleared)
00:00:01.160788 HM:   ENCLS_EXIT (must be cleared)
00:00:01.160788 HM:   RDSEED_EXIT (must be cleared)
00:00:01.160789 HM:   PML (must be cleared)
00:00:01.160789 HM:   EPT_VE (must be cleared)
00:00:01.160791 HM:   CONCEAL_FROM_PT (must be cleared)
00:00:01.160792 HM:   XSAVES_XRSTORS (must be cleared)
00:00:01.160792 HM:   TSC_SCALING (must be cleared)
00:00:01.160793 HM: MSR_IA32_VMX_ENTRY_CTLS         = 0xffff000011ff
00:00:01.160794 HM:   LOAD_DEBUG (must be set)
00:00:01.160794 HM:   IA32E_MODE_GUEST
00:00:01.160795 HM:   ENTRY_SMM
00:00:01.160796 HM:   DEACTIVATE_DUALMON
00:00:01.160796 HM:   LOAD_GUEST_PERF_MSR
00:00:01.160797 HM:   LOAD_GUEST_PAT_MSR
00:00:01.160797 HM:   LOAD_GUEST_EFER_MSR
00:00:01.160798 HM: MSR_IA32_VMX_EXIT_CTLS          = 0x7fffff00036dff
00:00:01.160799 HM:   SAVE_DEBUG (must be set)
00:00:01.160800 HM:   HOST_ADDR_SPACE_SIZE
00:00:01.160800 HM:   LOAD_PERF_MSR
00:00:01.160801 HM:   ACK_EXT_INT
00:00:01.160801 HM:   SAVE_GUEST_PAT_MSR
00:00:01.160802 HM:   LOAD_HOST_PAT_MSR
00:00:01.160802 HM:   SAVE_GUEST_EFER_MSR
00:00:01.160803 HM:   LOAD_HOST_EFER_MSR
00:00:01.160803 HM:   SAVE_VMX_PREEMPT_TIMER
00:00:01.160804 HM: MSR_IA32_VMX_EPT_VPID_CAP       = 0xf0106114141
00:00:01.160805 HM:   RWX_X_ONLY
00:00:01.160805 HM:   PAGE_WALK_LENGTH_4
00:00:01.160806 HM:   EMT_UC
00:00:01.160806 HM:   EMT_WB
00:00:01.160807 HM:   PDE_2M
00:00:01.160807 HM:   INVEPT
00:00:01.160808 HM:   INVEPT_SINGLE_CONTEXT
00:00:01.160809 HM:   INVEPT_ALL_CONTEXTS
00:00:01.160809 HM:   INVVPID
00:00:01.160810 HM:   INVVPID_INDIV_ADDR
00:00:01.160810 HM:   INVVPID_SINGLE_CONTEXT
00:00:01.160811 HM:   INVVPID_ALL_CONTEXTS
00:00:01.160811 HM:   INVVPID_SINGLE_CONTEXT_RETAIN_GLOBALS
00:00:01.160812 HM: MSR_IA32_VMX_MISC               = 0x100401e5
00:00:01.160813 HM:   PREEMPT_TSC_BIT                 = 0x5
00:00:01.160813 HM:   STORE_EFERLMA_VMEXIT            = true 
00:00:01.160814 HM:   ACTIVITY_STATES                 = 0x7
00:00:01.160815 HM:   CR3_TARGET                      = 0x4
00:00:01.160815 HM:   MAX_MSR                         = 512
00:00:01.160816 HM:   RDMSR_SMBASE_MSR_SMM            = false
00:00:01.160817 HM:   SMM_MONITOR_CTL_B2              = true 
00:00:01.160818 HM:   VMWRITE_VMEXIT_INFO             = false
00:00:01.160818 HM:   MSEG_ID                         = 0x0
00:00:01.160819 HM: MSR_IA32_VMX_CR0_FIXED0         = 0x80000021
00:00:01.160820 HM: MSR_IA32_VMX_CR0_FIXED1         = 0xffffffff
00:00:01.160821 HM: MSR_IA32_VMX_CR4_FIXED0         = 0x2000
00:00:01.160822 HM: MSR_IA32_VMX_CR4_FIXED1         = 0x1767ff
00:00:01.160823 HM: MSR_IA32_VMX_VMCS_ENUM          = 0x2a
00:00:01.160824 HM:   HIGHEST_INDEX                   = 0x15
00:00:01.160824 HM: APIC-access page physaddr       = 0x00000000cf4f2000
00:00:01.160826 HM: VCPU  0: MSR bitmap physaddr    = 0x00000000cf4f0000
00:00:01.160827 HM: VCPU  0: VMCS physaddr          = 0x00000000cf4f1000
00:00:01.160829 HM: Guest support: 32-bit and 64-bit
00:00:01.160838 HM: Supports VMCS EFER fields       = true 
00:00:01.160840 HM: Enabled VMX
00:00:01.160842 CPUM: SetGuestCpuIdFeature: Enabled SYSENTER/EXIT
00:00:01.160843 CPUM: SetGuestCpuIdFeature: Enabled PAE
00:00:01.160844 CPUM: SetGuestCpuIdFeature: Enabled LONG MODE
00:00:01.160844 CPUM: SetGuestCpuIdFeature: Enabled SYSCALL/RET
00:00:01.160845 CPUM: SetGuestCpuIdFeature: Enabled LAHF/SAHF
00:00:01.160846 CPUM: SetGuestCpuIdFeature: Enabled NX
00:00:01.160846 HM: Enabled nested paging
00:00:01.160847 HM:   EPT flush type                = VMXFLUSHEPT_SINGLE_CONTEXT
00:00:01.160848 HM: Enabled unrestricted guest execution
00:00:01.160848 HM: Enabled large page support
00:00:01.160849 HM: Enabled VPID
00:00:01.160850 HM:   VPID flush type               = VMXFLUSHVPID_SINGLE_CONTEXT
00:00:01.160850 HM: Enabled VMX-preemption timer (cPreemptTimerShift=5)
00:00:01.160851 HM: VT-x/AMD-V init method: LOCAL
00:00:01.160852 VMM: fUsePeriodicPreemptionTimers=false
00:00:01.160913 CPUM: Logical host processors: 8 present, 8 max, 8 online, online mask: 00000000000000ff
00:00:01.160916 CPUM: Physical host cores: 4
00:00:01.160917 ************************* CPUID dump ************************
00:00:01.160924          Raw Standard CPUID Leaves
00:00:01.160924      Leaf/sub-leaf  eax      ebx      ecx      edx
00:00:01.160927 Gst: 00000000/0000  0000000d 756e6547 6c65746e 49656e69
00:00:01.160929 Hst:                0000000d 756e6547 6c65746e 49656e69
00:00:01.160931 Gst: 00000001/0000  000306a9 00000800 d6ba220b 078bfbff
00:00:01.160932 Hst:                000306a9 04100800 7fbae3ff bfebfbff
00:00:01.160934 Gst: 00000002/0000  76035a01 00f0b2ff 00000000 00ca0000
00:00:01.160935 Hst:                76035a01 00f0b2ff 00000000 00ca0000
00:00:01.160937 Gst: 00000003/0000  00000000 00000000 00000000 00000000
00:00:01.160938 Hst:                00000000 00000000 00000000 00000000
00:00:01.160939 Gst: 00000004/0000  00000121 01c0003f 0000003f 00000000
00:00:01.160940 Hst:                1c004121 01c0003f 0000003f 00000000
00:00:01.160942 Gst: 00000004/0001  00000122 01c0003f 0000003f 00000000
00:00:01.160943 Hst:                1c004122 01c0003f 0000003f 00000000
00:00:01.160945 Gst: 00000004/0002  00000143 01c0003f 000001ff 00000000
00:00:01.160946 Hst:                1c004143 01c0003f 000001ff 00000000
00:00:01.160947 Gst: 00000004/0003  00000163 03c0003f 00001fff 00000006
00:00:01.160949 Hst:                1c03c163 03c0003f 00001fff 00000006
00:00:01.160950 Gst: 00000004/0004  00000000 00000000 00000000 00000000
00:00:01.160951 Hst:                00000000 00000000 00000000 00000000
00:00:01.160952 Gst: 00000005/0000  00000040 00000040 00000000 00000000
00:00:01.160953 Hst:                00000040 00000040 00000003 00001120
00:00:01.160955 Gst: 00000006/0000  00000000 00000000 00000000 00000000
00:00:01.160956 Hst:                00000077 00000002 00000009 00000000
00:00:01.160957 Gst: 00000007/0000  00000000 00000001 00000000 00000000
00:00:01.160958 Hst:                00000000 00000281 00000000 00000000
00:00:01.160959 Gst: 00000007/0001  00000000 00000000 00000000 00000000
00:00:01.160960 Hst:                00000000 00000000 00000000 00000000
00:00:01.160961 Gst: 00000008/0000  00000000 00000000 00000000 00000000
00:00:01.160962 Hst:                00000000 00000000 00000000 00000000
00:00:01.160963 Gst: 00000009/0000  00000000 00000000 00000000 00000000
00:00:01.160964 Hst:                00000000 00000000 00000000 00000000
00:00:01.160965 Gst: 0000000a/0000  00000000 00000000 00000000 00000000
00:00:01.160966 Hst:                07300403 00000000 00000000 00000603
00:00:01.160967 Gst: 0000000b/0000  00000000 00000001 00000100 00000000
00:00:01.160968 Hst:                00000001 00000002 00000100 00000004
00:00:01.160970 Gst: 0000000b/0001  00000001 00000001 00000201 00000000
00:00:01.160971 Hst:                00000004 00000008 00000201 00000004
00:00:01.160972 Gst: 0000000b/0002  00000000 00000000 00000002 00000000
00:00:01.160973 Hst:                00000000 00000000 00000002 00000004
00:00:01.160974 Gst: 0000000c/0000  00000000 00000000 00000000 00000000
00:00:01.160975 Hst:                00000000 00000000 00000000 00000000
00:00:01.160976 Gst: 0000000d/0000  00000007 00000340 00000340 00000000
00:00:01.160977 Hst:                00000007 00000340 00000340 00000000
00:00:01.160978 Gst: 0000000d/0001  00000000 00000000 00000000 00000000
00:00:01.160979 Hst:                00000001 00000000 00000000 00000000
00:00:01.160980 Gst: 0000000d/0002  00000100 00000240 00000000 00000000
00:00:01.160981 Hst:                00000100 00000240 00000000 00000000
00:00:01.160982 Gst: 0000000d/0003  00000000 00000000 00000000 00000000
00:00:01.160983 Hst:                00000000 00000000 00000000 00000000
00:00:01.161004                                Name: GenuineIntel
00:00:01.161005                            Supports: 0x00000000-0x0000000d
00:00:01.161009                              Family:  6 	Extended: 0 	Effective: 6
00:00:01.161010                               Model: 10 	Extended: 3 	Effective: 58
00:00:01.161012                            Stepping: 9
00:00:01.161013                                Type: 0 (primary)
00:00:01.161014                             APIC ID: 0x00
00:00:01.161016                        Logical CPUs: 0
00:00:01.161017                        CLFLUSH Size: 8
00:00:01.161017                            Brand ID: 0x00
00:00:01.161019 Features
00:00:01.161019   Mnemonic - Description                                  = guest (host)
00:00:01.161020   FPU - x87 FPU on Chip                                   = 1 (1)
00:00:01.161023   VME - Virtual 8086 Mode Enhancements                    = 1 (1)
00:00:01.161024   DE - Debugging extensions                               = 1 (1)
00:00:01.161026   PSE - Page Size Extension                               = 1 (1)
00:00:01.161027   TSC - Time Stamp Counter                                = 1 (1)
00:00:01.161029   MSR - Model Specific Registers                          = 1 (1)
00:00:01.161030   PAE - Physical Address Extension                        = 1 (1)
00:00:01.161031   MCE - Machine Check Exception                           = 1 (1)
00:00:01.161033   CX8 - CMPXCHG8B instruction                             = 1 (1)
00:00:01.161034   APIC - APIC On-Chip                                     = 1 (1)
00:00:01.161036   SEP - SYSENTER and SYSEXIT Present                      = 1 (1)
00:00:01.161037   MTRR - Memory Type Range Registers                      = 1 (1)
00:00:01.161039   PGE - PTE Global Bit                                    = 1 (1)
00:00:01.161040   MCA - Machine Check Architecture                        = 1 (1)
00:00:01.161042   CMOV - Conditional Move instructions                    = 1 (1)
00:00:01.161043   PAT - Page Attribute Table                              = 1 (1)
00:00:01.161044   PSE-36 - 36-bit Page Size Extension                     = 1 (1)
00:00:01.161046   PSN - Processor Serial Number                           = 0 (0)
00:00:01.161047   CLFSH - CLFLUSH instruction                             = 1 (1)
00:00:01.161049   DS - Debug Store                                        = 0 (1)
00:00:01.161050   ACPI - Thermal Mon. & Soft. Clock Ctrl.                 = 0 (1)
00:00:01.161052   MMX - Intel MMX Technology                              = 1 (1)
00:00:01.161053   FXSR - FXSAVE and FXRSTOR instructions                  = 1 (1)
00:00:01.161056   SSE - SSE support                                       = 1 (1)
00:00:01.161057   SSE2 - SSE2 support                                     = 1 (1)
00:00:01.161059   SS - Self Snoop                                         = 0 (1)
00:00:01.161060   HTT - Hyper-Threading Technology                        = 0 (1)
00:00:01.161062   TM - Therm. Monitor                                     = 0 (1)
00:00:01.161063   PBE - Pending Break Enabled                             = 0 (1)
00:00:01.161065   SSE3 - SSE3 support                                     = 1 (1)
00:00:01.161066   PCLMUL - PCLMULQDQ support (for AES-GCM)                = 1 (1)
00:00:01.161068   DTES64 - DS Area 64-bit Layout                          = 0 (1)
00:00:01.161069   MONITOR - MONITOR/MWAIT instructions                    = 1 (1)
00:00:01.161070   CPL-DS - CPL Qualified Debug Store                      = 0 (1)
00:00:01.161072   VMX - Virtual Machine Extensions                        = 0 (1)
00:00:01.161073   SMX - Safer Mode Extensions                             = 0 (1)
00:00:01.161074   EST - Enhanced SpeedStep Technology                     = 0 (1)
00:00:01.161076   TM2 - Terminal Monitor 2                                = 0 (1)
00:00:01.161077   SSSE3 - Supplemental Streaming SIMD Extensions 3        = 1 (1)
00:00:01.161078   CNTX-ID - L1 Context ID                                 = 0 (0)
00:00:01.161080   SDBG - Silicon Debug interface                          = 0 (0)
00:00:01.161081   FMA - Fused Multiply Add extensions                     = 0 (0)
00:00:01.161082   CX16 - CMPXCHG16B instruction                           = 1 (1)
00:00:01.161084   TPRUPDATE - xTPR Update Control                         = 0 (1)
00:00:01.161085   PDCM - Perf/Debug Capability MSR                        = 0 (1)
00:00:01.161087   PCID - Process Context Identifiers                      = 1 (1)
00:00:01.161088   DCA - Direct Cache Access                               = 0 (0)
00:00:01.161090   SSE4_1 - SSE4_1 support                                 = 1 (1)
00:00:01.161091   SSE4_2 - SSE4_2 support                                 = 1 (1)
00:00:01.161093   X2APIC - x2APIC support                                 = 1 (1)
00:00:01.161094   MOVBE - MOVBE instruction                               = 0 (0)
00:00:01.161095   POPCNT - POPCNT instruction                             = 1 (1)
00:00:01.161097   TSCDEADL - Time Stamp Counter Deadline                  = 0 (1)
00:00:01.161098   AES - AES instructions                                  = 1 (1)
00:00:01.161100   XSAVE - XSAVE instruction                               = 1 (1)
00:00:01.161101   OSXSAVE - OSXSAVE instruction                           = 0 (1)
00:00:01.161103   AVX - AVX support                                       = 1 (1)
00:00:01.161104   F16C - 16-bit floating point conversion instructions    = 0 (1)
00:00:01.161105   RDRAND - RDRAND instruction                             = 1 (1)
00:00:01.161107   HVP - Hypervisor Present (we're a guest)                = 1 (0)
00:00:01.161108 Structured Extended Feature Flags Enumeration (leaf 7):
00:00:01.161109   Mnemonic - Description                                  = guest (host)
00:00:01.161110   FSGSBASE - RDFSBASE/RDGSBASE/WRFSBASE/WRGSBASE instr.   = 1 (1)
00:00:01.161111   TSCADJUST - Supports MSR_IA32_TSC_ADJUST                = 0 (0)
00:00:01.161113   SGX - Supports Software Guard Extensions                = 0 (0)
00:00:01.161114   BMI1 - Advanced Bit Manipulation extension 1            = 0 (0)
00:00:01.161115   HLE - Hardware Lock Elision                             = 0 (0)
00:00:01.161117   AVX2 - Advanced Vector Extensions 2                     = 0 (0)
00:00:01.161118   FDP_EXCPTN_ONLY - FPU DP only updated on exceptions     = 0 (0)
00:00:01.161119   SMEP - Supervisor Mode Execution Prevention             = 0 (1)
00:00:01.161121   BMI2 - Advanced Bit Manipulation extension 2            = 0 (0)
00:00:01.161122   ERMS - Enhanced REP MOVSB/STOSB instructions            = 0 (1)
00:00:01.161123   INVPCID - INVPCID instruction                           = 0 (0)
00:00:01.161124   RTM - Restricted Transactional Memory                   = 0 (0)
00:00:01.161126   PQM - Platform Quality of Service Monitoring            = 0 (0)
00:00:01.161127   DEPFPU_CS_DS - Deprecates FPU CS, FPU DS values if set  = 0 (0)
00:00:01.161128   MPE - Intel Memory Protection Extensions                = 0 (0)
00:00:01.161129   PQE - Platform Quality of Service Enforcement           = 0 (0)
00:00:01.161130   AVX512F - AVX512 Foundation instructions                = 0 (0)
00:00:01.161132   RDSEED - RDSEED instruction                             = 0 (0)
00:00:01.161133   ADX - ADCX/ADOX instructions                            = 0 (0)
00:00:01.161134   SMAP - Supervisor Mode Access Prevention                = 0 (0)
00:00:01.161136   CLFLUSHOPT - CLFLUSHOPT (Cache Line Flush) instruction  = 0 (0)
00:00:01.161137   INTEL_PT - Intel Processor Trace                        = 0 (0)
00:00:01.161138   AVX512PF - AVX512 Prefetch instructions                 = 0 (0)
00:00:01.161140   AVX512ER - AVX512 Exponential & Reciprocal instructions = 0 (0)
00:00:01.161141   AVX512CD - AVX512 Conflict Detection instructions       = 0 (0)
00:00:01.161142   SHA - Secure Hash Algorithm extensions                  = 0 (0)
00:00:01.161144   PREFETCHWT1 - PREFETCHWT1 instruction                   = 0 (0)
00:00:01.161145   UMIP - User mode insturction prevention                 = 0 (0)
00:00:01.161146   PKU - Protection Key for Usermode pages                 = 0 (0)
00:00:01.161147   OSPKE - CR4.PKU mirror                                  = 0 (0)
00:00:01.161149   MAWAU - Value used by BNDLDX & BNDSTX                   = 0x0 (0x0)
00:00:01.161151   RDPID - Read processor ID support                       = 0 (0)
00:00:01.161152   SGX_LC - Supports SGX Launch Configuration              = 0 (0)
00:00:01.161154 Processor Extended State Enumeration (leaf 0xd):
00:00:01.161155    XSAVE area cur/max size by XCR0, guest: 0x340/0x340
00:00:01.161156     XSAVE area cur/max size by XCR0, host: 0x340/0x340
00:00:01.161157                    Valid XCR0 bits, guest: 0x00000000`00000007 ( x87 SSE YMM_Hi128 )
00:00:01.161160                     Valid XCR0 bits, host: 0x00000000`00000007 ( x87 SSE YMM_Hi128 )
00:00:01.161162                     XSAVE features, guest:
00:00:01.161163                      XSAVE features, host: XSAVEOPT
00:00:01.161165       XSAVE area cur size XCR0|XSS, guest: 0x0
00:00:01.161166        XSAVE area cur size XCR0|XSS, host: 0x0
00:00:01.161167                Valid IA32_XSS bits, guest: 0x00000000`00000000
00:00:01.161168                 Valid IA32_XSS bits, host: 0x00000000`00000000
00:00:01.161169   State #2, guest: off=0x0240, cb=0x0100 IA32_XSS-bit -- YMM_Hi128
00:00:01.161171   State #2, host:  off=0x0240, cb=0x0100 IA32_XSS-bit -- YMM_Hi128
00:00:01.161183          Raw Hypervisor CPUID Leaves
00:00:01.161184      Leaf/sub-leaf  eax      ebx      ecx      edx
00:00:01.161184 Gst: 40000000/0000  40000001 4b4d564b 564b4d56 0000004d
00:00:01.161186 Hst:                00000007 00000340 00000340 00000000
00:00:01.161187 Gst: 40000001/0000  01000089 00000000 00000000 00000000
00:00:01.161189 Hst:                00000007 00000340 00000340 00000000
00:00:01.161190          Raw Extended CPUID Leaves
00:00:01.161191      Leaf/sub-leaf  eax      ebx      ecx      edx
00:00:01.161191 Gst: 80000000/0000  80000008 00000000 00000000 00000000
00:00:01.161193 Hst:                80000008 00000000 00000000 00000000
00:00:01.161194 Gst: 80000001/0000  00000000 00000000 00000001 28100800
00:00:01.161195 Hst:                00000000 00000000 00000001 28100800
00:00:01.161197 Gst: 80000002/0000  20202020 6e492020 286c6574 58202952
00:00:01.161198 Hst:                20202020 6e492020 286c6574 58202952
00:00:01.161200 Gst: 80000003/0000  286e6f65 43202952 45205550 32312d33
00:00:01.161202 Hst:                286e6f65 43202952 45205550 32312d33
00:00:01.161203 Gst: 80000004/0000  56203037 20402032 30352e33 007a4847
00:00:01.161205 Hst:                56203037 20402032 30352e33 007a4847
00:00:01.161206 Gst: 80000005/0000  00000000 00000000 00000000 00000000
00:00:01.161208 Hst:                00000000 00000000 00000000 00000000
00:00:01.161209 Gst: 80000006/0000  00000000 00000000 01006040 00000000
00:00:01.161210 Hst:                00000000 00000000 01006040 00000000
00:00:01.161211 Gst: 80000007/0000  00000000 00000000 00000000 00000100
00:00:01.161212 Hst:                00000000 00000000 00000000 00000100
00:00:01.161213 Gst: 80000008/0000  00003024 00000000 00000000 00000000
00:00:01.161215 Hst:                00003024 00000000 00000000 00000000
00:00:01.161216 Ext Name:                        
00:00:01.161216 Ext Supports:                    0x80000000-0x80000008
00:00:01.161217 Family:                          0  	Extended: 0 	Effective: 0
00:00:01.161219 Model:                           0  	Extended: 0 	Effective: 0
00:00:01.161219 Stepping:                        0
00:00:01.161220 Brand ID:                        0x000
00:00:01.161221 Ext Features
00:00:01.161221   Mnemonic - Description                                  = guest (host)
00:00:01.161222   FPU - x87 FPU on Chip                                   = 0 (0)
00:00:01.161223   VME - Virtual 8086 Mode Enhancements                    = 0 (0)
00:00:01.161225   DE - Debugging extensions                               = 0 (0)
00:00:01.161226   PSE - Page Size Extension                               = 0 (0)
00:00:01.161228   TSC - Time Stamp Counter                                = 0 (0)
00:00:01.161229   MSR - K86 Model Specific Registers                      = 0 (0)
00:00:01.161230   PAE - Physical Address Extension                        = 0 (0)
00:00:01.161232   MCE - Machine Check Exception                           = 0 (0)
00:00:01.161233   CX8 - CMPXCHG8B instruction                             = 0 (0)
00:00:01.161235   APIC - APIC On-Chip                                     = 0 (0)
00:00:01.161236   SEP - SYSCALL/SYSRET                                    = 1 (1)
00:00:01.161238   MTRR - Memory Type Range Registers                      = 0 (0)
00:00:01.161239   PGE - PTE Global Bit                                    = 0 (0)
00:00:01.161241   MCA - Machine Check Architecture                        = 0 (0)
00:00:01.161242   CMOV - Conditional Move instructions                    = 0 (0)
00:00:01.161243   PAT - Page Attribute Table                              = 0 (0)
00:00:01.161245   PSE-36 - 36-bit Page Size Extension                     = 0 (0)
00:00:01.161246   NX - No-Execute/Execute-Disable                         = 1 (1)
00:00:01.161247   AXMMX - AMD Extensions to MMX instructions              = 0 (0)
00:00:01.161249   MMX - Intel MMX Technology                              = 0 (0)
00:00:01.161250   FXSR - FXSAVE and FXRSTOR Instructions                  = 0 (0)
00:00:01.161251   FFXSR - AMD fast FXSAVE and FXRSTOR instructions        = 0 (0)
00:00:01.161252   Page1GB - 1 GB large page                               = 0 (0)
00:00:01.161254   RDTSCP - RDTSCP instruction                             = 1 (1)
00:00:01.161255   LM - AMD64 Long Mode                                    = 1 (1)
00:00:01.161257   3DNOWEXT - AMD Extensions to 3DNow                      = 0 (0)
00:00:01.161258   3DNOW - AMD 3DNow                                       = 0 (0)
00:00:01.161260   LahfSahf - LAHF/SAHF support in 64-bit mode             = 1 (1)
00:00:01.161261   CmpLegacy - Core multi-processing legacy mode           = 0 (0)
00:00:01.161262   SVM - AMD Secure Virtual Machine extensions             = 0 (0)
00:00:01.161264   EXTAPIC - AMD Extended APIC registers                   = 0 (0)
00:00:01.161265   CR8L - AMD LOCK MOV CR0 means MOV CR8                   = 0 (0)
00:00:01.161266   ABM - AMD Advanced Bit Manipulation                     = 0 (0)
00:00:01.161268   SSE4A - SSE4A instructions                              = 0 (0)
00:00:01.161269   MISALIGNSSE - AMD Misaligned SSE mode                   = 0 (0)
00:00:01.161270   3DNOWPRF - AMD PREFETCH and PREFETCHW instructions      = 0 (0)
00:00:01.161271   OSVW - AMD OS Visible Workaround                        = 0 (0)
00:00:01.161273   IBS - Instruct Based Sampling                           = 0 (0)
00:00:01.161274   XOP - Extended Operation support                        = 0 (0)
00:00:01.161276   SKINIT - SKINIT, STGI, and DEV support                  = 0 (0)
00:00:01.161277   WDT - AMD Watchdog Timer support                        = 0 (0)
00:00:01.161278   LWP - Lightweight Profiling support                     = 0 (0)
00:00:01.161279   FMA4 - Four operand FMA instruction support             = 0 (0)
00:00:01.161281   NodeId - NodeId in MSR C001_100C                        = 0 (0)
00:00:01.161282   TBM - Trailing Bit Manipulation instructions            = 0 (0)
00:00:01.161283   TOPOEXT - Topology Extensions                           = 0 (0)
00:00:01.161285 Full Name:                       "      Intel(R) Xeon(R) CPU E3-1270 V2 @ 3.50GHz"
00:00:01.161286 TLB 2/4M Instr/Uni:              res0     0 entries
00:00:01.161287 TLB 2/4M Data:                   res0     0 entries
00:00:01.161288 TLB 4K Instr/Uni:                res0     0 entries
00:00:01.161289 TLB 4K Data:                     res0     0 entries
00:00:01.161289 L1 Instr Cache Line Size:        0 bytes
00:00:01.161290 L1 Instr Cache Lines Per Tag:    0
00:00:01.161290 L1 Instr Cache Associativity:    res0  
00:00:01.161291 L1 Instr Cache Size:             0 KB
00:00:01.161292 L1 Data Cache Line Size:         0 bytes
00:00:01.161292 L1 Data Cache Lines Per Tag:     0
00:00:01.161293 L1 Data Cache Associativity:     res0  
00:00:01.161293 L1 Data Cache Size:              0 KB
00:00:01.161296 L2 TLB 2/4M Instr/Uni:           off       0 entries
00:00:01.161297 L2 TLB 2/4M Data:                off       0 entries
00:00:01.161298 L2 TLB 4K Instr/Uni:             off       0 entries
00:00:01.161298 L2 TLB 4K Data:                  off       0 entries
00:00:01.161299 L2 Cache Line Size:              0 bytes
00:00:01.161299 L2 Cache Lines Per Tag:          0
00:00:01.161300 L2 Cache Associativity:          off   
00:00:01.161300 L2 Cache Size:                   0 KB
00:00:01.161301 APM Features:                    TscInvariant
00:00:01.161302 Host Invariant-TSC support:      true 
00:00:01.161303 Physical Address Width:          36 bits
00:00:01.161304 Virtual Address Width:           48 bits
00:00:01.161305 Guest Physical Address Width:    0 bits
00:00:01.161305 Physical Core Count:             1
00:00:01.161306 
00:00:01.161307 ******************** End of CPUID dump **********************
00:00:01.190775 PcBios: SATA LUN#0 LCHS=5221/255/63
00:00:01.190800 APIC: fPostedIntrsEnabled=false fVirtApicRegsEnabled=false fSupportsTscDeadline=false
00:00:01.190809 TMR3UtcNow: nsNow=1 756 282 380 540 106 600 nsPrev=0 -> cNsDelta=1 756 282 380 540 106 600 (offLag=0 offVirtualSync=0 offVirtualSyncGivenUp=0, NowAgain=1 756 282 380 540 106 600)
00:00:01.190823 VMEmt: Halt method global1 (5)
00:00:01.190838 VMEmt: HaltedGlobal1 config: cNsSpinBlockThresholdCfg=125000
00:00:01.190845 Changing the VM state from 'CREATING' to 'CREATED'
00:00:01.192388 Changing the VM state from 'CREATED' to 'POWERING_ON'
00:00:01.192420 AIOMgr: Endpoints without assigned bandwidth groups:
00:00:01.192427 AIOMgr:     C:\VirtualBox\VMs\ubuntu-server\ubuntu-server.vdi
00:00:01.192503 Changing the VM state from 'POWERING_ON' to 'RUNNING'
00:00:01.192514 Console: Machine state changed to 'Running'
00:00:01.194831 VMMDev: Guest Log: BIOS: VirtualBox 5.2.20
00:00:01.194944 PCI: setting up resources and interrupts
00:00:01.195628 PIT: mode=2 count=0x10000 (65536) - 18.20 Hz (ch=0)
00:00:01.210874 VMMDev: Guest Log: CPUID EDX: 0x078bfbff
00:00:01.210973 PIIX3 ATA: Ctl#1: RESET, DevSel=0 AIOIf=0 CmdIf0=0x00 (-1 usec ago) CmdIf1=0x00 (-1 usec ago)
00:00:01.211012 PIIX3 ATA: Ctl#1: finished processing RESET
00:00:01.217156 Display::handleDisplayResize: uScreenId=0 pvVRAM=0000000000000000 w=720 h=400 bpp=0 cbLine=0x0 flags=0x0
00:00:01.227303 AHCI#0: Reset the HBA
00:00:01.227318 VD#0: Cancelling all active requests
00:00:01.227402 AHCI#0: Port 0 reset
00:00:01.227467 VD#0: Cancelling all active requests
00:00:01.228582 VMMDev: Guest Log: BIOS: AHCI 0-P#0: PCHS=16383/16/63 LCHS=1024/255/63 0x0000000005000000 sectors
00:00:01.230425 PIT: mode=2 count=0x48d3 (18643) - 64.00 Hz (ch=0)
00:00:01.237234 Display::handleDisplayResize: uScreenId=0 pvVRAM=0000000007e40000 w=640 h=480 bpp=32 cbLine=0xA00 flags=0x0
00:00:03.716361 PIT: mode=2 count=0x10000 (65536) - 18.20 Hz (ch=0)
00:00:03.716899 VMMDev: Guest Log: BIOS: Boot : bseqnr=1, bootseq=0231
00:00:03.717334 VMMDev: Guest Log: BIOS: Boot from Floppy 0 failed
00:00:03.717810 VMMDev: Guest Log: BIOS: Boot : bseqnr=2, bootseq=0023
00:00:03.718695 VMMDev: Guest Log: BIOS: CDROM boot failure code : 0003
00:00:03.719085 VMMDev: Guest Log: BIOS: Boot from CD-ROM failed
00:00:03.719562 VMMDev: Guest Log: BIOS: Boot : bseqnr=3, bootseq=0002
00:00:03.724973 Display::handleDisplayResize: uScreenId=0 pvVRAM=0000000000000000 w=720 h=400 bpp=0 cbLine=0x0 flags=0x0
00:00:03.735080 VMMDev: Guest Log: BIOS: Booting from Hard Disk...
00:00:04.206536 Display::handleDisplayResize: uScreenId=0 pvVRAM=0000000007e40000 w=640 h=480 bpp=32 cbLine=0xA00 flags=0x0
00:00:06.048592 Display::handleDisplayResize: uScreenId=0 pvVRAM=0000000000000000 w=720 h=400 bpp=0 cbLine=0x0 flags=0x0
00:00:06.550101 GIM: KVM: VCPU  0: Enabled system-time struct. at 0x000000000fc02000 - u32TscScale=0x9248e134 i8TscShift=-1 uVersion=2 fFlags=0x1 uTsc=0x45d87b533 uVirtNanoTS=0x13f54355b
00:00:06.550155 TM: Switching TSC mode from 'Dynamic' to 'RealTscOffset'
00:00:06.580542 GIM: KVM: Enabled wall-clock struct. at 0x000000000fc01000 - u32Sec=1756282385 u32Nano=929791000 uVersion=2
00:00:06.624081 PIT: mode=2 count=0x4a9 (1193) - 1000.15 Hz (ch=0)
00:00:06.624654 APIC0: Switched mode to x2APIC
00:00:06.781859 PIT: mode=0 count=0x10000 (65536) - 18.20 Hz (ch=0)
00:00:06.922383 OHCI: Software reset
00:00:06.976020 PIIX3 ATA: Ctl#0: RESET, DevSel=0 AIOIf=0 CmdIf0=0x00 (-1 usec ago) CmdIf1=0x00 (-1 usec ago)
00:00:06.976117 PIIX3 ATA: Ctl#0: finished processing RESET
00:00:06.976266 PIIX3 ATA: Ctl#1: RESET, DevSel=0 AIOIf=0 CmdIf0=0xa0 (-1 usec ago) CmdIf1=0x00 (-1 usec ago)
00:00:06.976324 PIIX3 ATA: Ctl#1: finished processing RESET
00:00:06.983025 OHCI: USB Reset
00:00:07.038917 OHCI: Software reset
00:00:07.039016 OHCI: USB Operational
00:00:07.100369 IEM: rdmsr(0xc0011029) -> #GP(0)
00:00:07.661424 AHCI#0: Reset the HBA
00:00:07.661463 VD#0: Cancelling all active requests
00:00:07.672136 AHCI#0: Port 0 reset
00:00:07.673530 VD#0: Cancelling all active requests
00:00:07.724897 VBVA: InfoScreen: [0] @0,0 1024x768, line 0x1000, BPP 32, flags 0x1
00:00:07.724940 Display::handleDisplayResize: uScreenId=0 pvVRAM=0000000007e40000 w=1024 h=768 bpp=32 cbLine=0x1000 flags=0x1
00:00:07.725101 VBVA: InfoScreen: [0] @0,0 1024x768, line 0x1000, BPP 32, flags 0x1
00:00:07.725115 Display::handleDisplayResize: uScreenId=0 pvVRAM=0000000007e40000 w=1024 h=768 bpp=32 cbLine=0x1000 flags=0x1
00:00:07.725207 VBVA: InfoScreen: [0] @0,0 1024x768, line 0x1000, BPP 32, flags 0x1
00:00:07.725219 Display::handleDisplayResize: uScreenId=0 pvVRAM=0000000007e40000 w=1024 h=768 bpp=32 cbLine=0x1000 flags=0x1
00:00:07.726392 VBVA: InfoScreen: [0] @0,0 1024x768, line 0x1000, BPP 32, flags 0x1
00:00:07.726414 Display::handleDisplayResize: uScreenId=0 pvVRAM=0000000007e40000 w=1024 h=768 bpp=32 cbLine=0x1000 flags=0x1
00:00:07.726523 VBVA: InfoScreen: [0] @0,0 1024x768, line 0x1000, BPP 32, flags 0x1
00:00:07.726535 Display::handleDisplayResize: uScreenId=0 pvVRAM=0000000007e40000 w=1024 h=768 bpp=32 cbLine=0x1000 flags=0x1
00:00:07.728398 VBVA: InfoScreen: [0] @0,0 1024x768, line 0x1000, BPP 32, flags 0x1
00:00:07.728417 Display::handleDisplayResize: uScreenId=0 pvVRAM=0000000007e40000 w=1024 h=768 bpp=32 cbLine=0x1000 flags=0x1
00:00:07.729581 VBVA: InfoScreen: [0] @0,0 1024x768, line 0x1000, BPP 32, flags 0x1
00:00:07.729596 Display::handleDisplayResize: uScreenId=0 pvVRAM=0000000007e40000 w=1024 h=768 bpp=32 cbLine=0x1000 flags=0x1
00:00:07.729743 VBVA: InfoScreen: [0] @0,0 1024x768, line 0x1000, BPP 32, flags 0x1
00:00:07.729756 Display::handleDisplayResize: uScreenId=0 pvVRAM=0000000007e40000 w=1024 h=768 bpp=32 cbLine=0x1000 flags=0x1
00:00:07.729880 VBVA: InfoScreen: [0] @0,0 1024x768, line 0x1000, BPP 32, flags 0x1
00:00:07.729892 Display::handleDisplayResize: uScreenId=0 pvVRAM=0000000007e40000 w=1024 h=768 bpp=32 cbLine=0x1000 flags=0x1
00:00:07.730021 VBVA: InfoScreen: [0] @0,0 1024x768, line 0x1000, BPP 32, flags 0x1
00:00:07.730034 Display::handleDisplayResize: uScreenId=0 pvVRAM=0000000007e40000 w=1024 h=768 bpp=32 cbLine=0x1000 flags=0x1
00:00:07.805747 VBVA: InfoScreen: [0] @0,0 1024x768, line 0x1000, BPP 32, flags 0x1
00:00:07.805776 Display::handleDisplayResize: uScreenId=0 pvVRAM=0000000007e40000 w=1024 h=768 bpp=32 cbLine=0x1000 flags=0x1
00:00:07.906706 VBVA: InfoScreen: [0] @0,0 1024x768, line 0x1000, BPP 32, flags 0x1
00:00:07.906726 Display::handleDisplayResize: uScreenId=0 pvVRAM=0000000007e40000 w=1024 h=768 bpp=32 cbLine=0x1000 flags=0x1
00:00:07.920594 VBVA: InfoScreen: [0] @0,0 1024x768, line 0x1000, BPP 32, flags 0x1
00:00:07.920609 Display::handleDisplayResize: uScreenId=0 pvVRAM=0000000007e40000 w=1024 h=768 bpp=32 cbLine=0x1000 flags=0x1
00:00:07.987135 VBVA: InfoScreen: [0] @0,0 1024x768, line 0x1000, BPP 32, flags 0x1
00:00:07.987148 Display::handleDisplayResize: uScreenId=0 pvVRAM=0000000007e40000 w=1024 h=768 bpp=32 cbLine=0x1000 flags=0x1
00:00:07.987313 VBVA: InfoScreen: [0] @0,0 1024x768, line 0x1000, BPP 32, flags 0x1
00:00:07.987323 Display::handleDisplayResize: uScreenId=0 pvVRAM=0000000007e40000 w=1024 h=768 bpp=32 cbLine=0x1000 flags=0x1
00:00:07.987622 VBVA: InfoScreen: [0] @0,0 1024x768, line 0x1000, BPP 32, flags 0x1
00:00:07.987637 Display::handleDisplayResize: uScreenId=0 pvVRAM=0000000007e40000 w=1024 h=768 bpp=32 cbLine=0x1000 flags=0x1
00:00:07.988191 VBVA: InfoScreen: [0] @0,0 1024x768, line 0x1000, BPP 32, flags 0x1
00:00:07.988202 Display::handleDisplayResize: uScreenId=0 pvVRAM=0000000007e40000 w=1024 h=768 bpp=32 cbLine=0x1000 flags=0x1
00:00:07.988628 VBVA: InfoScreen: [0] @0,0 1024x768, line 0x1000, BPP 32, flags 0x1
00:00:07.988639 Display::handleDisplayResize: uScreenId=0 pvVRAM=0000000007e40000 w=1024 h=768 bpp=32 cbLine=0x1000 flags=0x1
00:00:08.029723 VBVA: InfoScreen: [0] @0,0 1024x768, line 0x1000, BPP 32, flags 0x1
00:00:08.029736 Display::handleDisplayResize: uScreenId=0 pvVRAM=0000000007e40000 w=1024 h=768 bpp=32 cbLine=0x1000 flags=0x1
00:00:08.059346 VBVA: InfoScreen: [0] @0,0 1024x768, line 0x1000, BPP 32, flags 0x1
00:00:08.059374 Display::handleDisplayResize: uScreenId=0 pvVRAM=0000000007e40000 w=1024 h=768 bpp=32 cbLine=0x1000 flags=0x1
00:00:08.063263 VBVA: InfoScreen: [0] @0,0 1024x768, line 0x1000, BPP 32, flags 0x1
00:00:08.063285 Display::handleDisplayResize: uScreenId=0 pvVRAM=0000000007e40000 w=1024 h=768 bpp=32 cbLine=0x1000 flags=0x1
00:00:08.064571 VBVA: InfoScreen: [0] @0,0 1024x768, line 0x1000, BPP 32, flags 0x1
00:00:08.064588 Display::handleDisplayResize: uScreenId=0 pvVRAM=0000000007e40000 w=1024 h=768 bpp=32 cbLine=0x1000 flags=0x1
00:00:08.125166 VBVA: InfoScreen: [0] @0,0 1024x768, line 0x1000, BPP 32, flags 0x1
00:00:08.125198 Display::handleDisplayResize: uScreenId=0 pvVRAM=0000000007e40000 w=1024 h=768 bpp=32 cbLine=0x1000 flags=0x1
00:00:08.155918 VBVA: InfoScreen: [0] @0,0 1024x768, line 0x1000, BPP 32, flags 0x1
00:00:08.155960 Display::handleDisplayResize: uScreenId=0 pvVRAM=0000000007e40000 w=1024 h=768 bpp=32 cbLine=0x1000 flags=0x1
00:00:08.159767 VBVA: InfoScreen: [0] @0,0 1024x768, line 0x1000, BPP 32, flags 0x1
00:00:08.159799 Display::handleDisplayResize: uScreenId=0 pvVRAM=0000000007e40000 w=1024 h=768 bpp=32 cbLine=0x1000 flags=0x1
00:00:08.333247 VBVA: InfoScreen: [0] @0,0 1024x768, line 0x1000, BPP 32, flags 0x1
00:00:08.333295 Display::handleDisplayResize: uScreenId=0 pvVRAM=0000000007e40000 w=1024 h=768 bpp=32 cbLine=0x1000 flags=0x1
00:00:08.362492 VBVA: InfoScreen: [0] @0,0 1024x768, line 0x1000, BPP 32, flags 0x1
00:00:08.362542 Display::handleDisplayResize: uScreenId=0 pvVRAM=0000000007e40000 w=1024 h=768 bpp=32 cbLine=0x1000 flags=0x1
00:00:08.364172 VBVA: InfoScreen: [0] @0,0 1024x768, line 0x1000, BPP 32, flags 0x1
00:00:08.364203 Display::handleDisplayResize: uScreenId=0 pvVRAM=0000000007e40000 w=1024 h=768 bpp=32 cbLine=0x1000 flags=0x1
00:00:08.368091 VBVA: InfoScreen: [0] @0,0 1024x768, line 0x1000, BPP 32, flags 0x1
00:00:08.368123 Display::handleDisplayResize: uScreenId=0 pvVRAM=0000000007e40000 w=1024 h=768 bpp=32 cbLine=0x1000 flags=0x1
00:00:08.368439 VBVA: InfoScreen: [0] @0,0 1024x768, line 0x1000, BPP 32, flags 0x1
00:00:08.368468 Display::handleDisplayResize: uScreenId=0 pvVRAM=0000000007e40000 w=1024 h=768 bpp=32 cbLine=0x1000 flags=0x1
00:00:08.370630 VBVA: InfoScreen: [0] @0,0 1024x768, line 0x1000, BPP 32, flags 0x1
00:00:08.370660 Display::handleDisplayResize: uScreenId=0 pvVRAM=0000000007e40000 w=1024 h=768 bpp=32 cbLine=0x1000 flags=0x1
00:00:08.493363 VBVA: InfoScreen: [0] @0,0 1024x768, line 0x1000, BPP 32, flags 0x1
00:00:08.493397 Display::handleDisplayResize: uScreenId=0 pvVRAM=0000000007e40000 w=1024 h=768 bpp=32 cbLine=0x1000 flags=0x1
00:00:08.493813 VBVA: InfoScreen: [0] @0,0 1024x768, line 0x1000, BPP 32, flags 0x1
00:00:08.493834 Display::handleDisplayResize: uScreenId=0 pvVRAM=0000000007e40000 w=1024 h=768 bpp=32 cbLine=0x1000 flags=0x1
00:00:08.595757 VBVA: InfoScreen: [0] @0,0 1024x768, line 0x1000, BPP 32, flags 0x1
00:00:08.595801 Display::handleDisplayResize: uScreenId=0 pvVRAM=0000000007e40000 w=1024 h=768 bpp=32 cbLine=0x1000 flags=0x1
00:00:08.599096 VBVA: InfoScreen: [0] @0,0 1024x768, line 0x1000, BPP 32, flags 0x1
00:00:08.599132 Display::handleDisplayResize: uScreenId=0 pvVRAM=0000000007e40000 w=1024 h=768 bpp=32 cbLine=0x1000 flags=0x1
00:00:08.602172 VBVA: InfoScreen: [0] @0,0 1024x768, line 0x1000, BPP 32, flags 0x1
00:00:08.602211 Display::handleDisplayResize: uScreenId=0 pvVRAM=0000000007e40000 w=1024 h=768 bpp=32 cbLine=0x1000 flags=0x1
00:00:08.631354 VBVA: InfoScreen: [0] @0,0 1024x768, line 0x1000, BPP 32, flags 0x1
00:00:08.631394 Display::handleDisplayResize: uScreenId=0 pvVRAM=0000000007e40000 w=1024 h=768 bpp=32 cbLine=0x1000 flags=0x1
00:00:08.631516 VBVA: InfoScreen: [0] @0,0 1024x768, line 0x1000, BPP 32, flags 0x1
00:00:08.631530 Display::handleDisplayResize: uScreenId=0 pvVRAM=0000000007e40000 w=1024 h=768 bpp=32 cbLine=0x1000 flags=0x1
00:00:08.631695 VBVA: InfoScreen: [0] @0,0 1024x768, line 0x1000, BPP 32, flags 0x1
00:00:08.631710 Display::handleDisplayResize: uScreenId=0 pvVRAM=0000000007e40000 w=1024 h=768 bpp=32 cbLine=0x1000 flags=0x1
00:00:08.631812 VBVA: InfoScreen: [0] @0,0 1024x768, line 0x1000, BPP 32, flags 0x1
00:00:08.631825 Display::handleDisplayResize: uScreenId=0 pvVRAM=0000000007e40000 w=1024 h=768 bpp=32 cbLine=0x1000 flags=0x1
00:00:08.631921 VBVA: InfoScreen: [0] @0,0 1024x768, line 0x1000, BPP 32, flags 0x1
00:00:08.631934 Display::handleDisplayResize: uScreenId=0 pvVRAM=0000000007e40000 w=1024 h=768 bpp=32 cbLine=0x1000 flags=0x1
00:00:08.632027 VBVA: InfoScreen: [0] @0,0 1024x768, line 0x1000, BPP 32, flags 0x1
00:00:08.632040 Display::handleDisplayResize: uScreenId=0 pvVRAM=0000000007e40000 w=1024 h=768 bpp=32 cbLine=0x1000 flags=0x1
00:00:08.632147 VBVA: InfoScreen: [0] @0,0 1024x768, line 0x1000, BPP 32, flags 0x1
00:00:08.632160 Display::handleDisplayResize: uScreenId=0 pvVRAM=0000000007e40000 w=1024 h=768 bpp=32 cbLine=0x1000 flags=0x1
00:00:08.632264 VBVA: InfoScreen: [0] @0,0 1024x768, line 0x1000, BPP 32, flags 0x1
00:00:08.632277 Display::handleDisplayResize: uScreenId=0 pvVRAM=0000000007e40000 w=1024 h=768 bpp=32 cbLine=0x1000 flags=0x1
00:00:08.632370 VBVA: InfoScreen: [0] @0,0 1024x768, line 0x1000, BPP 32, flags 0x1
00:00:08.632382 Display::handleDisplayResize: uScreenId=0 pvVRAM=0000000007e40000 w=1024 h=768 bpp=32 cbLine=0x1000 flags=0x1
00:00:08.633602 VBVA: InfoScreen: [0] @0,0 1024x768, line 0x1000, BPP 32, flags 0x1
00:00:08.633632 Display::handleDisplayResize: uScreenId=0 pvVRAM=0000000007e40000 w=1024 h=768 bpp=32 cbLine=0x1000 flags=0x1
00:00:08.635489 VBVA: InfoScreen: [0] @0,0 1024x768, line 0x1000, BPP 32, flags 0x1
00:00:08.635507 Display::handleDisplayResize: uScreenId=0 pvVRAM=0000000007e40000 w=1024 h=768 bpp=32 cbLine=0x1000 flags=0x1
00:00:08.635635 VBVA: InfoScreen: [0] @0,0 1024x768, line 0x1000, BPP 32, flags 0x1
00:00:08.635649 Display::handleDisplayResize: uScreenId=0 pvVRAM=0000000007e40000 w=1024 h=768 bpp=32 cbLine=0x1000 flags=0x1
00:00:08.636903 VBVA: InfoScreen: [0] @0,0 1024x768, line 0x1000, BPP 32, flags 0x1
00:00:08.636920 Display::handleDisplayResize: uScreenId=0 pvVRAM=0000000007e40000 w=1024 h=768 bpp=32 cbLine=0x1000 flags=0x1
00:00:08.641320 VBVA: InfoScreen: [0] @0,0 1024x768, line 0x1000, BPP 32, flags 0x1
00:00:08.641339 Display::handleDisplayResize: uScreenId=0 pvVRAM=0000000007e40000 w=1024 h=768 bpp=32 cbLine=0x1000 flags=0x1
00:00:08.641464 VBVA: InfoScreen: [0] @0,0 1024x768, line 0x1000, BPP 32, flags 0x1
00:00:08.641479 Display::handleDisplayResize: uScreenId=0 pvVRAM=0000000007e40000 w=1024 h=768 bpp=32 cbLine=0x1000 flags=0x1
00:00:08.641604 VBVA: InfoScreen: [0] @0,0 1024x768, line 0x1000, BPP 32, flags 0x1
00:00:08.641618 Display::handleDisplayResize: uScreenId=0 pvVRAM=0000000007e40000 w=1024 h=768 bpp=32 cbLine=0x1000 flags=0x1
00:00:08.643602 VBVA: InfoScreen: [0] @0,0 1024x768, line 0x1000, BPP 32, flags 0x1
00:00:08.643628 Display::handleDisplayResize: uScreenId=0 pvVRAM=0000000007e40000 w=1024 h=768 bpp=32 cbLine=0x1000 flags=0x1
00:00:08.644129 VBVA: InfoScreen: [0] @0,0 1024x768, line 0x1000, BPP 32, flags 0x1
00:00:08.644145 Display::handleDisplayResize: uScreenId=0 pvVRAM=0000000007e40000 w=1024 h=768 bpp=32 cbLine=0x1000 flags=0x1
00:00:08.644402 VBVA: InfoScreen: [0] @0,0 1024x768, line 0x1000, BPP 32, flags 0x1
00:00:08.644421 Display::handleDisplayResize: uScreenId=0 pvVRAM=0000000007e40000 w=1024 h=768 bpp=32 cbLine=0x1000 flags=0x1
00:00:08.656596 VBVA: InfoScreen: [0] @0,0 1024x768, line 0x1000, BPP 32, flags 0x1
00:00:08.656627 Display::handleDisplayResize: uScreenId=0 pvVRAM=0000000007e40000 w=1024 h=768 bpp=32 cbLine=0x1000 flags=0x1
00:00:08.828566 VBVA: InfoScreen: [0] @0,0 1024x768, line 0x1000, BPP 32, flags 0x1
00:00:08.828598 Display::handleDisplayResize: uScreenId=0 pvVRAM=0000000007e40000 w=1024 h=768 bpp=32 cbLine=0x1000 flags=0x1
00:00:08.847541 VBVA: InfoScreen: [0] @0,0 1024x768, line 0x1000, BPP 32, flags 0x1
00:00:08.847583 Display::handleDisplayResize: uScreenId=0 pvVRAM=0000000007e40000 w=1024 h=768 bpp=32 cbLine=0x1000 flags=0x1
00:00:08.851007 VBVA: InfoScreen: [0] @0,0 1024x768, line 0x1000, BPP 32, flags 0x1
00:00:08.851024 Display::handleDisplayResize: uScreenId=0 pvVRAM=0000000007e40000 w=1024 h=768 bpp=32 cbLine=0x1000 flags=0x1
00:00:08.851192 VBVA: InfoScreen: [0] @0,0 1024x768, line 0x1000, BPP 32, flags 0x1
00:00:08.851205 Display::handleDisplayResize: uScreenId=0 pvVRAM=0000000007e40000 w=1024 h=768 bpp=32 cbLine=0x1000 flags=0x1
00:00:08.851303 VBVA: InfoScreen: [0] @0,0 1024x768, line 0x1000, BPP 32, flags 0x1
00:00:08.851315 Display::handleDisplayResize: uScreenId=0 pvVRAM=0000000007e40000 w=1024 h=768 bpp=32 cbLine=0x1000 flags=0x1
00:00:08.851398 VBVA: InfoScreen: [0] @0,0 1024x768, line 0x1000, BPP 32, flags 0x1
00:00:08.851409 Display::handleDisplayResize: uScreenId=0 pvVRAM=0000000007e40000 w=1024 h=768 bpp=32 cbLine=0x1000 flags=0x1
00:00:08.851502 VBVA: InfoScreen: [0] @0,0 1024x768, line 0x1000, BPP 32, flags 0x1
00:00:08.851513 Display::handleDisplayResize: uScreenId=0 pvVRAM=0000000007e40000 w=1024 h=768 bpp=32 cbLine=0x1000 flags=0x1
00:00:08.851607 VBVA: InfoScreen: [0] @0,0 1024x768, line 0x1000, BPP 32, flags 0x1
00:00:08.851618 Display::handleDisplayResize: uScreenId=0 pvVRAM=0000000007e40000 w=1024 h=768 bpp=32 cbLine=0x1000 flags=0x1
00:00:08.851732 VBVA: InfoScreen: [0] @0,0 1024x768, line 0x1000, BPP 32, flags 0x1
00:00:08.851744 Display::handleDisplayResize: uScreenId=0 pvVRAM=0000000007e40000 w=1024 h=768 bpp=32 cbLine=0x1000 flags=0x1
00:00:08.851828 VBVA: InfoScreen: [0] @0,0 1024x768, line 0x1000, BPP 32, flags 0x1
00:00:08.851838 Display::handleDisplayResize: uScreenId=0 pvVRAM=0000000007e40000 w=1024 h=768 bpp=32 cbLine=0x1000 flags=0x1
00:00:08.851919 VBVA: InfoScreen: [0] @0,0 1024x768, line 0x1000, BPP 32, flags 0x1
00:00:08.851929 Display::handleDisplayResize: uScreenId=0 pvVRAM=0000000007e40000 w=1024 h=768 bpp=32 cbLine=0x1000 flags=0x1
00:00:08.852007 VBVA: InfoScreen: [0] @0,0 1024x768, line 0x1000, BPP 32, flags 0x1
00:00:08.852017 Display::handleDisplayResize: uScreenId=0 pvVRAM=0000000007e40000 w=1024 h=768 bpp=32 cbLine=0x1000 flags=0x1
00:00:08.852095 VBVA: InfoScreen: [0] @0,0 1024x768, line 0x1000, BPP 32, flags 0x1
00:00:08.852108 Display::handleDisplayResize: uScreenId=0 pvVRAM=0000000007e40000 w=1024 h=768 bpp=32 cbLine=0x1000 flags=0x1
00:00:08.852188 VBVA: InfoScreen: [0] @0,0 1024x768, line 0x1000, BPP 32, flags 0x1
00:00:08.852199 Display::handleDisplayResize: uScreenId=0 pvVRAM=0000000007e40000 w=1024 h=768 bpp=32 cbLine=0x1000 flags=0x1
00:00:08.853590 VBVA: InfoScreen: [0] @0,0 1024x768, line 0x1000, BPP 32, flags 0x1
00:00:08.853617 Display::handleDisplayResize: uScreenId=0 pvVRAM=0000000007e40000 w=1024 h=768 bpp=32 cbLine=0x1000 flags=0x1
00:00:08.950435 VBVA: InfoScreen: [0] @0,0 1024x768, line 0x1000, BPP 32, flags 0x1
00:00:08.950475 Display::handleDisplayResize: uScreenId=0 pvVRAM=0000000007e40000 w=1024 h=768 bpp=32 cbLine=0x1000 flags=0x1
00:00:08.950705 VBVA: InfoScreen: [0] @0,0 1024x768, line 0x1000, BPP 32, flags 0x1
00:00:08.950726 Display::handleDisplayResize: uScreenId=0 pvVRAM=0000000007e40000 w=1024 h=768 bpp=32 cbLine=0x1000 flags=0x1
00:00:08.950877 VBVA: InfoScreen: [0] @0,0 1024x768, line 0x1000, BPP 32, flags 0x1
00:00:08.950904 Display::handleDisplayResize: uScreenId=0 pvVRAM=0000000007e40000 w=1024 h=768 bpp=32 cbLine=0x1000 flags=0x1
00:00:08.951047 VBVA: InfoScreen: [0] @0,0 1024x768, line 0x1000, BPP 32, flags 0x1
00:00:08.951066 Display::handleDisplayResize: uScreenId=0 pvVRAM=0000000007e40000 w=1024 h=768 bpp=32 cbLine=0x1000 flags=0x1
00:00:08.951217 VBVA: InfoScreen: [0] @0,0 1024x768, line 0x1000, BPP 32, flags 0x1
00:00:08.951234 Display::handleDisplayResize: uScreenId=0 pvVRAM=0000000007e40000 w=1024 h=768 bpp=32 cbLine=0x1000 flags=0x1
00:00:08.951367 VBVA: InfoScreen: [0] @0,0 1024x768, line 0x1000, BPP 32, flags 0x1
00:00:08.951385 Display::handleDisplayResize: uScreenId=0 pvVRAM=0000000007e40000 w=1024 h=768 bpp=32 cbLine=0x1000 flags=0x1
00:00:08.951519 VBVA: InfoScreen: [0] @0,0 1024x768, line 0x1000, BPP 32, flags 0x1
00:00:08.951536 Display::handleDisplayResize: uScreenId=0 pvVRAM=0000000007e40000 w=1024 h=768 bpp=32 cbLine=0x1000 flags=0x1
00:00:08.953297 VBVA: InfoScreen: [0] @0,0 1024x768, line 0x1000, BPP 32, flags 0x1
00:00:08.953336 Display::handleDisplayResize: uScreenId=0 pvVRAM=0000000007e40000 w=1024 h=768 bpp=32 cbLine=0x1000 flags=0x1
00:00:08.965018 VBVA: InfoScreen: [0] @0,0 1024x768, line 0x1000, BPP 32, flags 0x1
00:00:08.965046 Display::handleDisplayResize: uScreenId=0 pvVRAM=0000000007e40000 w=1024 h=768 bpp=32 cbLine=0x1000 flags=0x1
00:00:08.965213 VBVA: InfoScreen: [0] @0,0 1024x768, line 0x1000, BPP 32, flags 0x1
00:00:08.965233 Display::handleDisplayResize: uScreenId=0 pvVRAM=0000000007e40000 w=1024 h=768 bpp=32 cbLine=0x1000 flags=0x1
00:00:08.965374 VBVA: InfoScreen: [0] @0,0 1024x768, line 0x1000, BPP 32, flags 0x1
00:00:08.965392 Display::handleDisplayResize: uScreenId=0 pvVRAM=0000000007e40000 w=1024 h=768 bpp=32 cbLine=0x1000 flags=0x1
00:00:08.970991 VBVA: InfoScreen: [0] @0,0 1024x768, line 0x1000, BPP 32, flags 0x1
00:00:08.971031 Display::handleDisplayResize: uScreenId=0 pvVRAM=0000000007e40000 w=1024 h=768 bpp=32 cbLine=0x1000 flags=0x1
00:00:08.995296 VBVA: InfoScreen: [0] @0,0 1024x768, line 0x1000, BPP 32, flags 0x1
00:00:08.995350 Display::handleDisplayResize: uScreenId=0 pvVRAM=0000000007e40000 w=1024 h=768 bpp=32 cbLine=0x1000 flags=0x1
00:00:08.997079 AIOMgr: Async flushes not supported
00:00:09.007847 VBVA: InfoScreen: [0] @0,0 1024x768, line 0x1000, BPP 32, flags 0x1
00:00:09.007892 Display::handleDisplayResize: uScreenId=0 pvVRAM=0000000007e40000 w=1024 h=768 bpp=32 cbLine=0x1000 flags=0x1
00:00:09.029433 VBVA: InfoScreen: [0] @0,0 1024x768, line 0x1000, BPP 32, flags 0x1
00:00:09.029458 Display::handleDisplayResize: uScreenId=0 pvVRAM=0000000007e40000 w=1024 h=768 bpp=32 cbLine=0x1000 flags=0x1
00:00:09.237419 VBVA: InfoScreen: [0] @0,0 1024x768, line 0x1000, BPP 32, flags 0x1
00:00:09.237451 Display::handleDisplayResize: uScreenId=0 pvVRAM=0000000007e40000 w=1024 h=768 bpp=32 cbLine=0x1000 flags=0x1
00:00:09.269885 VBVA: InfoScreen: [0] @0,0 1024x768, line 0x1000, BPP 32, flags 0x1
00:00:09.269930 Display::handleDisplayResize: uScreenId=0 pvVRAM=0000000007e40000 w=1024 h=768 bpp=32 cbLine=0x1000 flags=0x1
00:00:09.270592 VBVA: InfoScreen: [0] @0,0 1024x768, line 0x1000, BPP 32, flags 0x1
00:00:09.270616 Display::handleDisplayResize: uScreenId=0 pvVRAM=0000000007e40000 w=1024 h=768 bpp=32 cbLine=0x1000 flags=0x1
00:00:09.271814 VBVA: InfoScreen: [0] @0,0 1024x768, line 0x1000, BPP 32, flags 0x1
00:00:09.271839 Display::handleDisplayResize: uScreenId=0 pvVRAM=0000000007e40000 w=1024 h=768 bpp=32 cbLine=0x1000 flags=0x1
00:00:09.283473 VBVA: InfoScreen: [0] @0,0 1024x768, line 0x1000, BPP 32, flags 0x1
00:00:09.283511 Display::handleDisplayResize: uScreenId=0 pvVRAM=0000000007e40000 w=1024 h=768 bpp=32 cbLine=0x1000 flags=0x1
00:00:09.286412 VBVA: InfoScreen: [0] @0,0 1024x768, line 0x1000, BPP 32, flags 0x1
00:00:09.286450 Display::handleDisplayResize: uScreenId=0 pvVRAM=0000000007e40000 w=1024 h=768 bpp=32 cbLine=0x1000 flags=0x1
00:00:09.301584 VBVA: InfoScreen: [0] @0,0 1024x768, line 0x1000, BPP 32, flags 0x1
00:00:09.301635 Display::handleDisplayResize: uScreenId=0 pvVRAM=0000000007e40000 w=1024 h=768 bpp=32 cbLine=0x1000 flags=0x1
00:00:09.302223 VBVA: InfoScreen: [0] @0,0 1024x768, line 0x1000, BPP 32, flags 0x1
00:00:09.302247 Display::handleDisplayResize: uScreenId=0 pvVRAM=0000000007e40000 w=1024 h=768 bpp=32 cbLine=0x1000 flags=0x1
00:00:09.303918 VBVA: InfoScreen: [0] @0,0 1024x768, line 0x1000, BPP 32, flags 0x1
00:00:09.303949 Display::handleDisplayResize: uScreenId=0 pvVRAM=0000000007e40000 w=1024 h=768 bpp=32 cbLine=0x1000 flags=0x1
00:00:09.326422 VBVA: InfoScreen: [0] @0,0 1024x768, line 0x1000, BPP 32, flags 0x1
00:00:09.326458 Display::handleDisplayResize: uScreenId=0 pvVRAM=0000000007e40000 w=1024 h=768 bpp=32 cbLine=0x1000 flags=0x1
00:00:09.326612 VBVA: InfoScreen: [0] @0,0 1024x768, line 0x1000, BPP 32, flags 0x1
00:00:09.326632 Display::handleDisplayResize: uScreenId=0 pvVRAM=0000000007e40000 w=1024 h=768 bpp=32 cbLine=0x1000 flags=0x1
00:00:09.326974 VBVA: InfoScreen: [0] @0,0 1024x768, line 0x1000, BPP 32, flags 0x1
00:00:09.326996 Display::handleDisplayResize: uScreenId=0 pvVRAM=0000000007e40000 w=1024 h=768 bpp=32 cbLine=0x1000 flags=0x1
00:00:09.341431 VBVA: InfoScreen: [0] @0,0 1024x768, line 0x1000, BPP 32, flags 0x1
00:00:09.341475 Display::handleDisplayResize: uScreenId=0 pvVRAM=0000000007e40000 w=1024 h=768 bpp=32 cbLine=0x1000 flags=0x1
00:00:09.344090 VBVA: InfoScreen: [0] @0,0 1024x768, line 0x1000, BPP 32, flags 0x1
00:00:09.344118 Display::handleDisplayResize: uScreenId=0 pvVRAM=0000000007e40000 w=1024 h=768 bpp=32 cbLine=0x1000 flags=0x1
00:00:09.444896 VBVA: InfoScreen: [0] @0,0 1024x768, line 0x1000, BPP 32, flags 0x1
00:00:09.444940 Display::handleDisplayResize: uScreenId=0 pvVRAM=0000000007e40000 w=1024 h=768 bpp=32 cbLine=0x1000 flags=0x1
00:00:09.462874 VBVA: InfoScreen: [0] @0,0 1024x768, line 0x1000, BPP 32, flags 0x1
00:00:09.462908 Display::handleDisplayResize: uScreenId=0 pvVRAM=0000000007e40000 w=1024 h=768 bpp=32 cbLine=0x1000 flags=0x1
00:00:09.463065 VBVA: InfoScreen: [0] @0,0 1024x768, line 0x1000, BPP 32, flags 0x1
00:00:09.463085 Display::handleDisplayResize: uScreenId=0 pvVRAM=0000000007e40000 w=1024 h=768 bpp=32 cbLine=0x1000 flags=0x1
00:00:09.464405 VBVA: InfoScreen: [0] @0,0 1024x768, line 0x1000, BPP 32, flags 0x1
00:00:09.464443 Display::handleDisplayResize: uScreenId=0 pvVRAM=0000000007e40000 w=1024 h=768 bpp=32 cbLine=0x1000 flags=0x1
00:00:09.465935 VBVA: InfoScreen: [0] @0,0 1024x768, line 0x1000, BPP 32, flags 0x1
00:00:09.465959 Display::handleDisplayResize: uScreenId=0 pvVRAM=0000000007e40000 w=1024 h=768 bpp=32 cbLine=0x1000 flags=0x1
00:00:09.653296 VBVA: InfoScreen: [0] @0,0 1024x768, line 0x1000, BPP 32, flags 0x1
00:00:09.653335 Display::handleDisplayResize: uScreenId=0 pvVRAM=0000000007e40000 w=1024 h=768 bpp=32 cbLine=0x1000 flags=0x1
00:00:09.860945 VBVA: InfoScreen: [0] @0,0 1024x768, line 0x1000, BPP 32, flags 0x1
00:00:09.860981 Display::handleDisplayResize: uScreenId=0 pvVRAM=0000000007e40000 w=1024 h=768 bpp=32 cbLine=0x1000 flags=0x1
00:00:10.068961 VBVA: InfoScreen: [0] @0,0 1024x768, line 0x1000, BPP 32, flags 0x1
00:00:10.068991 Display::handleDisplayResize: uScreenId=0 pvVRAM=0000000007e40000 w=1024 h=768 bpp=32 cbLine=0x1000 flags=0x1
00:00:10.151867 NAT: Link up
00:00:10.276821 VBVA: InfoScreen: [0] @0,0 1024x768, line 0x1000, BPP 32, flags 0x1
00:00:10.276858 Display::handleDisplayResize: uScreenId=0 pvVRAM=0000000007e40000 w=1024 h=768 bpp=32 cbLine=0x1000 flags=0x1
00:00:10.485035 VBVA: InfoScreen: [0] @0,0 1024x768, line 0x1000, BPP 32, flags 0x1
00:00:10.485068 Display::handleDisplayResize: uScreenId=0 pvVRAM=0000000007e40000 w=1024 h=768 bpp=32 cbLine=0x1000 flags=0x1
00:00:10.692804 VBVA: InfoScreen: [0] @0,0 1024x768, line 0x1000, BPP 32, flags 0x1
00:00:10.692847 Display::handleDisplayResize: uScreenId=0 pvVRAM=0000000007e40000 w=1024 h=768 bpp=32 cbLine=0x1000 flags=0x1
00:00:10.901236 VBVA: InfoScreen: [0] @0,0 1024x768, line 0x1000, BPP 32, flags 0x1
00:00:10.901274 Display::handleDisplayResize: uScreenId=0 pvVRAM=0000000007e40000 w=1024 h=768 bpp=32 cbLine=0x1000 flags=0x1
00:00:10.957941 VBVA: InfoScreen: [0] @0,0 1024x768, line 0x1000, BPP 32, flags 0x1
00:00:10.957982 Display::handleDisplayResize: uScreenId=0 pvVRAM=0000000007e40000 w=1024 h=768 bpp=32 cbLine=0x1000 flags=0x1
00:00:11.109113 VBVA: InfoScreen: [0] @0,0 1024x768, line 0x1000, BPP 32, flags 0x1
00:00:11.109154 Display::handleDisplayResize: uScreenId=0 pvVRAM=0000000007e40000 w=1024 h=768 bpp=32 cbLine=0x1000 flags=0x1
00:00:11.155734 VBVA: InfoScreen: [0] @0,0 1024x768, line 0x1000, BPP 32, flags 0x1
00:00:11.155782 Display::handleDisplayResize: uScreenId=0 pvVRAM=0000000007e40000 w=1024 h=768 bpp=32 cbLine=0x1000 flags=0x1
00:00:11.157294 VBVA: InfoScreen: [0] @0,0 1024x768, line 0x1000, BPP 32, flags 0x1
00:00:11.157323 Display::handleDisplayResize: uScreenId=0 pvVRAM=0000000007e40000 w=1024 h=768 bpp=32 cbLine=0x1000 flags=0x1
00:00:11.158847 VBVA: InfoScreen: [0] @0,0 1024x768, line 0x1000, BPP 32, flags 0x1
00:00:11.158875 Display::handleDisplayResize: uScreenId=0 pvVRAM=0000000007e40000 w=1024 h=768 bpp=32 cbLine=0x1000 flags=0x1
00:00:11.165442 VBVA: InfoScreen: [0] @0,0 1024x768, line 0x1000, BPP 32, flags 0x1
00:00:11.165469 Display::handleDisplayResize: uScreenId=0 pvVRAM=0000000007e40000 w=1024 h=768 bpp=32 cbLine=0x1000 flags=0x1
00:00:11.178469 VBVA: InfoScreen: [0] @0,0 1024x768, line 0x1000, BPP 32, flags 0x1
00:00:11.178496 Display::handleDisplayResize: uScreenId=0 pvVRAM=0000000007e40000 w=1024 h=768 bpp=32 cbLine=0x1000 flags=0x1
00:00:11.178634 VBVA: InfoScreen: [0] @0,0 1024x768, line 0x1000, BPP 32, flags 0x1
00:00:11.178651 Display::handleDisplayResize: uScreenId=0 pvVRAM=0000000007e40000 w=1024 h=768 bpp=32 cbLine=0x1000 flags=0x1
00:00:11.178784 VBVA: InfoScreen: [0] @0,0 1024x768, line 0x1000, BPP 32, flags 0x1
00:00:11.178800 Display::handleDisplayResize: uScreenId=0 pvVRAM=0000000007e40000 w=1024 h=768 bpp=32 cbLine=0x1000 flags=0x1
00:00:11.178919 VBVA: InfoScreen: [0] @0,0 1024x768, line 0x1000, BPP 32, flags 0x1
00:00:11.178934 Display::handleDisplayResize: uScreenId=0 pvVRAM=0000000007e40000 w=1024 h=768 bpp=32 cbLine=0x1000 flags=0x1
00:00:11.180444 VBVA: InfoScreen: [0] @0,0 1024x768, line 0x1000, BPP 32, flags 0x1
00:00:11.180461 Display::handleDisplayResize: uScreenId=0 pvVRAM=0000000007e40000 w=1024 h=768 bpp=32 cbLine=0x1000 flags=0x1
00:00:11.197777 VBVA: InfoScreen: [0] @0,0 1024x768, line 0x1000, BPP 32, flags 0x1
00:00:11.197806 Display::handleDisplayResize: uScreenId=0 pvVRAM=0000000007e40000 w=1024 h=768 bpp=32 cbLine=0x1000 flags=0x1
00:00:11.317098 VBVA: InfoScreen: [0] @0,0 1024x768, line 0x1000, BPP 32, flags 0x1
00:00:11.317143 Display::handleDisplayResize: uScreenId=0 pvVRAM=0000000007e40000 w=1024 h=768 bpp=32 cbLine=0x1000 flags=0x1
00:00:11.524846 VBVA: InfoScreen: [0] @0,0 1024x768, line 0x1000, BPP 32, flags 0x1
00:00:11.524889 Display::handleDisplayResize: uScreenId=0 pvVRAM=0000000007e40000 w=1024 h=768 bpp=32 cbLine=0x1000 flags=0x1
00:00:11.733124 VBVA: InfoScreen: [0] @0,0 1024x768, line 0x1000, BPP 32, flags 0x1
00:00:11.733161 Display::handleDisplayResize: uScreenId=0 pvVRAM=0000000007e40000 w=1024 h=768 bpp=32 cbLine=0x1000 flags=0x1
00:00:11.940783 VBVA: InfoScreen: [0] @0,0 1024x768, line 0x1000, BPP 32, flags 0x1
00:00:11.940822 Display::handleDisplayResize: uScreenId=0 pvVRAM=0000000007e40000 w=1024 h=768 bpp=32 cbLine=0x1000 flags=0x1
00:00:12.149292 VBVA: InfoScreen: [0] @0,0 1024x768, line 0x1000, BPP 32, flags 0x1
00:00:12.149337 Display::handleDisplayResize: uScreenId=0 pvVRAM=0000000007e40000 w=1024 h=768 bpp=32 cbLine=0x1000 flags=0x1
00:00:12.357221 VBVA: InfoScreen: [0] @0,0 1024x768, line 0x1000, BPP 32, flags 0x1
00:00:12.357261 Display::handleDisplayResize: uScreenId=0 pvVRAM=0000000007e40000 w=1024 h=768 bpp=32 cbLine=0x1000 flags=0x1
00:00:12.564796 VBVA: InfoScreen: [0] @0,0 1024x768, line 0x1000, BPP 32, flags 0x1
00:00:12.564839 Display::handleDisplayResize: uScreenId=0 pvVRAM=0000000007e40000 w=1024 h=768 bpp=32 cbLine=0x1000 flags=0x1
00:00:12.757794 VBVA: InfoScreen: [0] @0,0 1024x768, line 0x1000, BPP 32, flags 0x1
00:00:12.757851 Display::handleDisplayResize: uScreenId=0 pvVRAM=0000000007e40000 w=1024 h=768 bpp=32 cbLine=0x1000 flags=0x1
00:00:12.774376 VBVA: InfoScreen: [0] @0,0 1024x768, line 0x1000, BPP 32, flags 0x1
00:00:12.774416 Display::handleDisplayResize: uScreenId=0 pvVRAM=0000000007e40000 w=1024 h=768 bpp=32 cbLine=0x1000 flags=0x1
00:00:12.812779 VBVA: InfoScreen: [0] @0,0 1024x768, line 0x1000, BPP 32, flags 0x1
00:00:12.812827 Display::handleDisplayResize: uScreenId=0 pvVRAM=0000000007e40000 w=1024 h=768 bpp=32 cbLine=0x1000 flags=0x1
00:00:12.814333 VBVA: InfoScreen: [0] @0,0 1024x768, line 0x1000, BPP 32, flags 0x1
00:00:12.814366 Display::handleDisplayResize: uScreenId=0 pvVRAM=0000000007e40000 w=1024 h=768 bpp=32 cbLine=0x1000 flags=0x1
00:00:12.817484 VBVA: InfoScreen: [0] @0,0 1024x768, line 0x1000, BPP 32, flags 0x1
00:00:12.817522 Display::handleDisplayResize: uScreenId=0 pvVRAM=0000000007e40000 w=1024 h=768 bpp=32 cbLine=0x1000 flags=0x1
00:00:12.819796 VBVA: InfoScreen: [0] @0,0 1024x768, line 0x1000, BPP 32, flags 0x1
00:00:12.819828 Display::handleDisplayResize: uScreenId=0 pvVRAM=0000000007e40000 w=1024 h=768 bpp=32 cbLine=0x1000 flags=0x1
00:00:12.820102 VBVA: InfoScreen: [0] @0,0 1024x768, line 0x1000, BPP 32, flags 0x1
00:00:12.820126 Display::handleDisplayResize: uScreenId=0 pvVRAM=0000000007e40000 w=1024 h=768 bpp=32 cbLine=0x1000 flags=0x1
00:00:12.820298 VBVA: InfoScreen: [0] @0,0 1024x768, line 0x1000, BPP 32, flags 0x1
00:00:12.820318 Display::handleDisplayResize: uScreenId=0 pvVRAM=0000000007e40000 w=1024 h=768 bpp=32 cbLine=0x1000 flags=0x1
00:00:12.820458 VBVA: InfoScreen: [0] @0,0 1024x768, line 0x1000, BPP 32, flags 0x1
00:00:12.820477 Display::handleDisplayResize: uScreenId=0 pvVRAM=0000000007e40000 w=1024 h=768 bpp=32 cbLine=0x1000 flags=0x1
00:00:12.820613 VBVA: InfoScreen: [0] @0,0 1024x768, line 0x1000, BPP 32, flags 0x1
00:00:12.820631 Display::handleDisplayResize: uScreenId=0 pvVRAM=0000000007e40000 w=1024 h=768 bpp=32 cbLine=0x1000 flags=0x1
00:00:12.820796 VBVA: InfoScreen: [0] @0,0 1024x768, line 0x1000, BPP 32, flags 0x1
00:00:12.820815 Display::handleDisplayResize: uScreenId=0 pvVRAM=0000000007e40000 w=1024 h=768 bpp=32 cbLine=0x1000 flags=0x1
00:00:12.820947 VBVA: InfoScreen: [0] @0,0 1024x768, line 0x1000, BPP 32, flags 0x1
00:00:12.820965 Display::handleDisplayResize: uScreenId=0 pvVRAM=0000000007e40000 w=1024 h=768 bpp=32 cbLine=0x1000 flags=0x1
00:00:12.821119 VBVA: InfoScreen: [0] @0,0 1024x768, line 0x1000, BPP 32, flags 0x1
00:00:12.821137 Display::handleDisplayResize: uScreenId=0 pvVRAM=0000000007e40000 w=1024 h=768 bpp=32 cbLine=0x1000 flags=0x1
00:00:12.821269 VBVA: InfoScreen: [0] @0,0 1024x768, line 0x1000, BPP 32, flags 0x1
00:00:12.821287 Display::handleDisplayResize: uScreenId=0 pvVRAM=0000000007e40000 w=1024 h=768 bpp=32 cbLine=0x1000 flags=0x1
00:00:12.821421 VBVA: InfoScreen: [0] @0,0 1024x768, line 0x1000, BPP 32, flags 0x1
00:00:12.821439 Display::handleDisplayResize: uScreenId=0 pvVRAM=0000000007e40000 w=1024 h=768 bpp=32 cbLine=0x1000 flags=0x1
00:00:12.821571 VBVA: InfoScreen: [0] @0,0 1024x768, line 0x1000, BPP 32, flags 0x1
00:00:12.821589 Display::handleDisplayResize: uScreenId=0 pvVRAM=0000000007e40000 w=1024 h=768 bpp=32 cbLine=0x1000 flags=0x1
00:00:12.823255 VBVA: InfoScreen: [0] @0,0 1024x768, line 0x1000, BPP 32, flags 0x1
00:00:12.823278 Display::handleDisplayResize: uScreenId=0 pvVRAM=0000000007e40000 w=1024 h=768 bpp=32 cbLine=0x1000 flags=0x1
00:00:12.825820 VBVA: InfoScreen: [0] @0,0 1024x768, line 0x1000, BPP 32, flags 0x1
00:00:12.825845 Display::handleDisplayResize: uScreenId=0 pvVRAM=0000000007e40000 w=1024 h=768 bpp=32 cbLine=0x1000 flags=0x1
00:00:12.826107 VBVA: InfoScreen: [0] @0,0 1024x768, line 0x1000, BPP 32, flags 0x1
00:00:12.826128 Display::handleDisplayResize: uScreenId=0 pvVRAM=0000000007e40000 w=1024 h=768 bpp=32 cbLine=0x1000 flags=0x1
00:00:12.826270 VBVA: InfoScreen: [0] @0,0 1024x768, line 0x1000, BPP 32, flags 0x1
00:00:12.826297 Display::handleDisplayResize: uScreenId=0 pvVRAM=0000000007e40000 w=1024 h=768 bpp=32 cbLine=0x1000 flags=0x1
00:00:12.827785 VBVA: InfoScreen: [0] @0,0 1024x768, line 0x1000, BPP 32, flags 0x1
00:00:12.827808 Display::handleDisplayResize: uScreenId=0 pvVRAM=0000000007e40000 w=1024 h=768 bpp=32 cbLine=0x1000 flags=0x1
00:00:12.829422 VBVA: InfoScreen: [0] @0,0 1024x768, line 0x1000, BPP 32, flags 0x1
00:00:12.829448 Display::handleDisplayResize: uScreenId=0 pvVRAM=0000000007e40000 w=1024 h=768 bpp=32 cbLine=0x1000 flags=0x1
00:00:12.829770 VBVA: InfoScreen: [0] @0,0 1024x768, line 0x1000, BPP 32, flags 0x1
00:00:12.829792 Display::handleDisplayResize: uScreenId=0 pvVRAM=0000000007e40000 w=1024 h=768 bpp=32 cbLine=0x1000 flags=0x1
00:00:12.829935 VBVA: InfoScreen: [0] @0,0 1024x768, line 0x1000, BPP 32, flags 0x1
00:00:12.829953 Display::handleDisplayResize: uScreenId=0 pvVRAM=0000000007e40000 w=1024 h=768 bpp=32 cbLine=0x1000 flags=0x1
00:00:12.831240 VBVA: InfoScreen: [0] @0,0 1024x768, line 0x1000, BPP 32, flags 0x1
00:00:12.831261 Display::handleDisplayResize: uScreenId=0 pvVRAM=0000000007e40000 w=1024 h=768 bpp=32 cbLine=0x1000 flags=0x1
00:00:12.834215 VBVA: InfoScreen: [0] @0,0 1024x768, line 0x1000, BPP 32, flags 0x1
00:00:12.834245 Display::handleDisplayResize: uScreenId=0 pvVRAM=0000000007e40000 w=1024 h=768 bpp=32 cbLine=0x1000 flags=0x1
00:00:12.834531 VBVA: InfoScreen: [0] @0,0 1024x768, line 0x1000, BPP 32, flags 0x1
00:00:12.834552 Display::handleDisplayResize: uScreenId=0 pvVRAM=0000000007e40000 w=1024 h=768 bpp=32 cbLine=0x1000 flags=0x1
00:00:12.834733 VBVA: InfoScreen: [0] @0,0 1024x768, line 0x1000, BPP 32, flags 0x1
00:00:12.834752 Display::handleDisplayResize: uScreenId=0 pvVRAM=0000000007e40000 w=1024 h=768 bpp=32 cbLine=0x1000 flags=0x1
00:00:12.834892 VBVA: InfoScreen: [0] @0,0 1024x768, line 0x1000, BPP 32, flags 0x1
00:00:12.834910 Display::handleDisplayResize: uScreenId=0 pvVRAM=0000000007e40000 w=1024 h=768 bpp=32 cbLine=0x1000 flags=0x1
00:00:12.835046 VBVA: InfoScreen: [0] @0,0 1024x768, line 0x1000, BPP 32, flags 0x1
00:00:12.835064 Display::handleDisplayResize: uScreenId=0 pvVRAM=0000000007e40000 w=1024 h=768 bpp=32 cbLine=0x1000 flags=0x1
00:00:12.835220 VBVA: InfoScreen: [0] @0,0 1024x768, line 0x1000, BPP 32, flags 0x1
00:00:12.835238 Display::handleDisplayResize: uScreenId=0 pvVRAM=0000000007e40000 w=1024 h=768 bpp=32 cbLine=0x1000 flags=0x1
00:00:12.835376 VBVA: InfoScreen: [0] @0,0 1024x768, line 0x1000, BPP 32, flags 0x1
00:00:12.835394 Display::handleDisplayResize: uScreenId=0 pvVRAM=0000000007e40000 w=1024 h=768 bpp=32 cbLine=0x1000 flags=0x1
00:00:12.835526 VBVA: InfoScreen: [0] @0,0 1024x768, line 0x1000, BPP 32, flags 0x1
00:00:12.835544 Display::handleDisplayResize: uScreenId=0 pvVRAM=0000000007e40000 w=1024 h=768 bpp=32 cbLine=0x1000 flags=0x1
00:00:12.835714 VBVA: InfoScreen: [0] @0,0 1024x768, line 0x1000, BPP 32, flags 0x1
00:00:12.835733 Display::handleDisplayResize: uScreenId=0 pvVRAM=0000000007e40000 w=1024 h=768 bpp=32 cbLine=0x1000 flags=0x1
00:00:12.835868 VBVA: InfoScreen: [0] @0,0 1024x768, line 0x1000, BPP 32, flags 0x1
00:00:12.835886 Display::handleDisplayResize: uScreenId=0 pvVRAM=0000000007e40000 w=1024 h=768 bpp=32 cbLine=0x1000 flags=0x1
00:00:12.836021 VBVA: InfoScreen: [0] @0,0 1024x768, line 0x1000, BPP 32, flags 0x1
00:00:12.836039 Display::handleDisplayResize: uScreenId=0 pvVRAM=0000000007e40000 w=1024 h=768 bpp=32 cbLine=0x1000 flags=0x1
00:00:12.839212 VBVA: InfoScreen: [0] @0,0 1024x768, line 0x1000, BPP 32, flags 0x1
00:00:12.839234 Display::handleDisplayResize: uScreenId=0 pvVRAM=0000000007e40000 w=1024 h=768 bpp=32 cbLine=0x1000 flags=0x1
00:00:12.839488 VBVA: InfoScreen: [0] @0,0 1024x768, line 0x1000, BPP 32, flags 0x1
00:00:12.839506 Display::handleDisplayResize: uScreenId=0 pvVRAM=0000000007e40000 w=1024 h=768 bpp=32 cbLine=0x1000 flags=0x1
00:00:12.839625 VBVA: InfoScreen: [0] @0,0 1024x768, line 0x1000, BPP 32, flags 0x1
00:00:12.839648 Display::handleDisplayResize: uScreenId=0 pvVRAM=0000000007e40000 w=1024 h=768 bpp=32 cbLine=0x1000 flags=0x1
00:00:12.839813 VBVA: InfoScreen: [0] @0,0 1024x768, line 0x1000, BPP 32, flags 0x1
00:00:12.839829 Display::handleDisplayResize: uScreenId=0 pvVRAM=0000000007e40000 w=1024 h=768 bpp=32 cbLine=0x1000 flags=0x1
00:00:12.839943 VBVA: InfoScreen: [0] @0,0 1024x768, line 0x1000, BPP 32, flags 0x1
00:00:12.839958 Display::handleDisplayResize: uScreenId=0 pvVRAM=0000000007e40000 w=1024 h=768 bpp=32 cbLine=0x1000 flags=0x1
00:00:12.840069 VBVA: InfoScreen: [0] @0,0 1024x768, line 0x1000, BPP 32, flags 0x1
00:00:12.840084 Display::handleDisplayResize: uScreenId=0 pvVRAM=0000000007e40000 w=1024 h=768 bpp=32 cbLine=0x1000 flags=0x1
00:00:12.842172 VBVA: InfoScreen: [0] @0,0 1024x768, line 0x1000, BPP 32, flags 0x1
00:00:12.842194 Display::handleDisplayResize: uScreenId=0 pvVRAM=0000000007e40000 w=1024 h=768 bpp=32 cbLine=0x1000 flags=0x1
00:00:12.842409 VBVA: InfoScreen: [0] @0,0 1024x768, line 0x1000, BPP 32, flags 0x1
00:00:12.842426 Display::handleDisplayResize: uScreenId=0 pvVRAM=0000000007e40000 w=1024 h=768 bpp=32 cbLine=0x1000 flags=0x1
00:00:12.842556 VBVA: InfoScreen: [0] @0,0 1024x768, line 0x1000, BPP 32, flags 0x1
00:00:12.842572 Display::handleDisplayResize: uScreenId=0 pvVRAM=0000000007e40000 w=1024 h=768 bpp=32 cbLine=0x1000 flags=0x1
00:00:12.842723 VBVA: InfoScreen: [0] @0,0 1024x768, line 0x1000, BPP 32, flags 0x1
00:00:12.842740 Display::handleDisplayResize: uScreenId=0 pvVRAM=0000000007e40000 w=1024 h=768 bpp=32 cbLine=0x1000 flags=0x1
00:00:12.842852 VBVA: InfoScreen: [0] @0,0 1024x768, line 0x1000, BPP 32, flags 0x1
00:00:12.842867 Display::handleDisplayResize: uScreenId=0 pvVRAM=0000000007e40000 w=1024 h=768 bpp=32 cbLine=0x1000 flags=0x1
00:00:12.842985 VBVA: InfoScreen: [0] @0,0 1024x768, line 0x1000, BPP 32, flags 0x1
00:00:12.843000 Display::handleDisplayResize: uScreenId=0 pvVRAM=0000000007e40000 w=1024 h=768 bpp=32 cbLine=0x1000 flags=0x1
00:00:12.843113 VBVA: InfoScreen: [0] @0,0 1024x768, line 0x1000, BPP 32, flags 0x1
00:00:12.843128 Display::handleDisplayResize: uScreenId=0 pvVRAM=0000000007e40000 w=1024 h=768 bpp=32 cbLine=0x1000 flags=0x1
00:00:12.843244 VBVA: InfoScreen: [0] @0,0 1024x768, line 0x1000, BPP 32, flags 0x1
00:00:12.843259 Display::handleDisplayResize: uScreenId=0 pvVRAM=0000000007e40000 w=1024 h=768 bpp=32 cbLine=0x1000 flags=0x1
00:00:12.845309 VBVA: InfoScreen: [0] @0,0 1024x768, line 0x1000, BPP 32, flags 0x1
00:00:12.845327 Display::handleDisplayResize: uScreenId=0 pvVRAM=0000000007e40000 w=1024 h=768 bpp=32 cbLine=0x1000 flags=0x1
00:00:12.845538 VBVA: InfoScreen: [0] @0,0 1024x768, line 0x1000, BPP 32, flags 0x1
00:00:12.845554 Display::handleDisplayResize: uScreenId=0 pvVRAM=0000000007e40000 w=1024 h=768 bpp=32 cbLine=0x1000 flags=0x1
00:00:12.845697 VBVA: InfoScreen: [0] @0,0 1024x768, line 0x1000, BPP 32, flags 0x1
00:00:12.845713 Display::handleDisplayResize: uScreenId=0 pvVRAM=0000000007e40000 w=1024 h=768 bpp=32 cbLine=0x1000 flags=0x1
00:00:12.845830 VBVA: InfoScreen: [0] @0,0 1024x768, line 0x1000, BPP 32, flags 0x1
00:00:12.845845 Display::handleDisplayResize: uScreenId=0 pvVRAM=0000000007e40000 w=1024 h=768 bpp=32 cbLine=0x1000 flags=0x1
00:00:12.845957 VBVA: InfoScreen: [0] @0,0 1024x768, line 0x1000, BPP 32, flags 0x1
00:00:12.845972 Display::handleDisplayResize: uScreenId=0 pvVRAM=0000000007e40000 w=1024 h=768 bpp=32 cbLine=0x1000 flags=0x1
00:00:12.846084 VBVA: InfoScreen: [0] @0,0 1024x768, line 0x1000, BPP 32, flags 0x1
00:00:12.846099 Display::handleDisplayResize: uScreenId=0 pvVRAM=0000000007e40000 w=1024 h=768 bpp=32 cbLine=0x1000 flags=0x1
00:00:12.846217 VBVA: InfoScreen: [0] @0,0 1024x768, line 0x1000, BPP 32, flags 0x1
00:00:12.846232 Display::handleDisplayResize: uScreenId=0 pvVRAM=0000000007e40000 w=1024 h=768 bpp=32 cbLine=0x1000 flags=0x1
00:00:12.846356 VBVA: InfoScreen: [0] @0,0 1024x768, line 0x1000, BPP 32, flags 0x1
00:00:12.846371 Display::handleDisplayResize: uScreenId=0 pvVRAM=0000000007e40000 w=1024 h=768 bpp=32 cbLine=0x1000 flags=0x1
00:00:12.847627 VBVA: InfoScreen: [0] @0,0 1024x768, line 0x1000, BPP 32, flags 0x1
00:00:12.847646 Display::handleDisplayResize: uScreenId=0 pvVRAM=0000000007e40000 w=1024 h=768 bpp=32 cbLine=0x1000 flags=0x1
00:00:12.850734 VBVA: InfoScreen: [0] @0,0 1024x768, line 0x1000, BPP 32, flags 0x1
00:00:12.850753 Display::handleDisplayResize: uScreenId=0 pvVRAM=0000000007e40000 w=1024 h=768 bpp=32 cbLine=0x1000 flags=0x1
00:00:12.851259 VBVA: InfoScreen: [0] @0,0 1024x768, line 0x1000, BPP 32, flags 0x1
00:00:12.851276 Display::handleDisplayResize: uScreenId=0 pvVRAM=0000000007e40000 w=1024 h=768 bpp=32 cbLine=0x1000 flags=0x1
00:00:12.851395 VBVA: InfoScreen: [0] @0,0 1024x768, line 0x1000, BPP 32, flags 0x1
00:00:12.851410 Display::handleDisplayResize: uScreenId=0 pvVRAM=0000000007e40000 w=1024 h=768 bpp=32 cbLine=0x1000 flags=0x1
00:00:12.851535 VBVA: InfoScreen: [0] @0,0 1024x768, line 0x1000, BPP 32, flags 0x1
00:00:12.851551 Display::handleDisplayResize: uScreenId=0 pvVRAM=0000000007e40000 w=1024 h=768 bpp=32 cbLine=0x1000 flags=0x1
00:00:12.853659 VBVA: InfoScreen: [0] @0,0 1024x768, line 0x1000, BPP 32, flags 0x1
00:00:12.853677 Display::handleDisplayResize: uScreenId=0 pvVRAM=0000000007e40000 w=1024 h=768 bpp=32 cbLine=0x1000 flags=0x1
00:00:12.853874 VBVA: InfoScreen: [0] @0,0 1024x768, line 0x1000, BPP 32, flags 0x1
00:00:12.853890 Display::handleDisplayResize: uScreenId=0 pvVRAM=0000000007e40000 w=1024 h=768 bpp=32 cbLine=0x1000 flags=0x1
00:00:12.854007 VBVA: InfoScreen: [0] @0,0 1024x768, line 0x1000, BPP 32, flags 0x1
00:00:12.854022 Display::handleDisplayResize: uScreenId=0 pvVRAM=0000000007e40000 w=1024 h=768 bpp=32 cbLine=0x1000 flags=0x1
00:00:12.854139 VBVA: InfoScreen: [0] @0,0 1024x768, line 0x1000, BPP 32, flags 0x1
00:00:12.854154 Display::handleDisplayResize: uScreenId=0 pvVRAM=0000000007e40000 w=1024 h=768 bpp=32 cbLine=0x1000 flags=0x1
00:00:12.854268 VBVA: InfoScreen: [0] @0,0 1024x768, line 0x1000, BPP 32, flags 0x1
00:00:12.854282 Display::handleDisplayResize: uScreenId=0 pvVRAM=0000000007e40000 w=1024 h=768 bpp=32 cbLine=0x1000 flags=0x1
00:00:12.854406 VBVA: InfoScreen: [0] @0,0 1024x768, line 0x1000, BPP 32, flags 0x1
00:00:12.854422 Display::handleDisplayResize: uScreenId=0 pvVRAM=0000000007e40000 w=1024 h=768 bpp=32 cbLine=0x1000 flags=0x1
00:00:12.854534 VBVA: InfoScreen: [0] @0,0 1024x768, line 0x1000, BPP 32, flags 0x1
00:00:12.854549 Display::handleDisplayResize: uScreenId=0 pvVRAM=0000000007e40000 w=1024 h=768 bpp=32 cbLine=0x1000 flags=0x1
00:00:12.854682 VBVA: InfoScreen: [0] @0,0 1024x768, line 0x1000, BPP 32, flags 0x1
00:00:12.854697 Display::handleDisplayResize: uScreenId=0 pvVRAM=0000000007e40000 w=1024 h=768 bpp=32 cbLine=0x1000 flags=0x1
00:00:12.856783 VBVA: InfoScreen: [0] @0,0 1024x768, line 0x1000, BPP 32, flags 0x1
00:00:12.856800 Display::handleDisplayResize: uScreenId=0 pvVRAM=0000000007e40000 w=1024 h=768 bpp=32 cbLine=0x1000 flags=0x1
00:00:12.857001 VBVA: InfoScreen: [0] @0,0 1024x768, line 0x1000, BPP 32, flags 0x1
00:00:12.857018 Display::handleDisplayResize: uScreenId=0 pvVRAM=0000000007e40000 w=1024 h=768 bpp=32 cbLine=0x1000 flags=0x1
00:00:12.857136 VBVA: InfoScreen: [0] @0,0 1024x768, line 0x1000, BPP 32, flags 0x1
00:00:12.857151 Display::handleDisplayResize: uScreenId=0 pvVRAM=0000000007e40000 w=1024 h=768 bpp=32 cbLine=0x1000 flags=0x1
00:00:12.857267 VBVA: InfoScreen: [0] @0,0 1024x768, line 0x1000, BPP 32, flags 0x1
00:00:12.857282 Display::handleDisplayResize: uScreenId=0 pvVRAM=0000000007e40000 w=1024 h=768 bpp=32 cbLine=0x1000 flags=0x1
00:00:12.857408 VBVA: InfoScreen: [0] @0,0 1024x768, line 0x1000, BPP 32, flags 0x1
00:00:12.857423 Display::handleDisplayResize: uScreenId=0 pvVRAM=0000000007e40000 w=1024 h=768 bpp=32 cbLine=0x1000 flags=0x1
00:00:12.857539 VBVA: InfoScreen: [0] @0,0 1024x768, line 0x1000, BPP 32, flags 0x1
00:00:12.857554 Display::handleDisplayResize: uScreenId=0 pvVRAM=0000000007e40000 w=1024 h=768 bpp=32 cbLine=0x1000 flags=0x1
00:00:12.857688 VBVA: InfoScreen: [0] @0,0 1024x768, line 0x1000, BPP 32, flags 0x1
00:00:12.857709 Display::handleDisplayResize: uScreenId=0 pvVRAM=0000000007e40000 w=1024 h=768 bpp=32 cbLine=0x1000 flags=0x1
00:00:12.857827 VBVA: InfoScreen: [0] @0,0 1024x768, line 0x1000, BPP 32, flags 0x1
00:00:12.857842 Display::handleDisplayResize: uScreenId=0 pvVRAM=0000000007e40000 w=1024 h=768 bpp=32 cbLine=0x1000 flags=0x1
00:00:12.860108 VBVA: InfoScreen: [0] @0,0 1024x768, line 0x1000, BPP 32, flags 0x1
00:00:12.860130 Display::handleDisplayResize: uScreenId=0 pvVRAM=0000000007e40000 w=1024 h=768 bpp=32 cbLine=0x1000 flags=0x1
00:00:12.860335 VBVA: InfoScreen: [0] @0,0 1024x768, line 0x1000, BPP 32, flags 0x1
00:00:12.860352 Display::handleDisplayResize: uScreenId=0 pvVRAM=0000000007e40000 w=1024 h=768 bpp=32 cbLine=0x1000 flags=0x1
00:00:12.860483 VBVA: InfoScreen: [0] @0,0 1024x768, line 0x1000, BPP 32, flags 0x1
00:00:12.860499 Display::handleDisplayResize: uScreenId=0 pvVRAM=0000000007e40000 w=1024 h=768 bpp=32 cbLine=0x1000 flags=0x1
00:00:12.860616 VBVA: InfoScreen: [0] @0,0 1024x768, line 0x1000, BPP 32, flags 0x1
00:00:12.860632 Display::handleDisplayResize: uScreenId=0 pvVRAM=0000000007e40000 w=1024 h=768 bpp=32 cbLine=0x1000 flags=0x1
00:00:12.860769 VBVA: InfoScreen: [0] @0,0 1024x768, line 0x1000, BPP 32, flags 0x1
00:00:12.860785 Display::handleDisplayResize: uScreenId=0 pvVRAM=0000000007e40000 w=1024 h=768 bpp=32 cbLine=0x1000 flags=0x1
00:00:12.860897 VBVA: InfoScreen: [0] @0,0 1024x768, line 0x1000, BPP 32, flags 0x1
00:00:12.860912 Display::handleDisplayResize: uScreenId=0 pvVRAM=0000000007e40000 w=1024 h=768 bpp=32 cbLine=0x1000 flags=0x1
00:00:12.861026 VBVA: InfoScreen: [0] @0,0 1024x768, line 0x1000, BPP 32, flags 0x1
00:00:12.861041 Display::handleDisplayResize: uScreenId=0 pvVRAM=0000000007e40000 w=1024 h=768 bpp=32 cbLine=0x1000 flags=0x1
00:00:12.861167 VBVA: InfoScreen: [0] @0,0 1024x768, line 0x1000, BPP 32, flags 0x1
00:00:12.861182 Display::handleDisplayResize: uScreenId=0 pvVRAM=0000000007e40000 w=1024 h=768 bpp=32 cbLine=0x1000 flags=0x1
00:00:12.861300 VBVA: InfoScreen: [0] @0,0 1024x768, line 0x1000, BPP 32, flags 0x1
00:00:12.861315 Display::handleDisplayResize: uScreenId=0 pvVRAM=0000000007e40000 w=1024 h=768 bpp=32 cbLine=0x1000 flags=0x1
00:00:12.861427 VBVA: InfoScreen: [0] @0,0 1024x768, line 0x1000, BPP 32, flags 0x1
00:00:12.861442 Display::handleDisplayResize: uScreenId=0 pvVRAM=0000000007e40000 w=1024 h=768 bpp=32 cbLine=0x1000 flags=0x1
00:00:12.861555 VBVA: InfoScreen: [0] @0,0 1024x768, line 0x1000, BPP 32, flags 0x1
00:00:12.861570 Display::handleDisplayResize: uScreenId=0 pvVRAM=0000000007e40000 w=1024 h=768 bpp=32 cbLine=0x1000 flags=0x1
00:00:12.863113 VBVA: InfoScreen: [0] @0,0 1024x768, line 0x1000, BPP 32, flags 0x1
00:00:12.863134 Display::handleDisplayResize: uScreenId=0 pvVRAM=0000000007e40000 w=1024 h=768 bpp=32 cbLine=0x1000 flags=0x1
00:00:12.864430 VBVA: InfoScreen: [0] @0,0 1024x768, line 0x1000, BPP 32, flags 0x1
00:00:12.864448 Display::handleDisplayResize: uScreenId=0 pvVRAM=0000000007e40000 w=1024 h=768 bpp=32 cbLine=0x1000 flags=0x1
00:00:12.864688 VBVA: InfoScreen: [0] @0,0 1024x768, line 0x1000, BPP 32, flags 0x1
00:00:12.864705 Display::handleDisplayResize: uScreenId=0 pvVRAM=0000000007e40000 w=1024 h=768 bpp=32 cbLine=0x1000 flags=0x1
00:00:12.864823 VBVA: InfoScreen: [0] @0,0 1024x768, line 0x1000, BPP 32, flags 0x1
00:00:12.864839 Display::handleDisplayResize: uScreenId=0 pvVRAM=0000000007e40000 w=1024 h=768 bpp=32 cbLine=0x1000 flags=0x1
00:00:12.864954 VBVA: InfoScreen: [0] @0,0 1024x768, line 0x1000, BPP 32, flags 0x1
00:00:12.864969 Display::handleDisplayResize: uScreenId=0 pvVRAM=0000000007e40000 w=1024 h=768 bpp=32 cbLine=0x1000 flags=0x1
00:00:12.865084 VBVA: InfoScreen: [0] @0,0 1024x768, line 0x1000, BPP 32, flags 0x1
00:00:12.865099 Display::handleDisplayResize: uScreenId=0 pvVRAM=0000000007e40000 w=1024 h=768 bpp=32 cbLine=0x1000 flags=0x1
00:00:12.865216 VBVA: InfoScreen: [0] @0,0 1024x768, line 0x1000, BPP 32, flags 0x1
00:00:12.865236 Display::handleDisplayResize: uScreenId=0 pvVRAM=0000000007e40000 w=1024 h=768 bpp=32 cbLine=0x1000 flags=0x1
00:00:12.867566 VBVA: InfoScreen: [0] @0,0 1024x768, line 0x1000, BPP 32, flags 0x1
00:00:12.867587 Display::handleDisplayResize: uScreenId=0 pvVRAM=0000000007e40000 w=1024 h=768 bpp=32 cbLine=0x1000 flags=0x1
00:00:12.867827 VBVA: InfoScreen: [0] @0,0 1024x768, line 0x1000, BPP 32, flags 0x1
00:00:12.867844 Display::handleDisplayResize: uScreenId=0 pvVRAM=0000000007e40000 w=1024 h=768 bpp=32 cbLine=0x1000 flags=0x1
00:00:12.867962 VBVA: InfoScreen: [0] @0,0 1024x768, line 0x1000, BPP 32, flags 0x1
00:00:12.867977 Display::handleDisplayResize: uScreenId=0 pvVRAM=0000000007e40000 w=1024 h=768 bpp=32 cbLine=0x1000 flags=0x1
00:00:12.868091 VBVA: InfoScreen: [0] @0,0 1024x768, line 0x1000, BPP 32, flags 0x1
00:00:12.868106 Display::handleDisplayResize: uScreenId=0 pvVRAM=0000000007e40000 w=1024 h=768 bpp=32 cbLine=0x1000 flags=0x1
00:00:12.868221 VBVA: InfoScreen: [0] @0,0 1024x768, line 0x1000, BPP 32, flags 0x1
00:00:12.868236 Display::handleDisplayResize: uScreenId=0 pvVRAM=0000000007e40000 w=1024 h=768 bpp=32 cbLine=0x1000 flags=0x1
00:00:12.868348 VBVA: InfoScreen: [0] @0,0 1024x768, line 0x1000, BPP 32, flags 0x1
00:00:12.868364 Display::handleDisplayResize: uScreenId=0 pvVRAM=0000000007e40000 w=1024 h=768 bpp=32 cbLine=0x1000 flags=0x1
00:00:12.868476 VBVA: InfoScreen: [0] @0,0 1024x768, line 0x1000, BPP 32, flags 0x1
00:00:12.868491 Display::handleDisplayResize: uScreenId=0 pvVRAM=0000000007e40000 w=1024 h=768 bpp=32 cbLine=0x1000 flags=0x1
00:00:12.868605 VBVA: InfoScreen: [0] @0,0 1024x768, line 0x1000, BPP 32, flags 0x1
00:00:12.868623 Display::handleDisplayResize: uScreenId=0 pvVRAM=0000000007e40000 w=1024 h=768 bpp=32 cbLine=0x1000 flags=0x1
00:00:12.868755 VBVA: InfoScreen: [0] @0,0 1024x768, line 0x1000, BPP 32, flags 0x1
00:00:12.868770 Display::handleDisplayResize: uScreenId=0 pvVRAM=0000000007e40000 w=1024 h=768 bpp=32 cbLine=0x1000 flags=0x1
00:00:12.868882 VBVA: InfoScreen: [0] @0,0 1024x768, line 0x1000, BPP 32, flags 0x1
00:00:12.868897 Display::handleDisplayResize: uScreenId=0 pvVRAM=0000000007e40000 w=1024 h=768 bpp=32 cbLine=0x1000 flags=0x1
00:00:12.869010 VBVA: InfoScreen: [0] @0,0 1024x768, line 0x1000, BPP 32, flags 0x1
00:00:12.869025 Display::handleDisplayResize: uScreenId=0 pvVRAM=0000000007e40000 w=1024 h=768 bpp=32 cbLine=0x1000 flags=0x1
00:00:12.871378 VBVA: InfoScreen: [0] @0,0 1024x768, line 0x1000, BPP 32, flags 0x1
00:00:12.871400 Display::handleDisplayResize: uScreenId=0 pvVRAM=0000000007e40000 w=1024 h=768 bpp=32 cbLine=0x1000 flags=0x1
00:00:12.871634 VBVA: InfoScreen: [0] @0,0 1024x768, line 0x1000, BPP 32, flags 0x1
00:00:12.871651 Display::handleDisplayResize: uScreenId=0 pvVRAM=0000000007e40000 w=1024 h=768 bpp=32 cbLine=0x1000 flags=0x1
00:00:12.871798 VBVA: InfoScreen: [0] @0,0 1024x768, line 0x1000, BPP 32, flags 0x1
00:00:12.871814 Display::handleDisplayResize: uScreenId=0 pvVRAM=0000000007e40000 w=1024 h=768 bpp=32 cbLine=0x1000 flags=0x1
00:00:12.871931 VBVA: InfoScreen: [0] @0,0 1024x768, line 0x1000, BPP 32, flags 0x1
00:00:12.871946 Display::handleDisplayResize: uScreenId=0 pvVRAM=0000000007e40000 w=1024 h=768 bpp=32 cbLine=0x1000 flags=0x1
00:00:12.872060 VBVA: InfoScreen: [0] @0,0 1024x768, line 0x1000, BPP 32, flags 0x1
00:00:12.872075 Display::handleDisplayResize: uScreenId=0 pvVRAM=0000000007e40000 w=1024 h=768 bpp=32 cbLine=0x1000 flags=0x1
00:00:12.872205 VBVA: InfoScreen: [0] @0,0 1024x768, line 0x1000, BPP 32, flags 0x1
00:00:12.872220 Display::handleDisplayResize: uScreenId=0 pvVRAM=0000000007e40000 w=1024 h=768 bpp=32 cbLine=0x1000 flags=0x1
00:00:12.872346 VBVA: InfoScreen: [0] @0,0 1024x768, line 0x1000, BPP 32, flags 0x1
00:00:12.872361 Display::handleDisplayResize: uScreenId=0 pvVRAM=0000000007e40000 w=1024 h=768 bpp=32 cbLine=0x1000 flags=0x1
00:00:12.872476 VBVA: InfoScreen: [0] @0,0 1024x768, line 0x1000, BPP 32, flags 0x1
00:00:12.872491 Display::handleDisplayResize: uScreenId=0 pvVRAM=0000000007e40000 w=1024 h=768 bpp=32 cbLine=0x1000 flags=0x1
00:00:12.872614 VBVA: InfoScreen: [0] @0,0 1024x768, line 0x1000, BPP 32, flags 0x1
00:00:12.872633 Display::handleDisplayResize: uScreenId=0 pvVRAM=0000000007e40000 w=1024 h=768 bpp=32 cbLine=0x1000 flags=0x1
00:00:12.872769 VBVA: InfoScreen: [0] @0,0 1024x768, line 0x1000, BPP 32, flags 0x1
00:00:12.872785 Display::handleDisplayResize: uScreenId=0 pvVRAM=0000000007e40000 w=1024 h=768 bpp=32 cbLine=0x1000 flags=0x1
00:00:12.875086 VBVA: InfoScreen: [0] @0,0 1024x768, line 0x1000, BPP 32, flags 0x1
00:00:12.875107 Display::handleDisplayResize: uScreenId=0 pvVRAM=0000000007e40000 w=1024 h=768 bpp=32 cbLine=0x1000 flags=0x1
00:00:12.875316 VBVA: InfoScreen: [0] @0,0 1024x768, line 0x1000, BPP 32, flags 0x1
00:00:12.875332 Display::handleDisplayResize: uScreenId=0 pvVRAM=0000000007e40000 w=1024 h=768 bpp=32 cbLine=0x1000 flags=0x1
00:00:12.875467 VBVA: InfoScreen: [0] @0,0 1024x768, line 0x1000, BPP 32, flags 0x1
00:00:12.875482 Display::handleDisplayResize: uScreenId=0 pvVRAM=0000000007e40000 w=1024 h=768 bpp=32 cbLine=0x1000 flags=0x1
00:00:12.875598 VBVA: InfoScreen: [0] @0,0 1024x768, line 0x1000, BPP 32, flags 0x1
00:00:12.875614 Display::handleDisplayResize: uScreenId=0 pvVRAM=0000000007e40000 w=1024 h=768 bpp=32 cbLine=0x1000 flags=0x1
00:00:12.875746 VBVA: InfoScreen: [0] @0,0 1024x768, line 0x1000, BPP 32, flags 0x1
00:00:12.875761 Display::handleDisplayResize: uScreenId=0 pvVRAM=0000000007e40000 w=1024 h=768 bpp=32 cbLine=0x1000 flags=0x1
00:00:12.875873 VBVA: InfoScreen: [0] @0,0 1024x768, line 0x1000, BPP 32, flags 0x1
00:00:12.875888 Display::handleDisplayResize: uScreenId=0 pvVRAM=0000000007e40000 w=1024 h=768 bpp=32 cbLine=0x1000 flags=0x1
00:00:12.875999 VBVA: InfoScreen: [0] @0,0 1024x768, line 0x1000, BPP 32, flags 0x1
00:00:12.876013 Display::handleDisplayResize: uScreenId=0 pvVRAM=0000000007e40000 w=1024 h=768 bpp=32 cbLine=0x1000 flags=0x1
00:00:12.876131 VBVA: InfoScreen: [0] @0,0 1024x768, line 0x1000, BPP 32, flags 0x1
00:00:12.876145 Display::handleDisplayResize: uScreenId=0 pvVRAM=0000000007e40000 w=1024 h=768 bpp=32 cbLine=0x1000 flags=0x1
00:00:12.876257 VBVA: InfoScreen: [0] @0,0 1024x768, line 0x1000, BPP 32, flags 0x1
00:00:12.876272 Display::handleDisplayResize: uScreenId=0 pvVRAM=0000000007e40000 w=1024 h=768 bpp=32 cbLine=0x1000 flags=0x1
00:00:12.876383 VBVA: InfoScreen: [0] @0,0 1024x768, line 0x1000, BPP 32, flags 0x1
00:00:12.876398 Display::handleDisplayResize: uScreenId=0 pvVRAM=0000000007e40000 w=1024 h=768 bpp=32 cbLine=0x1000 flags=0x1
00:00:12.876508 VBVA: InfoScreen: [0] @0,0 1024x768, line 0x1000, BPP 32, flags 0x1
00:00:12.876523 Display::handleDisplayResize: uScreenId=0 pvVRAM=0000000007e40000 w=1024 h=768 bpp=32 cbLine=0x1000 flags=0x1
00:00:12.878319 VBVA: InfoScreen: [0] @0,0 1024x768, line 0x1000, BPP 32, flags 0x1
00:00:12.878350 Display::handleDisplayResize: uScreenId=0 pvVRAM=0000000007e40000 w=1024 h=768 bpp=32 cbLine=0x1000 flags=0x1
00:00:12.880411 VBVA: InfoScreen: [0] @0,0 1024x768, line 0x1000, BPP 32, flags 0x1
00:00:12.880434 Display::handleDisplayResize: uScreenId=0 pvVRAM=0000000007e40000 w=1024 h=768 bpp=32 cbLine=0x1000 flags=0x1
00:00:12.880690 VBVA: InfoScreen: [0] @0,0 1024x768, line 0x1000, BPP 32, flags 0x1
00:00:12.880708 Display::handleDisplayResize: uScreenId=0 pvVRAM=0000000007e40000 w=1024 h=768 bpp=32 cbLine=0x1000 flags=0x1
00:00:12.880832 VBVA: InfoScreen: [0] @0,0 1024x768, line 0x1000, BPP 32, flags 0x1
00:00:12.880848 Display::handleDisplayResize: uScreenId=0 pvVRAM=0000000007e40000 w=1024 h=768 bpp=32 cbLine=0x1000 flags=0x1
00:00:12.880979 VBVA: InfoScreen: [0] @0,0 1024x768, line 0x1000, BPP 32, flags 0x1
00:00:12.880995 Display::handleDisplayResize: uScreenId=0 pvVRAM=0000000007e40000 w=1024 h=768 bpp=32 cbLine=0x1000 flags=0x1
00:00:12.881113 VBVA: InfoScreen: [0] @0,0 1024x768, line 0x1000, BPP 32, flags 0x1
00:00:12.881131 Display::handleDisplayResize: uScreenId=0 pvVRAM=0000000007e40000 w=1024 h=768 bpp=32 cbLine=0x1000 flags=0x1
00:00:12.881245 VBVA: InfoScreen: [0] @0,0 1024x768, line 0x1000, BPP 32, flags 0x1
00:00:12.881266 Display::handleDisplayResize: uScreenId=0 pvVRAM=0000000007e40000 w=1024 h=768 bpp=32 cbLine=0x1000 flags=0x1
00:00:12.881396 VBVA: InfoScreen: [0] @0,0 1024x768, line 0x1000, BPP 32, flags 0x1
00:00:12.881412 Display::handleDisplayResize: uScreenId=0 pvVRAM=0000000007e40000 w=1024 h=768 bpp=32 cbLine=0x1000 flags=0x1
00:00:12.881538 VBVA: InfoScreen: [0] @0,0 1024x768, line 0x1000, BPP 32, flags 0x1
00:00:12.881554 Display::handleDisplayResize: uScreenId=0 pvVRAM=0000000007e40000 w=1024 h=768 bpp=32 cbLine=0x1000 flags=0x1
00:00:12.883159 VBVA: InfoScreen: [0] @0,0 1024x768, line 0x1000, BPP 32, flags 0x1
00:00:12.883180 Display::handleDisplayResize: uScreenId=0 pvVRAM=0000000007e40000 w=1024 h=768 bpp=32 cbLine=0x1000 flags=0x1
00:00:12.885746 VBVA: InfoScreen: [0] @0,0 1024x768, line 0x1000, BPP 32, flags 0x1
00:00:12.885768 Display::handleDisplayResize: uScreenId=0 pvVRAM=0000000007e40000 w=1024 h=768 bpp=32 cbLine=0x1000 flags=0x1
00:00:12.886278 VBVA: InfoScreen: [0] @0,0 1024x768, line 0x1000, BPP 32, flags 0x1
00:00:12.886295 Display::handleDisplayResize: uScreenId=0 pvVRAM=0000000007e40000 w=1024 h=768 bpp=32 cbLine=0x1000 flags=0x1
00:00:12.887728 VBVA: InfoScreen: [0] @0,0 1024x768, line 0x1000, BPP 32, flags 0x1
00:00:12.887747 Display::handleDisplayResize: uScreenId=0 pvVRAM=0000000007e40000 w=1024 h=768 bpp=32 cbLine=0x1000 flags=0x1
00:00:12.889130 VBVA: InfoScreen: [0] @0,0 1024x768, line 0x1000, BPP 32, flags 0x1
00:00:12.889149 Display::handleDisplayResize: uScreenId=0 pvVRAM=0000000007e40000 w=1024 h=768 bpp=32 cbLine=0x1000 flags=0x1
00:00:12.890891 VBVA: InfoScreen: [0] @0,0 1024x768, line 0x1000, BPP 32, flags 0x1
00:00:12.890912 Display::handleDisplayResize: uScreenId=0 pvVRAM=0000000007e40000 w=1024 h=768 bpp=32 cbLine=0x1000 flags=0x1
00:00:12.891122 VBVA: InfoScreen: [0] @0,0 1024x768, line 0x1000, BPP 32, flags 0x1
00:00:12.891138 Display::handleDisplayResize: uScreenId=0 pvVRAM=0000000007e40000 w=1024 h=768 bpp=32 cbLine=0x1000 flags=0x1
00:00:12.891257 VBVA: InfoScreen: [0] @0,0 1024x768, line 0x1000, BPP 32, flags 0x1
00:00:12.891272 Display::handleDisplayResize: uScreenId=0 pvVRAM=0000000007e40000 w=1024 h=768 bpp=32 cbLine=0x1000 flags=0x1
00:00:12.891401 VBVA: InfoScreen: [0] @0,0 1024x768, line 0x1000, BPP 32, flags 0x1
00:00:12.891417 Display::handleDisplayResize: uScreenId=0 pvVRAM=0000000007e40000 w=1024 h=768 bpp=32 cbLine=0x1000 flags=0x1
00:00:12.891532 VBVA: InfoScreen: [0] @0,0 1024x768, line 0x1000, BPP 32, flags 0x1
00:00:12.891547 Display::handleDisplayResize: uScreenId=0 pvVRAM=0000000007e40000 w=1024 h=768 bpp=32 cbLine=0x1000 flags=0x1
00:00:12.894483 VBVA: InfoScreen: [0] @0,0 1024x768, line 0x1000, BPP 32, flags 0x1
00:00:12.894502 Display::handleDisplayResize: uScreenId=0 pvVRAM=0000000007e40000 w=1024 h=768 bpp=32 cbLine=0x1000 flags=0x1
00:00:12.907508 VBVA: InfoScreen: [0] @0,0 1024x768, line 0x1000, BPP 32, flags 0x1
00:00:12.907540 Display::handleDisplayResize: uScreenId=0 pvVRAM=0000000007e40000 w=1024 h=768 bpp=32 cbLine=0x1000 flags=0x1
00:00:12.907816 VBVA: InfoScreen: [0] @0,0 1024x768, line 0x1000, BPP 32, flags 0x1
00:00:12.907836 Display::handleDisplayResize: uScreenId=0 pvVRAM=0000000007e40000 w=1024 h=768 bpp=32 cbLine=0x1000 flags=0x1
00:00:12.907964 VBVA: InfoScreen: [0] @0,0 1024x768, line 0x1000, BPP 32, flags 0x1
00:00:12.907980 Display::handleDisplayResize: uScreenId=0 pvVRAM=0000000007e40000 w=1024 h=768 bpp=32 cbLine=0x1000 flags=0x1
00:00:12.908098 VBVA: InfoScreen: [0] @0,0 1024x768, line 0x1000, BPP 32, flags 0x1
00:00:12.908113 Display::handleDisplayResize: uScreenId=0 pvVRAM=0000000007e40000 w=1024 h=768 bpp=32 cbLine=0x1000 flags=0x1
00:00:12.908227 VBVA: InfoScreen: [0] @0,0 1024x768, line 0x1000, BPP 32, flags 0x1
00:00:12.908242 Display::handleDisplayResize: uScreenId=0 pvVRAM=0000000007e40000 w=1024 h=768 bpp=32 cbLine=0x1000 flags=0x1
00:00:12.908355 VBVA: InfoScreen: [0] @0,0 1024x768, line 0x1000, BPP 32, flags 0x1
00:00:12.908377 Display::handleDisplayResize: uScreenId=0 pvVRAM=0000000007e40000 w=1024 h=768 bpp=32 cbLine=0x1000 flags=0x1
00:00:12.908495 VBVA: InfoScreen: [0] @0,0 1024x768, line 0x1000, BPP 32, flags 0x1
00:00:12.908510 Display::handleDisplayResize: uScreenId=0 pvVRAM=0000000007e40000 w=1024 h=768 bpp=32 cbLine=0x1000 flags=0x1
00:00:12.908656 VBVA: InfoScreen: [0] @0,0 1024x768, line 0x1000, BPP 32, flags 0x1
00:00:12.908672 Display::handleDisplayResize: uScreenId=0 pvVRAM=0000000007e40000 w=1024 h=768 bpp=32 cbLine=0x1000 flags=0x1
00:00:12.910128 VBVA: InfoScreen: [0] @0,0 1024x768, line 0x1000, BPP 32, flags 0x1
00:00:12.910146 Display::handleDisplayResize: uScreenId=0 pvVRAM=0000000007e40000 w=1024 h=768 bpp=32 cbLine=0x1000 flags=0x1
00:00:12.911712 VBVA: InfoScreen: [0] @0,0 1024x768, line 0x1000, BPP 32, flags 0x1
00:00:12.911732 Display::handleDisplayResize: uScreenId=0 pvVRAM=0000000007e40000 w=1024 h=768 bpp=32 cbLine=0x1000 flags=0x1
00:00:12.911939 VBVA: InfoScreen: [0] @0,0 1024x768, line 0x1000, BPP 32, flags 0x1
00:00:12.911956 Display::handleDisplayResize: uScreenId=0 pvVRAM=0000000007e40000 w=1024 h=768 bpp=32 cbLine=0x1000 flags=0x1
00:00:12.912073 VBVA: InfoScreen: [0] @0,0 1024x768, line 0x1000, BPP 32, flags 0x1
00:00:12.912088 Display::handleDisplayResize: uScreenId=0 pvVRAM=0000000007e40000 w=1024 h=768 bpp=32 cbLine=0x1000 flags=0x1
00:00:12.912221 VBVA: InfoScreen: [0] @0,0 1024x768, line 0x1000, BPP 32, flags 0x1
00:00:12.912236 Display::handleDisplayResize: uScreenId=0 pvVRAM=0000000007e40000 w=1024 h=768 bpp=32 cbLine=0x1000 flags=0x1
00:00:12.912348 VBVA: InfoScreen: [0] @0,0 1024x768, line 0x1000, BPP 32, flags 0x1
00:00:12.912363 Display::handleDisplayResize: uScreenId=0 pvVRAM=0000000007e40000 w=1024 h=768 bpp=32 cbLine=0x1000 flags=0x1
00:00:12.912476 VBVA: InfoScreen: [0] @0,0 1024x768, line 0x1000, BPP 32, flags 0x1
00:00:12.912491 Display::handleDisplayResize: uScreenId=0 pvVRAM=0000000007e40000 w=1024 h=768 bpp=32 cbLine=0x1000 flags=0x1
00:00:12.913530 VBVA: InfoScreen: [0] @0,0 1024x768, line 0x1000, BPP 32, flags 0x1
00:00:12.913546 Display::handleDisplayResize: uScreenId=0 pvVRAM=0000000007e40000 w=1024 h=768 bpp=32 cbLine=0x1000 flags=0x1
00:00:12.913721 VBVA: InfoScreen: [0] @0,0 1024x768, line 0x1000, BPP 32, flags 0x1
00:00:12.913750 Display::handleDisplayResize: uScreenId=0 pvVRAM=0000000007e40000 w=1024 h=768 bpp=32 cbLine=0x1000 flags=0x1
00:00:12.913898 VBVA: InfoScreen: [0] @0,0 1024x768, line 0x1000, BPP 32, flags 0x1
00:00:12.913917 Display::handleDisplayResize: uScreenId=0 pvVRAM=0000000007e40000 w=1024 h=768 bpp=32 cbLine=0x1000 flags=0x1
00:00:12.915891 VBVA: InfoScreen: [0] @0,0 1024x768, line 0x1000, BPP 32, flags 0x1
00:00:12.915915 Display::handleDisplayResize: uScreenId=0 pvVRAM=0000000007e40000 w=1024 h=768 bpp=32 cbLine=0x1000 flags=0x1
00:00:12.946440 VBVA: InfoScreen: [0] @0,0 1024x768, line 0x1000, BPP 32, flags 0x1
00:00:12.946482 Display::handleDisplayResize: uScreenId=0 pvVRAM=0000000007e40000 w=1024 h=768 bpp=32 cbLine=0x1000 flags=0x1
00:00:12.950352 VBVA: InfoScreen: [0] @0,0 1024x768, line 0x1000, BPP 32, flags 0x1
00:00:12.950385 Display::handleDisplayResize: uScreenId=0 pvVRAM=0000000007e40000 w=1024 h=768 bpp=32 cbLine=0x1000 flags=0x1
00:00:12.952871 VBVA: InfoScreen: [0] @0,0 1024x768, line 0x1000, BPP 32, flags 0x1
00:00:12.952903 Display::handleDisplayResize: uScreenId=0 pvVRAM=0000000007e40000 w=1024 h=768 bpp=32 cbLine=0x1000 flags=0x1
00:00:12.962414 VBVA: InfoScreen: [0] @0,0 1024x768, line 0x1000, BPP 32, flags 0x1
00:00:12.962453 Display::handleDisplayResize: uScreenId=0 pvVRAM=0000000007e40000 w=1024 h=768 bpp=32 cbLine=0x1000 flags=0x1
00:00:12.962952 VBVA: InfoScreen: [0] @0,0 1024x768, line 0x1000, BPP 32, flags 0x1
00:00:12.962977 Display::handleDisplayResize: uScreenId=0 pvVRAM=0000000007e40000 w=1024 h=768 bpp=32 cbLine=0x1000 flags=0x1
00:00:12.965280 VBVA: InfoScreen: [0] @0,0 1024x768, line 0x1000, BPP 32, flags 0x1
00:00:12.965305 Display::handleDisplayResize: uScreenId=0 pvVRAM=0000000007e40000 w=1024 h=768 bpp=32 cbLine=0x1000 flags=0x1
00:00:12.968792 VBVA: InfoScreen: [0] @0,0 1024x768, line 0x1000, BPP 32, flags 0x1
00:00:12.968828 Display::handleDisplayResize: uScreenId=0 pvVRAM=0000000007e40000 w=1024 h=768 bpp=32 cbLine=0x1000 flags=0x1
00:00:12.978476 VBVA: InfoScreen: [0] @0,0 1024x768, line 0x1000, BPP 32, flags 0x1
00:00:12.978515 Display::handleDisplayResize: uScreenId=0 pvVRAM=0000000007e40000 w=1024 h=768 bpp=32 cbLine=0x1000 flags=0x1
00:00:12.982380 VBVA: InfoScreen: [0] @0,0 1024x768, line 0x1000, BPP 32, flags 0x1
00:00:12.982412 Display::handleDisplayResize: uScreenId=0 pvVRAM=0000000007e40000 w=1024 h=768 bpp=32 cbLine=0x1000 flags=0x1
00:00:12.987290 VBVA: InfoScreen: [0] @0,0 1024x768, line 0x1000, BPP 32, flags 0x1
00:00:12.987325 Display::handleDisplayResize: uScreenId=0 pvVRAM=0000000007e40000 w=1024 h=768 bpp=32 cbLine=0x1000 flags=0x1
00:00:13.003798 VBVA: InfoScreen: [0] @0,0 1024x768, line 0x1000, BPP 32, flags 0x1
00:00:13.003844 Display::handleDisplayResize: uScreenId=0 pvVRAM=0000000007e40000 w=1024 h=768 bpp=32 cbLine=0x1000 flags=0x1
00:00:13.007330 VBVA: InfoScreen: [0] @0,0 1024x768, line 0x1000, BPP 32, flags 0x1
00:00:13.007367 Display::handleDisplayResize: uScreenId=0 pvVRAM=0000000007e40000 w=1024 h=768 bpp=32 cbLine=0x1000 flags=0x1
00:00:13.010900 VBVA: InfoScreen: [0] @0,0 1024x768, line 0x1000, BPP 32, flags 0x1
00:00:13.010934 Display::handleDisplayResize: uScreenId=0 pvVRAM=0000000007e40000 w=1024 h=768 bpp=32 cbLine=0x1000 flags=0x1
00:00:13.026345 VBVA: InfoScreen: [0] @0,0 1024x768, line 0x1000, BPP 32, flags 0x1
00:00:13.026388 Display::handleDisplayResize: uScreenId=0 pvVRAM=0000000007e40000 w=1024 h=768 bpp=32 cbLine=0x1000 flags=0x1
00:00:13.029220 VBVA: InfoScreen: [0] @0,0 1024x768, line 0x1000, BPP 32, flags 0x1
00:00:13.029250 Display::handleDisplayResize: uScreenId=0 pvVRAM=0000000007e40000 w=1024 h=768 bpp=32 cbLine=0x1000 flags=0x1
00:00:13.039557 VBVA: InfoScreen: [0] @0,0 1024x768, line 0x1000, BPP 32, flags 0x1
00:00:13.039604 Display::handleDisplayResize: uScreenId=0 pvVRAM=0000000007e40000 w=1024 h=768 bpp=32 cbLine=0x1000 flags=0x1
00:00:13.042176 VBVA: InfoScreen: [0] @0,0 1024x768, line 0x1000, BPP 32, flags 0x1
00:00:13.042210 Display::handleDisplayResize: uScreenId=0 pvVRAM=0000000007e40000 w=1024 h=768 bpp=32 cbLine=0x1000 flags=0x1
00:00:13.042340 VBVA: InfoScreen: [0] @0,0 1024x768, line 0x1000, BPP 32, flags 0x1
00:00:13.042358 Display::handleDisplayResize: uScreenId=0 pvVRAM=0000000007e40000 w=1024 h=768 bpp=32 cbLine=0x1000 flags=0x1
00:00:13.042474 VBVA: InfoScreen: [0] @0,0 1024x768, line 0x1000, BPP 32, flags 0x1
00:00:13.042490 Display::handleDisplayResize: uScreenId=0 pvVRAM=0000000007e40000 w=1024 h=768 bpp=32 cbLine=0x1000 flags=0x1
00:00:13.042603 VBVA: InfoScreen: [0] @0,0 1024x768, line 0x1000, BPP 32, flags 0x1
00:00:13.042618 Display::handleDisplayResize: uScreenId=0 pvVRAM=0000000007e40000 w=1024 h=768 bpp=32 cbLine=0x1000 flags=0x1
00:00:13.044000 VBVA: InfoScreen: [0] @0,0 1024x768, line 0x1000, BPP 32, flags 0x1
00:00:13.044019 Display::handleDisplayResize: uScreenId=0 pvVRAM=0000000007e40000 w=1024 h=768 bpp=32 cbLine=0x1000 flags=0x1
00:00:13.053276 VBVA: InfoScreen: [0] @0,0 1024x768, line 0x1000, BPP 32, flags 0x1
00:00:13.053312 Display::handleDisplayResize: uScreenId=0 pvVRAM=0000000007e40000 w=1024 h=768 bpp=32 cbLine=0x1000 flags=0x1
00:00:13.056222 VBVA: InfoScreen: [0] @0,0 1024x768, line 0x1000, BPP 32, flags 0x1
00:00:13.056249 Display::handleDisplayResize: uScreenId=0 pvVRAM=0000000007e40000 w=1024 h=768 bpp=32 cbLine=0x1000 flags=0x1
00:00:13.066066 VBVA: InfoScreen: [0] @0,0 1024x768, line 0x1000, BPP 32, flags 0x1
00:00:13.066103 Display::handleDisplayResize: uScreenId=0 pvVRAM=0000000007e40000 w=1024 h=768 bpp=32 cbLine=0x1000 flags=0x1
00:00:13.069198 VBVA: InfoScreen: [0] @0,0 1024x768, line 0x1000, BPP 32, flags 0x1
00:00:13.069225 Display::handleDisplayResize: uScreenId=0 pvVRAM=0000000007e40000 w=1024 h=768 bpp=32 cbLine=0x1000 flags=0x1
00:00:13.078275 VBVA: InfoScreen: [0] @0,0 1024x768, line 0x1000, BPP 32, flags 0x1
00:00:13.078316 Display::handleDisplayResize: uScreenId=0 pvVRAM=0000000007e40000 w=1024 h=768 bpp=32 cbLine=0x1000 flags=0x1
00:00:13.078883 VBVA: InfoScreen: [0] @0,0 1024x768, line 0x1000, BPP 32, flags 0x1
00:00:13.078904 Display::handleDisplayResize: uScreenId=0 pvVRAM=0000000007e40000 w=1024 h=768 bpp=32 cbLine=0x1000 flags=0x1
00:00:13.081201 VBVA: InfoScreen: [0] @0,0 1024x768, line 0x1000, BPP 32, flags 0x1
00:00:13.081225 Display::handleDisplayResize: uScreenId=0 pvVRAM=0000000007e40000 w=1024 h=768 bpp=32 cbLine=0x1000 flags=0x1
00:00:13.091323 VBVA: InfoScreen: [0] @0,0 1024x768, line 0x1000, BPP 32, flags 0x1
00:00:13.091360 Display::handleDisplayResize: uScreenId=0 pvVRAM=0000000007e40000 w=1024 h=768 bpp=32 cbLine=0x1000 flags=0x1
00:00:13.094245 VBVA: InfoScreen: [0] @0,0 1024x768, line 0x1000, BPP 32, flags 0x1
00:00:13.094274 Display::handleDisplayResize: uScreenId=0 pvVRAM=0000000007e40000 w=1024 h=768 bpp=32 cbLine=0x1000 flags=0x1
00:00:13.096817 VBVA: InfoScreen: [0] @0,0 1024x768, line 0x1000, BPP 32, flags 0x1
00:00:13.096845 Display::handleDisplayResize: uScreenId=0 pvVRAM=0000000007e40000 w=1024 h=768 bpp=32 cbLine=0x1000 flags=0x1
00:00:13.104295 VBVA: InfoScreen: [0] @0,0 1024x768, line 0x1000, BPP 32, flags 0x1
00:00:13.104331 Display::handleDisplayResize: uScreenId=0 pvVRAM=0000000007e40000 w=1024 h=768 bpp=32 cbLine=0x1000 flags=0x1
00:00:13.104887 VBVA: InfoScreen: [0] @0,0 1024x768, line 0x1000, BPP 32, flags 0x1
00:00:13.104908 Display::handleDisplayResize: uScreenId=0 pvVRAM=0000000007e40000 w=1024 h=768 bpp=32 cbLine=0x1000 flags=0x1
00:00:13.107233 VBVA: InfoScreen: [0] @0,0 1024x768, line 0x1000, BPP 32, flags 0x1
00:00:13.107258 Display::handleDisplayResize: uScreenId=0 pvVRAM=0000000007e40000 w=1024 h=768 bpp=32 cbLine=0x1000 flags=0x1
00:00:13.117238 VBVA: InfoScreen: [0] @0,0 1024x768, line 0x1000, BPP 32, flags 0x1
00:00:13.117273 Display::handleDisplayResize: uScreenId=0 pvVRAM=0000000007e40000 w=1024 h=768 bpp=32 cbLine=0x1000 flags=0x1
00:00:13.118173 VBVA: InfoScreen: [0] @0,0 1024x768, line 0x1000, BPP 32, flags 0x1
00:00:13.118195 Display::handleDisplayResize: uScreenId=0 pvVRAM=0000000007e40000 w=1024 h=768 bpp=32 cbLine=0x1000 flags=0x1
00:00:13.119274 VBVA: InfoScreen: [0] @0,0 1024x768, line 0x1000, BPP 32, flags 0x1
00:00:13.119294 Display::handleDisplayResize: uScreenId=0 pvVRAM=0000000007e40000 w=1024 h=768 bpp=32 cbLine=0x1000 flags=0x1
00:00:13.121927 VBVA: InfoScreen: [0] @0,0 1024x768, line 0x1000, BPP 32, flags 0x1
00:00:13.121951 Display::handleDisplayResize: uScreenId=0 pvVRAM=0000000007e40000 w=1024 h=768 bpp=32 cbLine=0x1000 flags=0x1
00:00:13.131225 VBVA: InfoScreen: [0] @0,0 1024x768, line 0x1000, BPP 32, flags 0x1
00:00:13.131257 Display::handleDisplayResize: uScreenId=0 pvVRAM=0000000007e40000 w=1024 h=768 bpp=32 cbLine=0x1000 flags=0x1
00:00:13.134168 VBVA: InfoScreen: [0] @0,0 1024x768, line 0x1000, BPP 32, flags 0x1
00:00:13.134193 Display::handleDisplayResize: uScreenId=0 pvVRAM=0000000007e40000 w=1024 h=768 bpp=32 cbLine=0x1000 flags=0x1
00:00:13.147279 VBVA: InfoScreen: [0] @0,0 1024x768, line 0x1000, BPP 32, flags 0x1
00:00:13.147318 Display::handleDisplayResize: uScreenId=0 pvVRAM=0000000007e40000 w=1024 h=768 bpp=32 cbLine=0x1000 flags=0x1
00:00:13.150019 VBVA: InfoScreen: [0] @0,0 1024x768, line 0x1000, BPP 32, flags 0x1
00:00:13.150048 Display::handleDisplayResize: uScreenId=0 pvVRAM=0000000007e40000 w=1024 h=768 bpp=32 cbLine=0x1000 flags=0x1
00:00:13.172249 VBVA: InfoScreen: [0] @0,0 1024x768, line 0x1000, BPP 32, flags 0x1
00:00:13.172289 Display::handleDisplayResize: uScreenId=0 pvVRAM=0000000007e40000 w=1024 h=768 bpp=32 cbLine=0x1000 flags=0x1
00:00:13.176017 VBVA: InfoScreen: [0] @0,0 1024x768, line 0x1000, BPP 32, flags 0x1
00:00:13.176048 Display::handleDisplayResize: uScreenId=0 pvVRAM=0000000007e40000 w=1024 h=768 bpp=32 cbLine=0x1000 flags=0x1
00:00:13.188833 VBVA: InfoScreen: [0] @0,0 1024x768, line 0x1000, BPP 32, flags 0x1
00:00:13.188874 Display::handleDisplayResize: uScreenId=0 pvVRAM=0000000007e40000 w=1024 h=768 bpp=32 cbLine=0x1000 flags=0x1
00:00:13.211374 VBVA: InfoScreen: [0] @0,0 1024x768, line 0x1000, BPP 32, flags 0x1
00:00:13.211412 Display::handleDisplayResize: uScreenId=0 pvVRAM=0000000007e40000 w=1024 h=768 bpp=32 cbLine=0x1000 flags=0x1
00:00:13.215420 VBVA: InfoScreen: [0] @0,0 1024x768, line 0x1000, BPP 32, flags 0x1
00:00:13.215448 Display::handleDisplayResize: uScreenId=0 pvVRAM=0000000007e40000 w=1024 h=768 bpp=32 cbLine=0x1000 flags=0x1
00:00:13.226733 VBVA: InfoScreen: [0] @0,0 1024x768, line 0x1000, BPP 32, flags 0x1
00:00:13.226769 Display::handleDisplayResize: uScreenId=0 pvVRAM=0000000007e40000 w=1024 h=768 bpp=32 cbLine=0x1000 flags=0x1
00:00:13.227860 VBVA: InfoScreen: [0] @0,0 1024x768, line 0x1000, BPP 32, flags 0x1
00:00:13.227884 Display::handleDisplayResize: uScreenId=0 pvVRAM=0000000007e40000 w=1024 h=768 bpp=32 cbLine=0x1000 flags=0x1
00:00:13.227989 VBVA: InfoScreen: [0] @0,0 1024x768, line 0x1000, BPP 32, flags 0x1
00:00:13.228003 Display::handleDisplayResize: uScreenId=0 pvVRAM=0000000007e40000 w=1024 h=768 bpp=32 cbLine=0x1000 flags=0x1
00:00:13.229141 VBVA: InfoScreen: [0] @0,0 1024x768, line 0x1000, BPP 32, flags 0x1
00:00:13.229156 Display::handleDisplayResize: uScreenId=0 pvVRAM=0000000007e40000 w=1024 h=768 bpp=32 cbLine=0x1000 flags=0x1
00:00:13.229792 VBVA: InfoScreen: [0] @0,0 1024x768, line 0x1000, BPP 32, flags 0x1
00:00:13.229808 Display::handleDisplayResize: uScreenId=0 pvVRAM=0000000007e40000 w=1024 h=768 bpp=32 cbLine=0x1000 flags=0x1
00:00:13.232136 VBVA: InfoScreen: [0] @0,0 1024x768, line 0x1000, BPP 32, flags 0x1
00:00:13.232155 Display::handleDisplayResize: uScreenId=0 pvVRAM=0000000007e40000 w=1024 h=768 bpp=32 cbLine=0x1000 flags=0x1
00:00:13.241751 VBVA: InfoScreen: [0] @0,0 1024x768, line 0x1000, BPP 32, flags 0x1
00:00:13.241786 Display::handleDisplayResize: uScreenId=0 pvVRAM=0000000007e40000 w=1024 h=768 bpp=32 cbLine=0x1000 flags=0x1
00:00:13.245165 VBVA: InfoScreen: [0] @0,0 1024x768, line 0x1000, BPP 32, flags 0x1
00:00:13.245193 Display::handleDisplayResize: uScreenId=0 pvVRAM=0000000007e40000 w=1024 h=768 bpp=32 cbLine=0x1000 flags=0x1
00:00:13.251155 VBVA: InfoScreen: [0] @0,0 1024x768, line 0x1000, BPP 32, flags 0x1
00:00:13.251184 Display::handleDisplayResize: uScreenId=0 pvVRAM=0000000007e40000 w=1024 h=768 bpp=32 cbLine=0x1000 flags=0x1
00:00:13.251356 VBVA: InfoScreen: [0] @0,0 1024x768, line 0x1000, BPP 32, flags 0x1
00:00:13.251373 Display::handleDisplayResize: uScreenId=0 pvVRAM=0000000007e40000 w=1024 h=768 bpp=32 cbLine=0x1000 flags=0x1
00:00:13.251474 VBVA: InfoScreen: [0] @0,0 1024x768, line 0x1000, BPP 32, flags 0x1
00:00:13.251487 Display::handleDisplayResize: uScreenId=0 pvVRAM=0000000007e40000 w=1024 h=768 bpp=32 cbLine=0x1000 flags=0x1
00:00:13.251584 VBVA: InfoScreen: [0] @0,0 1024x768, line 0x1000, BPP 32, flags 0x1
00:00:13.251597 Display::handleDisplayResize: uScreenId=0 pvVRAM=0000000007e40000 w=1024 h=768 bpp=32 cbLine=0x1000 flags=0x1
00:00:13.254356 VBVA: InfoScreen: [0] @0,0 1024x768, line 0x1000, BPP 32, flags 0x1
00:00:13.254383 Display::handleDisplayResize: uScreenId=0 pvVRAM=0000000007e40000 w=1024 h=768 bpp=32 cbLine=0x1000 flags=0x1
00:00:13.254573 VBVA: InfoScreen: [0] @0,0 1024x768, line 0x1000, BPP 32, flags 0x1
00:00:13.254589 Display::handleDisplayResize: uScreenId=0 pvVRAM=0000000007e40000 w=1024 h=768 bpp=32 cbLine=0x1000 flags=0x1
00:00:13.254747 VBVA: InfoScreen: [0] @0,0 1024x768, line 0x1000, BPP 32, flags 0x1
00:00:13.254762 Display::handleDisplayResize: uScreenId=0 pvVRAM=0000000007e40000 w=1024 h=768 bpp=32 cbLine=0x1000 flags=0x1
00:00:13.256148 VBVA: InfoScreen: [0] @0,0 1024x768, line 0x1000, BPP 32, flags 0x1
00:00:13.256166 Display::handleDisplayResize: uScreenId=0 pvVRAM=0000000007e40000 w=1024 h=768 bpp=32 cbLine=0x1000 flags=0x1
00:00:13.258177 VBVA: InfoScreen: [0] @0,0 1024x768, line 0x1000, BPP 32, flags 0x1
00:00:13.258198 Display::handleDisplayResize: uScreenId=0 pvVRAM=0000000007e40000 w=1024 h=768 bpp=32 cbLine=0x1000 flags=0x1
00:00:13.258309 VBVA: InfoScreen: [0] @0,0 1024x768, line 0x1000, BPP 32, flags 0x1
00:00:13.258326 Display::handleDisplayResize: uScreenId=0 pvVRAM=0000000007e40000 w=1024 h=768 bpp=32 cbLine=0x1000 flags=0x1
00:00:13.258425 VBVA: InfoScreen: [0] @0,0 1024x768, line 0x1000, BPP 32, flags 0x1
00:00:13.258438 Display::handleDisplayResize: uScreenId=0 pvVRAM=0000000007e40000 w=1024 h=768 bpp=32 cbLine=0x1000 flags=0x1
00:00:13.258879 VBVA: InfoScreen: [0] @0,0 1024x768, line 0x1000, BPP 32, flags 0x1
00:00:13.258893 Display::handleDisplayResize: uScreenId=0 pvVRAM=0000000007e40000 w=1024 h=768 bpp=32 cbLine=0x1000 flags=0x1
00:00:13.260031 VBVA: InfoScreen: [0] @0,0 1024x768, line 0x1000, BPP 32, flags 0x1
00:00:13.260047 Display::handleDisplayResize: uScreenId=0 pvVRAM=0000000007e40000 w=1024 h=768 bpp=32 cbLine=0x1000 flags=0x1
00:00:13.262790 VBVA: InfoScreen: [0] @0,0 1024x768, line 0x1000, BPP 32, flags 0x1
00:00:13.262811 Display::handleDisplayResize: uScreenId=0 pvVRAM=0000000007e40000 w=1024 h=768 bpp=32 cbLine=0x1000 flags=0x1
00:00:13.263282 VBVA: InfoScreen: [0] @0,0 1024x768, line 0x1000, BPP 32, flags 0x1
00:00:13.263301 Display::handleDisplayResize: uScreenId=0 pvVRAM=0000000007e40000 w=1024 h=768 bpp=32 cbLine=0x1000 flags=0x1
00:00:13.265462 VBVA: InfoScreen: [0] @0,0 1024x768, line 0x1000, BPP 32, flags 0x1
00:00:13.265486 Display::handleDisplayResize: uScreenId=0 pvVRAM=0000000007e40000 w=1024 h=768 bpp=32 cbLine=0x1000 flags=0x1
00:00:13.265768 VBVA: InfoScreen: [0] @0,0 1024x768, line 0x1000, BPP 32, flags 0x1
00:00:13.265788 Display::handleDisplayResize: uScreenId=0 pvVRAM=0000000007e40000 w=1024 h=768 bpp=32 cbLine=0x1000 flags=0x1
00:00:13.265958 VBVA: InfoScreen: [0] @0,0 1024x768, line 0x1000, BPP 32, flags 0x1
00:00:13.265976 Display::handleDisplayResize: uScreenId=0 pvVRAM=0000000007e40000 w=1024 h=768 bpp=32 cbLine=0x1000 flags=0x1
00:00:13.267304 VBVA: InfoScreen: [0] @0,0 1024x768, line 0x1000, BPP 32, flags 0x1
00:00:13.267323 Display::handleDisplayResize: uScreenId=0 pvVRAM=0000000007e40000 w=1024 h=768 bpp=32 cbLine=0x1000 flags=0x1
00:00:13.267939 VBVA: InfoScreen: [0] @0,0 1024x768, line 0x1000, BPP 32, flags 0x1
00:00:13.267957 Display::handleDisplayResize: uScreenId=0 pvVRAM=0000000007e40000 w=1024 h=768 bpp=32 cbLine=0x1000 flags=0x1
00:00:13.271709 VBVA: InfoScreen: [0] @0,0 1024x768, line 0x1000, BPP 32, flags 0x1
00:00:13.271741 Display::handleDisplayResize: uScreenId=0 pvVRAM=0000000007e40000 w=1024 h=768 bpp=32 cbLine=0x1000 flags=0x1
00:00:13.274621 VBVA: InfoScreen: [0] @0,0 1024x768, line 0x1000, BPP 32, flags 0x1
00:00:13.274648 Display::handleDisplayResize: uScreenId=0 pvVRAM=0000000007e40000 w=1024 h=768 bpp=32 cbLine=0x1000 flags=0x1
00:00:13.275570 VBVA: InfoScreen: [0] @0,0 1024x768, line 0x1000, BPP 32, flags 0x1
00:00:13.275594 Display::handleDisplayResize: uScreenId=0 pvVRAM=0000000007e40000 w=1024 h=768 bpp=32 cbLine=0x1000 flags=0x1
00:00:13.275799 VBVA: InfoScreen: [0] @0,0 1024x768, line 0x1000, BPP 32, flags 0x1
00:00:13.275818 Display::handleDisplayResize: uScreenId=0 pvVRAM=0000000007e40000 w=1024 h=768 bpp=32 cbLine=0x1000 flags=0x1
00:00:13.275999 VBVA: InfoScreen: [0] @0,0 1024x768, line 0x1000, BPP 32, flags 0x1
00:00:13.276017 Display::handleDisplayResize: uScreenId=0 pvVRAM=0000000007e40000 w=1024 h=768 bpp=32 cbLine=0x1000 flags=0x1
00:00:13.276143 VBVA: InfoScreen: [0] @0,0 1024x768, line 0x1000, BPP 32, flags 0x1
00:00:13.276160 Display::handleDisplayResize: uScreenId=0 pvVRAM=0000000007e40000 w=1024 h=768 bpp=32 cbLine=0x1000 flags=0x1
00:00:13.276290 VBVA: InfoScreen: [0] @0,0 1024x768, line 0x1000, BPP 32, flags 0x1
00:00:13.276307 Display::handleDisplayResize: uScreenId=0 pvVRAM=0000000007e40000 w=1024 h=768 bpp=32 cbLine=0x1000 flags=0x1
00:00:13.276435 VBVA: InfoScreen: [0] @0,0 1024x768, line 0x1000, BPP 32, flags 0x1
00:00:13.276452 Display::handleDisplayResize: uScreenId=0 pvVRAM=0000000007e40000 w=1024 h=768 bpp=32 cbLine=0x1000 flags=0x1
00:00:13.317095 VBVA: InfoScreen: [0] @0,0 1024x768, line 0x1000, BPP 32, flags 0x1
00:00:13.317146 Display::handleDisplayResize: uScreenId=0 pvVRAM=0000000007e40000 w=1024 h=768 bpp=32 cbLine=0x1000 flags=0x1
00:00:13.320503 VBVA: InfoScreen: [0] @0,0 1024x768, line 0x1000, BPP 32, flags 0x1
00:00:13.320545 Display::handleDisplayResize: uScreenId=0 pvVRAM=0000000007e40000 w=1024 h=768 bpp=32 cbLine=0x1000 flags=0x1
00:00:13.323386 VBVA: InfoScreen: [0] @0,0 1024x768, line 0x1000, BPP 32, flags 0x1
00:00:13.323421 Display::handleDisplayResize: uScreenId=0 pvVRAM=0000000007e40000 w=1024 h=768 bpp=32 cbLine=0x1000 flags=0x1
00:00:13.325994 VBVA: InfoScreen: [0] @0,0 1024x768, line 0x1000, BPP 32, flags 0x1
00:00:13.326029 Display::handleDisplayResize: uScreenId=0 pvVRAM=0000000007e40000 w=1024 h=768 bpp=32 cbLine=0x1000 flags=0x1
00:00:13.329390 VBVA: InfoScreen: [0] @0,0 1024x768, line 0x1000, BPP 32, flags 0x1
00:00:13.329425 Display::handleDisplayResize: uScreenId=0 pvVRAM=0000000007e40000 w=1024 h=768 bpp=32 cbLine=0x1000 flags=0x1
00:00:13.332430 VBVA: InfoScreen: [0] @0,0 1024x768, line 0x1000, BPP 32, flags 0x1
00:00:13.332463 Display::handleDisplayResize: uScreenId=0 pvVRAM=0000000007e40000 w=1024 h=768 bpp=32 cbLine=0x1000 flags=0x1
00:00:13.333962 VBVA: InfoScreen: [0] @0,0 1024x768, line 0x1000, BPP 32, flags 0x1
00:00:13.333994 Display::handleDisplayResize: uScreenId=0 pvVRAM=0000000007e40000 w=1024 h=768 bpp=32 cbLine=0x1000 flags=0x1
00:00:13.336374 VBVA: InfoScreen: [0] @0,0 1024x768, line 0x1000, BPP 32, flags 0x1
00:00:13.336405 Display::handleDisplayResize: uScreenId=0 pvVRAM=0000000007e40000 w=1024 h=768 bpp=32 cbLine=0x1000 flags=0x1
00:00:13.336941 VBVA: InfoScreen: [0] @0,0 1024x768, line 0x1000, BPP 32, flags 0x1
00:00:13.336965 Display::handleDisplayResize: uScreenId=0 pvVRAM=0000000007e40000 w=1024 h=768 bpp=32 cbLine=0x1000 flags=0x1
00:00:13.337924 VBVA: InfoScreen: [0] @0,0 1024x768, line 0x1000, BPP 32, flags 0x1
00:00:13.337949 Display::handleDisplayResize: uScreenId=0 pvVRAM=0000000007e40000 w=1024 h=768 bpp=32 cbLine=0x1000 flags=0x1
00:00:13.341929 VBVA: InfoScreen: [0] @0,0 1024x768, line 0x1000, BPP 32, flags 0x1
00:00:13.341960 Display::handleDisplayResize: uScreenId=0 pvVRAM=0000000007e40000 w=1024 h=768 bpp=32 cbLine=0x1000 flags=0x1
00:00:13.352745 VBVA: InfoScreen: [0] @0,0 1024x768, line 0x1000, BPP 32, flags 0x1
00:00:13.352789 Display::handleDisplayResize: uScreenId=0 pvVRAM=0000000007e40000 w=1024 h=768 bpp=32 cbLine=0x1000 flags=0x1
00:00:13.359847 VBVA: InfoScreen: [0] @0,0 1024x768, line 0x1000, BPP 32, flags 0x1
00:00:13.359886 Display::handleDisplayResize: uScreenId=0 pvVRAM=0000000007e40000 w=1024 h=768 bpp=32 cbLine=0x1000 flags=0x1
00:00:13.362929 VBVA: InfoScreen: [0] @0,0 1024x768, line 0x1000, BPP 32, flags 0x1
00:00:13.362961 Display::handleDisplayResize: uScreenId=0 pvVRAM=0000000007e40000 w=1024 h=768 bpp=32 cbLine=0x1000 flags=0x1
00:00:13.374652 VBVA: InfoScreen: [0] @0,0 1024x768, line 0x1000, BPP 32, flags 0x1
00:00:13.374696 Display::handleDisplayResize: uScreenId=0 pvVRAM=0000000007e40000 w=1024 h=768 bpp=32 cbLine=0x1000 flags=0x1
00:00:13.379411 VBVA: InfoScreen: [0] @0,0 1024x768, line 0x1000, BPP 32, flags 0x1
00:00:13.379452 Display::handleDisplayResize: uScreenId=0 pvVRAM=0000000007e40000 w=1024 h=768 bpp=32 cbLine=0x1000 flags=0x1
00:00:13.383070 VBVA: InfoScreen: [0] @0,0 1024x768, line 0x1000, BPP 32, flags 0x1
00:00:13.383107 Display::handleDisplayResize: uScreenId=0 pvVRAM=0000000007e40000 w=1024 h=768 bpp=32 cbLine=0x1000 flags=0x1
00:00:13.387394 VBVA: InfoScreen: [0] @0,0 1024x768, line 0x1000, BPP 32, flags 0x1
00:00:13.387434 Display::handleDisplayResize: uScreenId=0 pvVRAM=0000000007e40000 w=1024 h=768 bpp=32 cbLine=0x1000 flags=0x1
00:00:13.397866 VBVA: InfoScreen: [0] @0,0 1024x768, line 0x1000, BPP 32, flags 0x1
00:00:13.397903 Display::handleDisplayResize: uScreenId=0 pvVRAM=0000000007e40000 w=1024 h=768 bpp=32 cbLine=0x1000 flags=0x1
00:00:13.409438 VBVA: InfoScreen: [0] @0,0 1024x768, line 0x1000, BPP 32, flags 0x1
00:00:13.409483 Display::handleDisplayResize: uScreenId=0 pvVRAM=0000000007e40000 w=1024 h=768 bpp=32 cbLine=0x1000 flags=0x1
00:00:13.413230 VBVA: InfoScreen: [0] @0,0 1024x768, line 0x1000, BPP 32, flags 0x1
00:00:13.413263 Display::handleDisplayResize: uScreenId=0 pvVRAM=0000000007e40000 w=1024 h=768 bpp=32 cbLine=0x1000 flags=0x1
00:00:13.415957 VBVA: InfoScreen: [0] @0,0 1024x768, line 0x1000, BPP 32, flags 0x1
00:00:13.415987 Display::handleDisplayResize: uScreenId=0 pvVRAM=0000000007e40000 w=1024 h=768 bpp=32 cbLine=0x1000 flags=0x1
00:00:13.419319 VBVA: InfoScreen: [0] @0,0 1024x768, line 0x1000, BPP 32, flags 0x1
00:00:13.419351 Display::handleDisplayResize: uScreenId=0 pvVRAM=0000000007e40000 w=1024 h=768 bpp=32 cbLine=0x1000 flags=0x1
00:00:13.422294 VBVA: InfoScreen: [0] @0,0 1024x768, line 0x1000, BPP 32, flags 0x1
00:00:13.422323 Display::handleDisplayResize: uScreenId=0 pvVRAM=0000000007e40000 w=1024 h=768 bpp=32 cbLine=0x1000 flags=0x1
00:00:13.424876 VBVA: InfoScreen: [0] @0,0 1024x768, line 0x1000, BPP 32, flags 0x1
00:00:13.424907 Display::handleDisplayResize: uScreenId=0 pvVRAM=0000000007e40000 w=1024 h=768 bpp=32 cbLine=0x1000 flags=0x1
00:00:13.425686 VBVA: InfoScreen: [0] @0,0 1024x768, line 0x1000, BPP 32, flags 0x1
00:00:13.425710 Display::handleDisplayResize: uScreenId=0 pvVRAM=0000000007e40000 w=1024 h=768 bpp=32 cbLine=0x1000 flags=0x1
00:00:13.428293 VBVA: InfoScreen: [0] @0,0 1024x768, line 0x1000, BPP 32, flags 0x1
00:00:13.428318 Display::handleDisplayResize: uScreenId=0 pvVRAM=0000000007e40000 w=1024 h=768 bpp=32 cbLine=0x1000 flags=0x1
00:00:13.465140 VBVA: InfoScreen: [0] @0,0 1024x768, line 0x1000, BPP 32, flags 0x1
00:00:13.465175 Display::handleDisplayResize: uScreenId=0 pvVRAM=0000000007e40000 w=1024 h=768 bpp=32 cbLine=0x1000 flags=0x1
00:00:13.473512 VBVA: InfoScreen: [0] @0,0 1024x768, line 0x1000, BPP 32, flags 0x1
00:00:13.473547 Display::handleDisplayResize: uScreenId=0 pvVRAM=0000000007e40000 w=1024 h=768 bpp=32 cbLine=0x1000 flags=0x1
00:00:13.473912 VBVA: InfoScreen: [0] @0,0 1024x768, line 0x1000, BPP 32, flags 0x1
00:00:13.473933 Display::handleDisplayResize: uScreenId=0 pvVRAM=0000000007e40000 w=1024 h=768 bpp=32 cbLine=0x1000 flags=0x1
00:00:13.476283 VBVA: InfoScreen: [0] @0,0 1024x768, line 0x1000, BPP 32, flags 0x1
00:00:13.476306 Display::handleDisplayResize: uScreenId=0 pvVRAM=0000000007e40000 w=1024 h=768 bpp=32 cbLine=0x1000 flags=0x1
00:00:13.476850 VBVA: InfoScreen: [0] @0,0 1024x768, line 0x1000, BPP 32, flags 0x1
00:00:13.476870 Display::handleDisplayResize: uScreenId=0 pvVRAM=0000000007e40000 w=1024 h=768 bpp=32 cbLine=0x1000 flags=0x1
00:00:13.488372 VBVA: InfoScreen: [0] @0,0 1024x768, line 0x1000, BPP 32, flags 0x1
00:00:13.488405 Display::handleDisplayResize: uScreenId=0 pvVRAM=0000000007e40000 w=1024 h=768 bpp=32 cbLine=0x1000 flags=0x1
00:00:13.491250 VBVA: InfoScreen: [0] @0,0 1024x768, line 0x1000, BPP 32, flags 0x1
00:00:13.491282 Display::handleDisplayResize: uScreenId=0 pvVRAM=0000000007e40000 w=1024 h=768 bpp=32 cbLine=0x1000 flags=0x1
00:00:13.500359 VBVA: InfoScreen: [0] @0,0 1024x768, line 0x1000, BPP 32, flags 0x1
00:00:13.500397 Display::handleDisplayResize: uScreenId=0 pvVRAM=0000000007e40000 w=1024 h=768 bpp=32 cbLine=0x1000 flags=0x1
00:00:13.503060 VBVA: InfoScreen: [0] @0,0 1024x768, line 0x1000, BPP 32, flags 0x1
00:00:13.503091 Display::handleDisplayResize: uScreenId=0 pvVRAM=0000000007e40000 w=1024 h=768 bpp=32 cbLine=0x1000 flags=0x1
00:00:13.594924 VBVA: InfoScreen: [0] @0,0 1024x768, line 0x1000, BPP 32, flags 0x1
00:00:13.594961 Display::handleDisplayResize: uScreenId=0 pvVRAM=0000000007e40000 w=1024 h=768 bpp=32 cbLine=0x1000 flags=0x1
00:00:13.598625 VBVA: InfoScreen: [0] @0,0 1024x768, line 0x1000, BPP 32, flags 0x1
00:00:13.598650 Display::handleDisplayResize: uScreenId=0 pvVRAM=0000000007e40000 w=1024 h=768 bpp=32 cbLine=0x1000 flags=0x1
00:00:13.604862 VBVA: InfoScreen: [0] @0,0 1024x768, line 0x1000, BPP 32, flags 0x1
00:00:13.604889 Display::handleDisplayResize: uScreenId=0 pvVRAM=0000000007e40000 w=1024 h=768 bpp=32 cbLine=0x1000 flags=0x1
00:00:13.607226 VBVA: InfoScreen: [0] @0,0 1024x768, line 0x1000, BPP 32, flags 0x1
00:00:13.607257 Display::handleDisplayResize: uScreenId=0 pvVRAM=0000000007e40000 w=1024 h=768 bpp=32 cbLine=0x1000 flags=0x1
00:00:13.607839 VBVA: InfoScreen: [0] @0,0 1024x768, line 0x1000, BPP 32, flags 0x1
00:00:13.607856 Display::handleDisplayResize: uScreenId=0 pvVRAM=0000000007e40000 w=1024 h=768 bpp=32 cbLine=0x1000 flags=0x1
00:00:13.607959 VBVA: InfoScreen: [0] @0,0 1024x768, line 0x1000, BPP 32, flags 0x1
00:00:13.607975 Display::handleDisplayResize: uScreenId=0 pvVRAM=0000000007e40000 w=1024 h=768 bpp=32 cbLine=0x1000 flags=0x1
00:00:13.608141 VBVA: InfoScreen: [0] @0,0 1024x768, line 0x1000, BPP 32, flags 0x1
00:00:13.608155 Display::handleDisplayResize: uScreenId=0 pvVRAM=0000000007e40000 w=1024 h=768 bpp=32 cbLine=0x1000 flags=0x1
00:00:13.608253 VBVA: InfoScreen: [0] @0,0 1024x768, line 0x1000, BPP 32, flags 0x1
00:00:13.608266 Display::handleDisplayResize: uScreenId=0 pvVRAM=0000000007e40000 w=1024 h=768 bpp=32 cbLine=0x1000 flags=0x1
00:00:13.609036 VBVA: InfoScreen: [0] @0,0 1024x768, line 0x1000, BPP 32, flags 0x1
00:00:13.609051 Display::handleDisplayResize: uScreenId=0 pvVRAM=0000000007e40000 w=1024 h=768 bpp=32 cbLine=0x1000 flags=0x1
00:00:13.611795 VBVA: InfoScreen: [0] @0,0 1024x768, line 0x1000, BPP 32, flags 0x1
00:00:13.611814 Display::handleDisplayResize: uScreenId=0 pvVRAM=0000000007e40000 w=1024 h=768 bpp=32 cbLine=0x1000 flags=0x1
00:00:13.615203 VBVA: InfoScreen: [0] @0,0 1024x768, line 0x1000, BPP 32, flags 0x1
00:00:13.615228 Display::handleDisplayResize: uScreenId=0 pvVRAM=0000000007e40000 w=1024 h=768 bpp=32 cbLine=0x1000 flags=0x1
00:00:13.617799 VBVA: InfoScreen: [0] @0,0 1024x768, line 0x1000, BPP 32, flags 0x1
00:00:13.617824 Display::handleDisplayResize: uScreenId=0 pvVRAM=0000000007e40000 w=1024 h=768 bpp=32 cbLine=0x1000 flags=0x1
00:00:13.655149 VBVA: InfoScreen: [0] @0,0 1024x768, line 0x1000, BPP 32, flags 0x1
00:00:13.655186 Display::handleDisplayResize: uScreenId=0 pvVRAM=0000000007e40000 w=1024 h=768 bpp=32 cbLine=0x1000 flags=0x1
00:00:13.655519 VBVA: InfoScreen: [0] @0,0 1024x768, line 0x1000, BPP 32, flags 0x1
00:00:13.655538 Display::handleDisplayResize: uScreenId=0 pvVRAM=0000000007e40000 w=1024 h=768 bpp=32 cbLine=0x1000 flags=0x1
00:00:13.655685 VBVA: InfoScreen: [0] @0,0 1024x768, line 0x1000, BPP 32, flags 0x1
00:00:13.655700 Display::handleDisplayResize: uScreenId=0 pvVRAM=0000000007e40000 w=1024 h=768 bpp=32 cbLine=0x1000 flags=0x1
00:00:13.655825 VBVA: InfoScreen: [0] @0,0 1024x768, line 0x1000, BPP 32, flags 0x1
00:00:13.655838 Display::handleDisplayResize: uScreenId=0 pvVRAM=0000000007e40000 w=1024 h=768 bpp=32 cbLine=0x1000 flags=0x1
00:00:13.657396 VBVA: InfoScreen: [0] @0,0 1024x768, line 0x1000, BPP 32, flags 0x1
00:00:13.657414 Display::handleDisplayResize: uScreenId=0 pvVRAM=0000000007e40000 w=1024 h=768 bpp=32 cbLine=0x1000 flags=0x1
00:00:13.659323 VBVA: InfoScreen: [0] @0,0 1024x768, line 0x1000, BPP 32, flags 0x1
00:00:13.659341 Display::handleDisplayResize: uScreenId=0 pvVRAM=0000000007e40000 w=1024 h=768 bpp=32 cbLine=0x1000 flags=0x1
00:00:13.659444 VBVA: InfoScreen: [0] @0,0 1024x768, line 0x1000, BPP 32, flags 0x1
00:00:13.659458 Display::handleDisplayResize: uScreenId=0 pvVRAM=0000000007e40000 w=1024 h=768 bpp=32 cbLine=0x1000 flags=0x1
00:00:13.659568 VBVA: InfoScreen: [0] @0,0 1024x768, line 0x1000, BPP 32, flags 0x1
00:00:13.659582 Display::handleDisplayResize: uScreenId=0 pvVRAM=0000000007e40000 w=1024 h=768 bpp=32 cbLine=0x1000 flags=0x1
00:00:13.659717 VBVA: InfoScreen: [0] @0,0 1024x768, line 0x1000, BPP 32, flags 0x1
00:00:13.659731 Display::handleDisplayResize: uScreenId=0 pvVRAM=0000000007e40000 w=1024 h=768 bpp=32 cbLine=0x1000 flags=0x1
00:00:13.659832 VBVA: InfoScreen: [0] @0,0 1024x768, line 0x1000, BPP 32, flags 0x1
00:00:13.659845 Display::handleDisplayResize: uScreenId=0 pvVRAM=0000000007e40000 w=1024 h=768 bpp=32 cbLine=0x1000 flags=0x1
00:00:13.662386 VBVA: InfoScreen: [0] @0,0 1024x768, line 0x1000, BPP 32, flags 0x1
00:00:13.662411 Display::handleDisplayResize: uScreenId=0 pvVRAM=0000000007e40000 w=1024 h=768 bpp=32 cbLine=0x1000 flags=0x1
00:00:13.682165 VBVA: InfoScreen: [0] @0,0 1024x768, line 0x1000, BPP 32, flags 0x1
00:00:13.682197 Display::handleDisplayResize: uScreenId=0 pvVRAM=0000000007e40000 w=1024 h=768 bpp=32 cbLine=0x1000 flags=0x1
00:00:13.682333 VBVA: InfoScreen: [0] @0,0 1024x768, line 0x1000, BPP 32, flags 0x1
00:00:13.682349 Display::handleDisplayResize: uScreenId=0 pvVRAM=0000000007e40000 w=1024 h=768 bpp=32 cbLine=0x1000 flags=0x1
00:00:13.682452 VBVA: InfoScreen: [0] @0,0 1024x768, line 0x1000, BPP 32, flags 0x1
00:00:13.682466 Display::handleDisplayResize: uScreenId=0 pvVRAM=0000000007e40000 w=1024 h=768 bpp=32 cbLine=0x1000 flags=0x1
00:00:13.682583 VBVA: InfoScreen: [0] @0,0 1024x768, line 0x1000, BPP 32, flags 0x1
00:00:13.682597 Display::handleDisplayResize: uScreenId=0 pvVRAM=0000000007e40000 w=1024 h=768 bpp=32 cbLine=0x1000 flags=0x1
00:00:13.682741 VBVA: InfoScreen: [0] @0,0 1024x768, line 0x1000, BPP 32, flags 0x1
00:00:13.682755 Display::handleDisplayResize: uScreenId=0 pvVRAM=0000000007e40000 w=1024 h=768 bpp=32 cbLine=0x1000 flags=0x1
00:00:13.684265 VBVA: InfoScreen: [0] @0,0 1024x768, line 0x1000, BPP 32, flags 0x1
00:00:13.684284 Display::handleDisplayResize: uScreenId=0 pvVRAM=0000000007e40000 w=1024 h=768 bpp=32 cbLine=0x1000 flags=0x1
00:00:13.723316 VBVA: InfoScreen: [0] @0,0 1024x768, line 0x1000, BPP 32, flags 0x1
00:00:13.723347 Display::handleDisplayResize: uScreenId=0 pvVRAM=0000000007e40000 w=1024 h=768 bpp=32 cbLine=0x1000 flags=0x1
00:00:13.723462 VBVA: InfoScreen: [0] @0,0 1024x768, line 0x1000, BPP 32, flags 0x1
00:00:13.723475 Display::handleDisplayResize: uScreenId=0 pvVRAM=0000000007e40000 w=1024 h=768 bpp=32 cbLine=0x1000 flags=0x1
00:00:13.725585 VBVA: InfoScreen: [0] @0,0 1024x768, line 0x1000, BPP 32, flags 0x1
00:00:13.725606 Display::handleDisplayResize: uScreenId=0 pvVRAM=0000000007e40000 w=1024 h=768 bpp=32 cbLine=0x1000 flags=0x1
00:00:13.725966 VBVA: InfoScreen: [0] @0,0 1024x768, line 0x1000, BPP 32, flags 0x1
00:00:13.725980 Display::handleDisplayResize: uScreenId=0 pvVRAM=0000000007e40000 w=1024 h=768 bpp=32 cbLine=0x1000 flags=0x1
00:00:13.812896 VBVA: InfoScreen: [0] @0,0 1024x768, line 0x1000, BPP 32, flags 0x1
00:00:13.812928 Display::handleDisplayResize: uScreenId=0 pvVRAM=0000000007e40000 w=1024 h=768 bpp=32 cbLine=0x1000 flags=0x1
00:00:13.819030 VBVA: InfoScreen: [0] @0,0 1024x768, line 0x1000, BPP 32, flags 0x1
00:00:13.819060 Display::handleDisplayResize: uScreenId=0 pvVRAM=0000000007e40000 w=1024 h=768 bpp=32 cbLine=0x1000 flags=0x1
00:00:13.896497 VBVA: InfoScreen: [0] @0,0 1024x768, line 0x1000, BPP 32, flags 0x1
00:00:13.896539 Display::handleDisplayResize: uScreenId=0 pvVRAM=0000000007e40000 w=1024 h=768 bpp=32 cbLine=0x1000 flags=0x1
00:00:13.899114 VBVA: InfoScreen: [0] @0,0 1024x768, line 0x1000, BPP 32, flags 0x1
00:00:13.899150 Display::handleDisplayResize: uScreenId=0 pvVRAM=0000000007e40000 w=1024 h=768 bpp=32 cbLine=0x1000 flags=0x1
00:00:13.901142 VBVA: InfoScreen: [0] @0,0 1024x768, line 0x1000, BPP 32, flags 0x1
00:00:13.901172 Display::handleDisplayResize: uScreenId=0 pvVRAM=0000000007e40000 w=1024 h=768 bpp=32 cbLine=0x1000 flags=0x1
00:00:13.902990 VBVA: InfoScreen: [0] @0,0 1024x768, line 0x1000, BPP 32, flags 0x1
00:00:13.903018 Display::handleDisplayResize: uScreenId=0 pvVRAM=0000000007e40000 w=1024 h=768 bpp=32 cbLine=0x1000 flags=0x1
00:00:13.903175 VBVA: InfoScreen: [0] @0,0 1024x768, line 0x1000, BPP 32, flags 0x1
00:00:13.903195 Display::handleDisplayResize: uScreenId=0 pvVRAM=0000000007e40000 w=1024 h=768 bpp=32 cbLine=0x1000 flags=0x1
00:00:13.904458 VBVA: InfoScreen: [0] @0,0 1024x768, line 0x1000, BPP 32, flags 0x1
00:00:13.904481 Display::handleDisplayResize: uScreenId=0 pvVRAM=0000000007e40000 w=1024 h=768 bpp=32 cbLine=0x1000 flags=0x1
00:00:13.905016 VBVA: InfoScreen: [0] @0,0 1024x768, line 0x1000, BPP 32, flags 0x1
00:00:13.905044 Display::handleDisplayResize: uScreenId=0 pvVRAM=0000000007e40000 w=1024 h=768 bpp=32 cbLine=0x1000 flags=0x1
00:00:13.905645 VBVA: InfoScreen: [0] @0,0 1024x768, line 0x1000, BPP 32, flags 0x1
00:00:13.905666 Display::handleDisplayResize: uScreenId=0 pvVRAM=0000000007e40000 w=1024 h=768 bpp=32 cbLine=0x1000 flags=0x1
00:00:13.946684 VBVA: InfoScreen: [0] @0,0 1024x768, line 0x1000, BPP 32, flags 0x1
00:00:13.946719 Display::handleDisplayResize: uScreenId=0 pvVRAM=0000000007e40000 w=1024 h=768 bpp=32 cbLine=0x1000 flags=0x1
00:00:13.946900 VBVA: InfoScreen: [0] @0,0 1024x768, line 0x1000, BPP 32, flags 0x1
00:00:13.946921 Display::handleDisplayResize: uScreenId=0 pvVRAM=0000000007e40000 w=1024 h=768 bpp=32 cbLine=0x1000 flags=0x1
00:00:13.948627 VBVA: InfoScreen: [0] @0,0 1024x768, line 0x1000, BPP 32, flags 0x1
00:00:13.948652 Display::handleDisplayResize: uScreenId=0 pvVRAM=0000000007e40000 w=1024 h=768 bpp=32 cbLine=0x1000 flags=0x1
00:00:13.951017 VBVA: InfoScreen: [0] @0,0 1024x768, line 0x1000, BPP 32, flags 0x1
00:00:13.951043 Display::handleDisplayResize: uScreenId=0 pvVRAM=0000000007e40000 w=1024 h=768 bpp=32 cbLine=0x1000 flags=0x1
00:00:13.978129 VBVA: InfoScreen: [0] @0,0 1024x768, line 0x1000, BPP 32, flags 0x1
00:00:13.978169 Display::handleDisplayResize: uScreenId=0 pvVRAM=0000000007e40000 w=1024 h=768 bpp=32 cbLine=0x1000 flags=0x1
00:00:14.020949 VBVA: InfoScreen: [0] @0,0 1024x768, line 0x1000, BPP 32, flags 0x1
00:00:14.020978 Display::handleDisplayResize: uScreenId=0 pvVRAM=0000000007e40000 w=1024 h=768 bpp=32 cbLine=0x1000 flags=0x1
00:00:14.033774 VBVA: InfoScreen: [0] @0,0 1024x768, line 0x1000, BPP 32, flags 0x1
00:00:14.033806 Display::handleDisplayResize: uScreenId=0 pvVRAM=0000000007e40000 w=1024 h=768 bpp=32 cbLine=0x1000 flags=0x1
00:00:14.035482 VBVA: InfoScreen: [0] @0,0 1024x768, line 0x1000, BPP 32, flags 0x1
00:00:14.035508 Display::handleDisplayResize: uScreenId=0 pvVRAM=0000000007e40000 w=1024 h=768 bpp=32 cbLine=0x1000 flags=0x1
00:00:14.035737 VBVA: InfoScreen: [0] @0,0 1024x768, line 0x1000, BPP 32, flags 0x1
00:00:14.035759 Display::handleDisplayResize: uScreenId=0 pvVRAM=0000000007e40000 w=1024 h=768 bpp=32 cbLine=0x1000 flags=0x1
00:00:14.036521 VBVA: InfoScreen: [0] @0,0 1024x768, line 0x1000, BPP 32, flags 0x1
00:00:14.036543 Display::handleDisplayResize: uScreenId=0 pvVRAM=0000000007e40000 w=1024 h=768 bpp=32 cbLine=0x1000 flags=0x1
00:00:14.229002 VBVA: InfoScreen: [0] @0,0 1024x768, line 0x1000, BPP 32, flags 0x1
00:00:14.229038 Display::handleDisplayResize: uScreenId=0 pvVRAM=0000000007e40000 w=1024 h=768 bpp=32 cbLine=0x1000 flags=0x1
00:00:14.230360 VBVA: InfoScreen: [0] @0,0 1024x768, line 0x1000, BPP 32, flags 0x1
00:00:14.230389 Display::handleDisplayResize: uScreenId=0 pvVRAM=0000000007e40000 w=1024 h=768 bpp=32 cbLine=0x1000 flags=0x1
00:00:14.231688 VBVA: InfoScreen: [0] @0,0 1024x768, line 0x1000, BPP 32, flags 0x1
00:00:14.231716 Display::handleDisplayResize: uScreenId=0 pvVRAM=0000000007e40000 w=1024 h=768 bpp=32 cbLine=0x1000 flags=0x1
00:00:14.234310 VBVA: InfoScreen: [0] @0,0 1024x768, line 0x1000, BPP 32, flags 0x1
00:00:14.234337 Display::handleDisplayResize: uScreenId=0 pvVRAM=0000000007e40000 w=1024 h=768 bpp=32 cbLine=0x1000 flags=0x1
00:00:14.423360 VBVA: InfoScreen: [0] @0,0 1024x768, line 0x1000, BPP 32, flags 0x1
00:00:14.423394 Display::handleDisplayResize: uScreenId=0 pvVRAM=0000000007e40000 w=1024 h=768 bpp=32 cbLine=0x1000 flags=0x1
00:00:14.424594 VBVA: InfoScreen: [0] @0,0 1024x768, line 0x1000, BPP 32, flags 0x1
00:00:14.424622 Display::handleDisplayResize: uScreenId=0 pvVRAM=0000000007e40000 w=1024 h=768 bpp=32 cbLine=0x1000 flags=0x1
00:00:14.426379 VBVA: InfoScreen: [0] @0,0 1024x768, line 0x1000, BPP 32, flags 0x1
00:00:14.426406 Display::handleDisplayResize: uScreenId=0 pvVRAM=0000000007e40000 w=1024 h=768 bpp=32 cbLine=0x1000 flags=0x1
00:00:14.434376 VBVA: InfoScreen: [0] @0,0 1024x768, line 0x1000, BPP 32, flags 0x1
00:00:14.434409 Display::handleDisplayResize: uScreenId=0 pvVRAM=0000000007e40000 w=1024 h=768 bpp=32 cbLine=0x1000 flags=0x1
00:00:14.435594 VBVA: InfoScreen: [0] @0,0 1024x768, line 0x1000, BPP 32, flags 0x1
00:00:14.435625 Display::handleDisplayResize: uScreenId=0 pvVRAM=0000000007e40000 w=1024 h=768 bpp=32 cbLine=0x1000 flags=0x1
00:00:14.435815 VBVA: InfoScreen: [0] @0,0 1024x768, line 0x1000, BPP 32, flags 0x1
00:00:14.435836 Display::handleDisplayResize: uScreenId=0 pvVRAM=0000000007e40000 w=1024 h=768 bpp=32 cbLine=0x1000 flags=0x1
00:00:14.437323 VBVA: InfoScreen: [0] @0,0 1024x768, line 0x1000, BPP 32, flags 0x1
00:00:14.437346 Display::handleDisplayResize: uScreenId=0 pvVRAM=0000000007e40000 w=1024 h=768 bpp=32 cbLine=0x1000 flags=0x1
00:00:14.462021 VBVA: InfoScreen: [0] @0,0 1024x768, line 0x1000, BPP 32, flags 0x1
00:00:14.462059 Display::handleDisplayResize: uScreenId=0 pvVRAM=0000000007e40000 w=1024 h=768 bpp=32 cbLine=0x1000 flags=0x1
00:00:14.462194 VBVA: InfoScreen: [0] @0,0 1024x768, line 0x1000, BPP 32, flags 0x1
00:00:14.462211 Display::handleDisplayResize: uScreenId=0 pvVRAM=0000000007e40000 w=1024 h=768 bpp=32 cbLine=0x1000 flags=0x1
00:00:14.462348 VBVA: InfoScreen: [0] @0,0 1024x768, line 0x1000, BPP 32, flags 0x1
00:00:14.462365 Display::handleDisplayResize: uScreenId=0 pvVRAM=0000000007e40000 w=1024 h=768 bpp=32 cbLine=0x1000 flags=0x1
00:00:14.462482 VBVA: InfoScreen: [0] @0,0 1024x768, line 0x1000, BPP 32, flags 0x1
00:00:14.462497 Display::handleDisplayResize: uScreenId=0 pvVRAM=0000000007e40000 w=1024 h=768 bpp=32 cbLine=0x1000 flags=0x1
00:00:14.462613 VBVA: InfoScreen: [0] @0,0 1024x768, line 0x1000, BPP 32, flags 0x1
00:00:14.462629 Display::handleDisplayResize: uScreenId=0 pvVRAM=0000000007e40000 w=1024 h=768 bpp=32 cbLine=0x1000 flags=0x1
00:00:14.462790 VBVA: InfoScreen: [0] @0,0 1024x768, line 0x1000, BPP 32, flags 0x1
00:00:14.462809 Display::handleDisplayResize: uScreenId=0 pvVRAM=0000000007e40000 w=1024 h=768 bpp=32 cbLine=0x1000 flags=0x1
00:00:14.464487 VBVA: InfoScreen: [0] @0,0 1024x768, line 0x1000, BPP 32, flags 0x1
00:00:14.464509 Display::handleDisplayResize: uScreenId=0 pvVRAM=0000000007e40000 w=1024 h=768 bpp=32 cbLine=0x1000 flags=0x1
00:00:14.471329 VBVA: InfoScreen: [0] @0,0 1024x768, line 0x1000, BPP 32, flags 0x1
00:00:14.471355 Display::handleDisplayResize: uScreenId=0 pvVRAM=0000000007e40000 w=1024 h=768 bpp=32 cbLine=0x1000 flags=0x1
00:00:14.471978 VBVA: InfoScreen: [0] @0,0 1024x768, line 0x1000, BPP 32, flags 0x1
00:00:14.471998 Display::handleDisplayResize: uScreenId=0 pvVRAM=0000000007e40000 w=1024 h=768 bpp=32 cbLine=0x1000 flags=0x1
00:00:14.473421 VBVA: InfoScreen: [0] @0,0 1024x768, line 0x1000, BPP 32, flags 0x1
00:00:14.473442 Display::handleDisplayResize: uScreenId=0 pvVRAM=0000000007e40000 w=1024 h=768 bpp=32 cbLine=0x1000 flags=0x1
00:00:14.475220 VBVA: InfoScreen: [0] @0,0 1024x768, line 0x1000, BPP 32, flags 0x1
00:00:14.475241 Display::handleDisplayResize: uScreenId=0 pvVRAM=0000000007e40000 w=1024 h=768 bpp=32 cbLine=0x1000 flags=0x1
00:00:14.645067 VBVA: InfoScreen: [0] @0,0 1024x768, line 0x1000, BPP 32, flags 0x1
00:00:14.645113 Display::handleDisplayResize: uScreenId=0 pvVRAM=0000000007e40000 w=1024 h=768 bpp=32 cbLine=0x1000 flags=0x1
00:00:14.721724 VBVA: InfoScreen: [0] @0,0 1024x768, line 0x1000, BPP 32, flags 0x1
00:00:14.721761 Display::handleDisplayResize: uScreenId=0 pvVRAM=0000000007e40000 w=1024 h=768 bpp=32 cbLine=0x1000 flags=0x1
00:00:14.721969 VBVA: InfoScreen: [0] @0,0 1024x768, line 0x1000, BPP 32, flags 0x1
00:00:14.721991 Display::handleDisplayResize: uScreenId=0 pvVRAM=0000000007e40000 w=1024 h=768 bpp=32 cbLine=0x1000 flags=0x1
00:00:14.723594 VBVA: InfoScreen: [0] @0,0 1024x768, line 0x1000, BPP 32, flags 0x1
00:00:14.723619 Display::handleDisplayResize: uScreenId=0 pvVRAM=0000000007e40000 w=1024 h=768 bpp=32 cbLine=0x1000 flags=0x1
00:00:14.724570 VBVA: InfoScreen: [0] @0,0 1024x768, line 0x1000, BPP 32, flags 0x1
00:00:14.724594 Display::handleDisplayResize: uScreenId=0 pvVRAM=0000000007e40000 w=1024 h=768 bpp=32 cbLine=0x1000 flags=0x1
00:00:14.853087 VBVA: InfoScreen: [0] @0,0 1024x768, line 0x1000, BPP 32, flags 0x1
00:00:14.853133 Display::handleDisplayResize: uScreenId=0 pvVRAM=0000000007e40000 w=1024 h=768 bpp=32 cbLine=0x1000 flags=0x1
00:00:14.964609 VBVA: InfoScreen: [0] @0,0 1024x768, line 0x1000, BPP 32, flags 0x1
00:00:14.964655 Display::handleDisplayResize: uScreenId=0 pvVRAM=0000000007e40000 w=1024 h=768 bpp=32 cbLine=0x1000 flags=0x1
00:00:14.966662 VBVA: InfoScreen: [0] @0,0 1024x768, line 0x1000, BPP 32, flags 0x1
00:00:14.966697 Display::handleDisplayResize: uScreenId=0 pvVRAM=0000000007e40000 w=1024 h=768 bpp=32 cbLine=0x1000 flags=0x1
00:00:14.968613 VBVA: InfoScreen: [0] @0,0 1024x768, line 0x1000, BPP 32, flags 0x1
00:00:14.968644 Display::handleDisplayResize: uScreenId=0 pvVRAM=0000000007e40000 w=1024 h=768 bpp=32 cbLine=0x1000 flags=0x1
00:00:14.969767 VBVA: InfoScreen: [0] @0,0 1024x768, line 0x1000, BPP 32, flags 0x1
00:00:14.969794 Display::handleDisplayResize: uScreenId=0 pvVRAM=0000000007e40000 w=1024 h=768 bpp=32 cbLine=0x1000 flags=0x1
00:00:15.060907 VBVA: InfoScreen: [0] @0,0 1024x768, line 0x1000, BPP 32, flags 0x1
00:00:15.060939 Display::handleDisplayResize: uScreenId=0 pvVRAM=0000000007e40000 w=1024 h=768 bpp=32 cbLine=0x1000 flags=0x1
00:00:15.269124 VBVA: InfoScreen: [0] @0,0 1024x768, line 0x1000, BPP 32, flags 0x1
00:00:15.269158 Display::handleDisplayResize: uScreenId=0 pvVRAM=0000000007e40000 w=1024 h=768 bpp=32 cbLine=0x1000 flags=0x1
00:00:15.477838 VBVA: InfoScreen: [0] @0,0 1024x768, line 0x1000, BPP 32, flags 0x1
00:00:15.477874 Display::handleDisplayResize: uScreenId=0 pvVRAM=0000000007e40000 w=1024 h=768 bpp=32 cbLine=0x1000 flags=0x1
00:00:15.684777 VBVA: InfoScreen: [0] @0,0 1024x768, line 0x1000, BPP 32, flags 0x1
00:00:15.684810 Display::handleDisplayResize: uScreenId=0 pvVRAM=0000000007e40000 w=1024 h=768 bpp=32 cbLine=0x1000 flags=0x1
00:00:15.881164 VBVA: InfoScreen: [0] @0,0 1024x768, line 0x1000, BPP 32, flags 0x1
00:00:15.881199 Display::handleDisplayResize: uScreenId=0 pvVRAM=0000000007e40000 w=1024 h=768 bpp=32 cbLine=0x1000 flags=0x1
00:00:15.882833 VBVA: InfoScreen: [0] @0,0 1024x768, line 0x1000, BPP 32, flags 0x1
00:00:15.882873 Display::handleDisplayResize: uScreenId=0 pvVRAM=0000000007e40000 w=1024 h=768 bpp=32 cbLine=0x1000 flags=0x1
00:00:15.885330 VBVA: InfoScreen: [0] @0,0 1024x768, line 0x1000, BPP 32, flags 0x1
00:00:15.885356 Display::handleDisplayResize: uScreenId=0 pvVRAM=0000000007e40000 w=1024 h=768 bpp=32 cbLine=0x1000 flags=0x1
00:00:15.893221 VBVA: InfoScreen: [0] @0,0 1024x768, line 0x1000, BPP 32, flags 0x1
00:00:15.893249 Display::handleDisplayResize: uScreenId=0 pvVRAM=0000000007e40000 w=1024 h=768 bpp=32 cbLine=0x1000 flags=0x1
00:00:15.953525 VBVA: InfoScreen: [0] @0,0 1024x768, line 0x1000, BPP 32, flags 0x1
00:00:15.953568 Display::handleDisplayResize: uScreenId=0 pvVRAM=0000000007e40000 w=1024 h=768 bpp=32 cbLine=0x1000 flags=0x1
00:00:15.953764 VBVA: InfoScreen: [0] @0,0 1024x768, line 0x1000, BPP 32, flags 0x1
00:00:15.953786 Display::handleDisplayResize: uScreenId=0 pvVRAM=0000000007e40000 w=1024 h=768 bpp=32 cbLine=0x1000 flags=0x1
00:00:15.953937 VBVA: InfoScreen: [0] @0,0 1024x768, line 0x1000, BPP 32, flags 0x1
00:00:15.953957 Display::handleDisplayResize: uScreenId=0 pvVRAM=0000000007e40000 w=1024 h=768 bpp=32 cbLine=0x1000 flags=0x1
00:00:15.954094 VBVA: InfoScreen: [0] @0,0 1024x768, line 0x1000, BPP 32, flags 0x1
00:00:15.954112 Display::handleDisplayResize: uScreenId=0 pvVRAM=0000000007e40000 w=1024 h=768 bpp=32 cbLine=0x1000 flags=0x1
00:00:15.956670 VBVA: InfoScreen: [0] @0,0 1024x768, line 0x1000, BPP 32, flags 0x1
00:00:15.956707 Display::handleDisplayResize: uScreenId=0 pvVRAM=0000000007e40000 w=1024 h=768 bpp=32 cbLine=0x1000 flags=0x1
00:00:15.959758 VBVA: InfoScreen: [0] @0,0 1024x768, line 0x1000, BPP 32, flags 0x1
00:00:15.959798 Display::handleDisplayResize: uScreenId=0 pvVRAM=0000000007e40000 w=1024 h=768 bpp=32 cbLine=0x1000 flags=0x1
00:00:15.962279 VBVA: InfoScreen: [0] @0,0 1024x768, line 0x1000, BPP 32, flags 0x1
00:00:15.962318 Display::handleDisplayResize: uScreenId=0 pvVRAM=0000000007e40000 w=1024 h=768 bpp=32 cbLine=0x1000 flags=0x1
00:00:15.965286 VBVA: InfoScreen: [0] @0,0 1024x768, line 0x1000, BPP 32, flags 0x1
00:00:15.965328 Display::handleDisplayResize: uScreenId=0 pvVRAM=0000000007e40000 w=1024 h=768 bpp=32 cbLine=0x1000 flags=0x1
00:00:15.965515 VBVA: InfoScreen: [0] @0,0 1024x768, line 0x1000, BPP 32, flags 0x1
00:00:15.965535 Display::handleDisplayResize: uScreenId=0 pvVRAM=0000000007e40000 w=1024 h=768 bpp=32 cbLine=0x1000 flags=0x1
00:00:15.967111 VBVA: InfoScreen: [0] @0,0 1024x768, line 0x1000, BPP 32, flags 0x1
00:00:15.967135 Display::handleDisplayResize: uScreenId=0 pvVRAM=0000000007e40000 w=1024 h=768 bpp=32 cbLine=0x1000 flags=0x1
00:00:16.101200 VBVA: InfoScreen: [0] @0,0 1024x768, line 0x1000, BPP 32, flags 0x1
00:00:16.101231 Display::handleDisplayResize: uScreenId=0 pvVRAM=0000000007e40000 w=1024 h=768 bpp=32 cbLine=0x1000 flags=0x1
00:00:16.309203 VBVA: InfoScreen: [0] @0,0 1024x768, line 0x1000, BPP 32, flags 0x1
00:00:16.309238 Display::handleDisplayResize: uScreenId=0 pvVRAM=0000000007e40000 w=1024 h=768 bpp=32 cbLine=0x1000 flags=0x1
00:00:16.517248 VBVA: InfoScreen: [0] @0,0 1024x768, line 0x1000, BPP 32, flags 0x1
00:00:16.517285 Display::handleDisplayResize: uScreenId=0 pvVRAM=0000000007e40000 w=1024 h=768 bpp=32 cbLine=0x1000 flags=0x1
00:00:16.724741 VBVA: InfoScreen: [0] @0,0 1024x768, line 0x1000, BPP 32, flags 0x1
00:00:16.724774 Display::handleDisplayResize: uScreenId=0 pvVRAM=0000000007e40000 w=1024 h=768 bpp=32 cbLine=0x1000 flags=0x1
00:00:16.932760 VBVA: InfoScreen: [0] @0,0 1024x768, line 0x1000, BPP 32, flags 0x1
00:00:16.932791 Display::handleDisplayResize: uScreenId=0 pvVRAM=0000000007e40000 w=1024 h=768 bpp=32 cbLine=0x1000 flags=0x1
00:00:17.048071 VMMDev: Guest Log: vboxguest: host-version: 5.2.20r125813 0x1
00:00:17.050817 VMMDev: Guest Additions information report: Version 6.0.0 r127566 '6.0.0'
00:00:17.050874 VMMDev: Guest Additions information report: Interface = 0x00010004 osType = 0x00053100 (Linux >= 2.6, 64-bit)
00:00:17.050984 VMMDev: Guest Additions capability report: (0x0 -> 0x0) seamless: no, hostWindowMapping: no, graphics: no
00:00:17.051132 VMMDev: Guest reported fixed hypervisor window at 000c1800000 LB 0x800000 (rc=VINF_SUCCESS)
00:00:17.051169 VMMDev: vmmDevReqHandler_HeartbeatConfigure: No change (fHeartbeatActive=false).
00:00:17.051197 VMMDev: Heartbeat flatline timer set to trigger after 4 000 000 000 ns
00:00:17.051852 VMMDev: Guest Log: vbg_heartbeat_init: Setting up heartbeat to trigger every 2000 milliseconds
00:00:17.083130 VBVA: InfoScreen: [0] @0,0 1024x768, line 0x1000, BPP 32, flags 0x1
00:00:17.083157 Display::handleDisplayResize: uScreenId=0 pvVRAM=0000000007e40000 w=1024 h=768 bpp=32 cbLine=0x1000 flags=0x1
00:00:17.083256 VBVA: InfoScreen: [0] @0,0 1024x768, line 0x1000, BPP 32, flags 0x1
00:00:17.083268 Display::handleDisplayResize: uScreenId=0 pvVRAM=0000000007e40000 w=1024 h=768 bpp=32 cbLine=0x1000 flags=0x1
00:00:17.083354 VBVA: InfoScreen: [0] @0,0 1024x768, line 0x1000, BPP 32, flags 0x1
00:00:17.083365 Display::handleDisplayResize: uScreenId=0 pvVRAM=0000000007e40000 w=1024 h=768 bpp=32 cbLine=0x1000 flags=0x1
00:00:17.083930 VBVA: InfoScreen: [0] @0,0 1024x768, line 0x1000, BPP 32, flags 0x1
00:00:17.083943 Display::handleDisplayResize: uScreenId=0 pvVRAM=0000000007e40000 w=1024 h=768 bpp=32 cbLine=0x1000 flags=0x1
00:00:17.084024 VBVA: InfoScreen: [0] @0,0 1024x768, line 0x1000, BPP 32, flags 0x1
00:00:17.084034 Display::handleDisplayResize: uScreenId=0 pvVRAM=0000000007e40000 w=1024 h=768 bpp=32 cbLine=0x1000 flags=0x1
00:00:17.084114 VBVA: InfoScreen: [0] @0,0 1024x768, line 0x1000, BPP 32, flags 0x1
00:00:17.084125 Display::handleDisplayResize: uScreenId=0 pvVRAM=0000000007e40000 w=1024 h=768 bpp=32 cbLine=0x1000 flags=0x1
00:00:17.084218 VBVA: InfoScreen: [0] @0,0 1024x768, line 0x1000, BPP 32, flags 0x1
00:00:17.084228 Display::handleDisplayResize: uScreenId=0 pvVRAM=0000000007e40000 w=1024 h=768 bpp=32 cbLine=0x1000 flags=0x1
00:00:17.084316 VBVA: InfoScreen: [0] @0,0 1024x768, line 0x1000, BPP 32, flags 0x1
00:00:17.084329 Display::handleDisplayResize: uScreenId=0 pvVRAM=0000000007e40000 w=1024 h=768 bpp=32 cbLine=0x1000 flags=0x1
00:00:17.084411 VBVA: InfoScreen: [0] @0,0 1024x768, line 0x1000, BPP 32, flags 0x1
00:00:17.084421 Display::handleDisplayResize: uScreenId=0 pvVRAM=0000000007e40000 w=1024 h=768 bpp=32 cbLine=0x1000 flags=0x1
00:00:17.084929 VBVA: InfoScreen: [0] @0,0 1024x768, line 0x1000, BPP 32, flags 0x1
00:00:17.084941 Display::handleDisplayResize: uScreenId=0 pvVRAM=0000000007e40000 w=1024 h=768 bpp=32 cbLine=0x1000 flags=0x1
00:00:17.085819 VBVA: InfoScreen: [0] @0,0 1024x768, line 0x1000, BPP 32, flags 0x1
00:00:17.085833 Display::handleDisplayResize: uScreenId=0 pvVRAM=0000000007e40000 w=1024 h=768 bpp=32 cbLine=0x1000 flags=0x1
00:00:17.140903 VBVA: InfoScreen: [0] @0,0 1024x768, line 0x1000, BPP 32, flags 0x1
00:00:17.140942 Display::handleDisplayResize: uScreenId=0 pvVRAM=0000000007e40000 w=1024 h=768 bpp=32 cbLine=0x1000 flags=0x1
00:00:17.205359 VBVA: InfoScreen: [0] @0,0 1024x768, line 0x1000, BPP 32, flags 0x1
00:00:17.205400 Display::handleDisplayResize: uScreenId=0 pvVRAM=0000000007e40000 w=1024 h=768 bpp=32 cbLine=0x1000 flags=0x1
00:00:17.205860 VBVA: InfoScreen: [0] @0,0 1024x768, line 0x1000, BPP 32, flags 0x1
00:00:17.205884 Display::handleDisplayResize: uScreenId=0 pvVRAM=0000000007e40000 w=1024 h=768 bpp=32 cbLine=0x1000 flags=0x1
00:00:17.207919 VBVA: InfoScreen: [0] @0,0 1024x768, line 0x1000, BPP 32, flags 0x1
00:00:17.207946 Display::handleDisplayResize: uScreenId=0 pvVRAM=0000000007e40000 w=1024 h=768 bpp=32 cbLine=0x1000 flags=0x1
00:00:17.216140 VBVA: InfoScreen: [0] @0,0 1024x768, line 0x1000, BPP 32, flags 0x1
00:00:17.216171 Display::handleDisplayResize: uScreenId=0 pvVRAM=0000000007e40000 w=1024 h=768 bpp=32 cbLine=0x1000 flags=0x1
00:00:17.216318 VBVA: InfoScreen: [0] @0,0 1024x768, line 0x1000, BPP 32, flags 0x1
00:00:17.216338 Display::handleDisplayResize: uScreenId=0 pvVRAM=0000000007e40000 w=1024 h=768 bpp=32 cbLine=0x1000 flags=0x1
00:00:17.218438 VBVA: InfoScreen: [0] @0,0 1024x768, line 0x1000, BPP 32, flags 0x1
00:00:17.218463 Display::handleDisplayResize: uScreenId=0 pvVRAM=0000000007e40000 w=1024 h=768 bpp=32 cbLine=0x1000 flags=0x1
00:00:17.290085 VBVA: InfoScreen: [0] @0,0 1024x768, line 0x1000, BPP 32, flags 0x1
00:00:17.290130 Display::handleDisplayResize: uScreenId=0 pvVRAM=0000000007e40000 w=1024 h=768 bpp=32 cbLine=0x1000 flags=0x1
00:00:17.290301 VBVA: InfoScreen: [0] @0,0 1024x768, line 0x1000, BPP 32, flags 0x1
00:00:17.290322 Display::handleDisplayResize: uScreenId=0 pvVRAM=0000000007e40000 w=1024 h=768 bpp=32 cbLine=0x1000 flags=0x1
00:00:17.292360 VBVA: InfoScreen: [0] @0,0 1024x768, line 0x1000, BPP 32, flags 0x1
00:00:17.292387 Display::handleDisplayResize: uScreenId=0 pvVRAM=0000000007e40000 w=1024 h=768 bpp=32 cbLine=0x1000 flags=0x1
00:00:17.297621 VBVA: InfoScreen: [0] @0,0 1024x768, line 0x1000, BPP 32, flags 0x1
00:00:17.297654 Display::handleDisplayResize: uScreenId=0 pvVRAM=0000000007e40000 w=1024 h=768 bpp=32 cbLine=0x1000 flags=0x1
00:00:17.298881 VBVA: InfoScreen: [0] @0,0 1024x768, line 0x1000, BPP 32, flags 0x1
00:00:17.298908 Display::handleDisplayResize: uScreenId=0 pvVRAM=0000000007e40000 w=1024 h=768 bpp=32 cbLine=0x1000 flags=0x1
00:00:17.300932 VBVA: InfoScreen: [0] @0,0 1024x768, line 0x1000, BPP 32, flags 0x1
00:00:17.300959 Display::handleDisplayResize: uScreenId=0 pvVRAM=0000000007e40000 w=1024 h=768 bpp=32 cbLine=0x1000 flags=0x1
00:00:17.349019 VBVA: InfoScreen: [0] @0,0 1024x768, line 0x1000, BPP 32, flags 0x1
00:00:17.349064 Display::handleDisplayResize: uScreenId=0 pvVRAM=0000000007e40000 w=1024 h=768 bpp=32 cbLine=0x1000 flags=0x1
00:00:17.362911 IEM: rdmsr(0x619) -> #GP(0)
00:00:17.362981 IEM: rdmsr(0x64d) -> #GP(0)
00:00:17.432643 VBVA: InfoScreen: [0] @0,0 1024x768, line 0x1000, BPP 32, flags 0x1
00:00:17.432682 Display::handleDisplayResize: uScreenId=0 pvVRAM=0000000007e40000 w=1024 h=768 bpp=32 cbLine=0x1000 flags=0x1
00:00:17.432902 VBVA: InfoScreen: [0] @0,0 1024x768, line 0x1000, BPP 32, flags 0x1
00:00:17.432925 Display::handleDisplayResize: uScreenId=0 pvVRAM=0000000007e40000 w=1024 h=768 bpp=32 cbLine=0x1000 flags=0x1
00:00:17.433054 VBVA: InfoScreen: [0] @0,0 1024x768, line 0x1000, BPP 32, flags 0x1
00:00:17.433070 Display::handleDisplayResize: uScreenId=0 pvVRAM=0000000007e40000 w=1024 h=768 bpp=32 cbLine=0x1000 flags=0x1
00:00:17.442086 VBVA: InfoScreen: [0] @0,0 1024x768, line 0x1000, BPP 32, flags 0x1
00:00:17.442110 Display::handleDisplayResize: uScreenId=0 pvVRAM=0000000007e40000 w=1024 h=768 bpp=32 cbLine=0x1000 flags=0x1
00:00:17.442242 VBVA: InfoScreen: [0] @0,0 1024x768, line 0x1000, BPP 32, flags 0x1
00:00:17.442259 Display::handleDisplayResize: uScreenId=0 pvVRAM=0000000007e40000 w=1024 h=768 bpp=32 cbLine=0x1000 flags=0x1
00:00:17.442399 VBVA: InfoScreen: [0] @0,0 1024x768, line 0x1000, BPP 32, flags 0x1
00:00:17.442416 Display::handleDisplayResize: uScreenId=0 pvVRAM=0000000007e40000 w=1024 h=768 bpp=32 cbLine=0x1000 flags=0x1
00:00:17.453536 VBVA: InfoScreen: [0] @0,0 1024x768, line 0x1000, BPP 32, flags 0x1
00:00:17.453558 Display::handleDisplayResize: uScreenId=0 pvVRAM=0000000007e40000 w=1024 h=768 bpp=32 cbLine=0x1000 flags=0x1
00:00:17.453744 VBVA: InfoScreen: [0] @0,0 1024x768, line 0x1000, BPP 32, flags 0x1
00:00:17.453762 Display::handleDisplayResize: uScreenId=0 pvVRAM=0000000007e40000 w=1024 h=768 bpp=32 cbLine=0x1000 flags=0x1
00:00:17.453900 VBVA: InfoScreen: [0] @0,0 1024x768, line 0x1000, BPP 32, flags 0x1
00:00:17.453915 Display::handleDisplayResize: uScreenId=0 pvVRAM=0000000007e40000 w=1024 h=768 bpp=32 cbLine=0x1000 flags=0x1
00:00:17.454030 VBVA: InfoScreen: [0] @0,0 1024x768, line 0x1000, BPP 32, flags 0x1
00:00:17.454046 Display::handleDisplayResize: uScreenId=0 pvVRAM=0000000007e40000 w=1024 h=768 bpp=32 cbLine=0x1000 flags=0x1
00:00:17.454179 VBVA: InfoScreen: [0] @0,0 1024x768, line 0x1000, BPP 32, flags 0x1
00:00:17.454196 Display::handleDisplayResize: uScreenId=0 pvVRAM=0000000007e40000 w=1024 h=768 bpp=32 cbLine=0x1000 flags=0x1
00:00:17.454325 VBVA: InfoScreen: [0] @0,0 1024x768, line 0x1000, BPP 32, flags 0x1
00:00:17.454341 Display::handleDisplayResize: uScreenId=0 pvVRAM=0000000007e40000 w=1024 h=768 bpp=32 cbLine=0x1000 flags=0x1
00:00:17.454455 VBVA: InfoScreen: [0] @0,0 1024x768, line 0x1000, BPP 32, flags 0x1
00:00:17.454471 Display::handleDisplayResize: uScreenId=0 pvVRAM=0000000007e40000 w=1024 h=768 bpp=32 cbLine=0x1000 flags=0x1
00:00:17.454584 VBVA: InfoScreen: [0] @0,0 1024x768, line 0x1000, BPP 32, flags 0x1
00:00:17.454599 Display::handleDisplayResize: uScreenId=0 pvVRAM=0000000007e40000 w=1024 h=768 bpp=32 cbLine=0x1000 flags=0x1
00:00:17.454757 VBVA: InfoScreen: [0] @0,0 1024x768, line 0x1000, BPP 32, flags 0x1
00:00:17.454773 Display::handleDisplayResize: uScreenId=0 pvVRAM=0000000007e40000 w=1024 h=768 bpp=32 cbLine=0x1000 flags=0x1
00:00:17.456347 VBVA: InfoScreen: [0] @0,0 1024x768, line 0x1000, BPP 32, flags 0x1
00:00:17.456369 Display::handleDisplayResize: uScreenId=0 pvVRAM=0000000007e40000 w=1024 h=768 bpp=32 cbLine=0x1000 flags=0x1
00:00:17.476569 VBVA: InfoScreen: [0] @0,0 1024x768, line 0x1000, BPP 32, flags 0x1
00:00:17.476601 Display::handleDisplayResize: uScreenId=0 pvVRAM=0000000007e40000 w=1024 h=768 bpp=32 cbLine=0x1000 flags=0x1
00:00:17.511051 VBVA: InfoScreen: [0] @0,0 1024x768, line 0x1000, BPP 32, flags 0x1
00:00:17.511091 Display::handleDisplayResize: uScreenId=0 pvVRAM=0000000007e40000 w=1024 h=768 bpp=32 cbLine=0x1000 flags=0x1
00:00:17.512480 VBVA: InfoScreen: [0] @0,0 1024x768, line 0x1000, BPP 32, flags 0x1
00:00:17.512508 Display::handleDisplayResize: uScreenId=0 pvVRAM=0000000007e40000 w=1024 h=768 bpp=32 cbLine=0x1000 flags=0x1
00:00:17.514827 VBVA: InfoScreen: [0] @0,0 1024x768, line 0x1000, BPP 32, flags 0x1
00:00:17.514855 Display::handleDisplayResize: uScreenId=0 pvVRAM=0000000007e40000 w=1024 h=768 bpp=32 cbLine=0x1000 flags=0x1
00:00:17.556971 VBVA: InfoScreen: [0] @0,0 1024x768, line 0x1000, BPP 32, flags 0x1
00:00:17.557014 Display::handleDisplayResize: uScreenId=0 pvVRAM=0000000007e40000 w=1024 h=768 bpp=32 cbLine=0x1000 flags=0x1
00:00:17.664067 AC97: Reset
00:00:17.664336 AC97: Reset
00:00:17.667857 DSound: DirectSound playback is currently unavailable
00:00:17.670371 DSound: DirectSound playback is currently unavailable
00:00:17.672583 DSound: DirectSound playback is currently unavailable
00:00:17.674545 DSound: DirectSound playback is currently unavailable
00:00:17.676512 DSound: DirectSound playback is currently unavailable
00:00:17.680110 DSound: DirectSound playback is currently unavailable
00:00:17.685014 DSound: DirectSound playback is currently unavailable
00:00:17.689622 DSound: DirectSound playback is currently unavailable
00:00:17.699758 DSound: Guest source 'Line In' is using host recording device with GUID '{Default device}'
00:00:17.700146 DSound: Capture device currently is unavailable
00:00:17.702539 DSound: Guest source 'Line In' is using host recording device with GUID '{Default device}'
00:00:17.702875 DSound: Capture device currently is unavailable
00:00:17.705063 DSound: Guest source 'Line In' is using host recording device with GUID '{Default device}'
00:00:17.705399 DSound: Capture device currently is unavailable
00:00:17.707187 DSound: Guest source 'Line In' is using host recording device with GUID '{Default device}'
00:00:17.707520 DSound: Capture device currently is unavailable
00:00:17.709286 DSound: Guest source 'Line In' is using host recording device with GUID '{Default device}'
00:00:17.709625 DSound: Capture device currently is unavailable
00:00:17.714002 DSound: Guest source 'Line In' is using host recording device with GUID '{Default device}'
00:00:17.714293 DSound: Capture device currently is unavailable
00:00:17.717452 VBVA: InfoScreen: [0] @0,0 1024x768, line 0x1000, BPP 32, flags 0x1
00:00:17.717482 Display::handleDisplayResize: uScreenId=0 pvVRAM=0000000007e40000 w=1024 h=768 bpp=32 cbLine=0x1000 flags=0x1
00:00:17.719271 DSound: Guest source 'Line In' is using host recording device with GUID '{Default device}'
00:00:17.719559 DSound: Capture device currently is unavailable
00:00:17.720902 VBVA: InfoScreen: [0] @0,0 1024x768, line 0x1000, BPP 32, flags 0x1
00:00:17.720925 Display::handleDisplayResize: uScreenId=0 pvVRAM=0000000007e40000 w=1024 h=768 bpp=32 cbLine=0x1000 flags=0x1
00:00:17.722256 DSound: Guest source 'Line In' is using host recording device with GUID '{Default device}'
00:00:17.722540 DSound: Capture device currently is unavailable
00:00:17.723996 DSound: Guest source 'Line In' is using host recording device with GUID '{Default device}'
00:00:17.727068 DSound: Guest source 'Microphone In' is using host recording device with GUID '{Default device}'
00:00:17.730074 DSound: Guest source 'Microphone In' is using host recording device with GUID '{Default device}'
00:00:17.734072 DSound: Guest source 'Microphone In' is using host recording device with GUID '{Default device}'
00:00:17.734975 VBVA: InfoScreen: [0] @0,0 1024x768, line 0x1000, BPP 32, flags 0x1
00:00:17.734997 Display::handleDisplayResize: uScreenId=0 pvVRAM=0000000007e40000 w=1024 h=768 bpp=32 cbLine=0x1000 flags=0x1
00:00:17.735140 VBVA: InfoScreen: [0] @0,0 1024x768, line 0x1000, BPP 32, flags 0x1
00:00:17.735157 Display::handleDisplayResize: uScreenId=0 pvVRAM=0000000007e40000 w=1024 h=768 bpp=32 cbLine=0x1000 flags=0x1
00:00:17.736391 VBVA: InfoScreen: [0] @0,0 1024x768, line 0x1000, BPP 32, flags 0x1
00:00:17.736412 Display::handleDisplayResize: uScreenId=0 pvVRAM=0000000007e40000 w=1024 h=768 bpp=32 cbLine=0x1000 flags=0x1
00:00:17.736546 VBVA: InfoScreen: [0] @0,0 1024x768, line 0x1000, BPP 32, flags 0x1
00:00:17.736562 Display::handleDisplayResize: uScreenId=0 pvVRAM=0000000007e40000 w=1024 h=768 bpp=32 cbLine=0x1000 flags=0x1
00:00:17.736721 VBVA: InfoScreen: [0] @0,0 1024x768, line 0x1000, BPP 32, flags 0x1
00:00:17.736739 Display::handleDisplayResize: uScreenId=0 pvVRAM=0000000007e40000 w=1024 h=768 bpp=32 cbLine=0x1000 flags=0x1
00:00:17.736860 VBVA: InfoScreen: [0] @0,0 1024x768, line 0x1000, BPP 32, flags 0x1
00:00:17.736879 Display::handleDisplayResize: uScreenId=0 pvVRAM=0000000007e40000 w=1024 h=768 bpp=32 cbLine=0x1000 flags=0x1
00:00:17.736996 VBVA: InfoScreen: [0] @0,0 1024x768, line 0x1000, BPP 32, flags 0x1
00:00:17.737012 Display::handleDisplayResize: uScreenId=0 pvVRAM=0000000007e40000 w=1024 h=768 bpp=32 cbLine=0x1000 flags=0x1
00:00:17.737123 VBVA: InfoScreen: [0] @0,0 1024x768, line 0x1000, BPP 32, flags 0x1
00:00:17.737138 Display::handleDisplayResize: uScreenId=0 pvVRAM=0000000007e40000 w=1024 h=768 bpp=32 cbLine=0x1000 flags=0x1
00:00:17.737819 VBVA: InfoScreen: [0] @0,0 1024x768, line 0x1000, BPP 32, flags 0x1
00:00:17.737837 Display::handleDisplayResize: uScreenId=0 pvVRAM=0000000007e40000 w=1024 h=768 bpp=32 cbLine=0x1000 flags=0x1
00:00:17.740336 DSound: Guest source 'Microphone In' is using host recording device with GUID '{Default device}'
00:00:17.744038 DSound: Guest source 'Microphone In' is using host recording device with GUID '{Default device}'
00:00:17.747000 DSound: Guest source 'Microphone In' is using host recording device with GUID '{Default device}'
00:00:17.750308 DSound: Guest source 'Microphone In' is using host recording device with GUID '{Default device}'
00:00:17.751887 DSound: Guest source 'Microphone In' is using host recording device with GUID '{Default device}'
00:00:17.753402 DSound: Guest source 'Microphone In' is using host recording device with GUID '{Default device}'
00:00:17.764927 VBVA: InfoScreen: [0] @0,0 1024x768, line 0x1000, BPP 32, flags 0x1
00:00:17.764958 Display::handleDisplayResize: uScreenId=0 pvVRAM=0000000007e40000 w=1024 h=768 bpp=32 cbLine=0x1000 flags=0x1
00:00:17.774261 VBVA: InfoScreen: [0] @0,0 1024x768, line 0x1000, BPP 32, flags 0x1
00:00:17.774287 Display::handleDisplayResize: uScreenId=0 pvVRAM=0000000007e40000 w=1024 h=768 bpp=32 cbLine=0x1000 flags=0x1
00:00:17.774613 VBVA: InfoScreen: [0] @0,0 1024x768, line 0x1000, BPP 32, flags 0x1
00:00:17.774633 Display::handleDisplayResize: uScreenId=0 pvVRAM=0000000007e40000 w=1024 h=768 bpp=32 cbLine=0x1000 flags=0x1
00:00:17.774822 VBVA: InfoScreen: [0] @0,0 1024x768, line 0x1000, BPP 32, flags 0x1
00:00:17.774840 Display::handleDisplayResize: uScreenId=0 pvVRAM=0000000007e40000 w=1024 h=768 bpp=32 cbLine=0x1000 flags=0x1
00:00:17.774958 VBVA: InfoScreen: [0] @0,0 1024x768, line 0x1000, BPP 32, flags 0x1
00:00:17.774974 Display::handleDisplayResize: uScreenId=0 pvVRAM=0000000007e40000 w=1024 h=768 bpp=32 cbLine=0x1000 flags=0x1
00:00:17.775109 VBVA: InfoScreen: [0] @0,0 1024x768, line 0x1000, BPP 32, flags 0x1
00:00:17.775124 Display::handleDisplayResize: uScreenId=0 pvVRAM=0000000007e40000 w=1024 h=768 bpp=32 cbLine=0x1000 flags=0x1
00:00:17.775266 VBVA: InfoScreen: [0] @0,0 1024x768, line 0x1000, BPP 32, flags 0x1
00:00:17.775281 Display::handleDisplayResize: uScreenId=0 pvVRAM=0000000007e40000 w=1024 h=768 bpp=32 cbLine=0x1000 flags=0x1
00:00:17.775398 VBVA: InfoScreen: [0] @0,0 1024x768, line 0x1000, BPP 32, flags 0x1
00:00:17.775413 Display::handleDisplayResize: uScreenId=0 pvVRAM=0000000007e40000 w=1024 h=768 bpp=32 cbLine=0x1000 flags=0x1
00:00:17.778402 VBVA: InfoScreen: [0] @0,0 1024x768, line 0x1000, BPP 32, flags 0x1
00:00:17.778431 Display::handleDisplayResize: uScreenId=0 pvVRAM=0000000007e40000 w=1024 h=768 bpp=32 cbLine=0x1000 flags=0x1
00:00:17.781019 VBVA: InfoScreen: [0] @0,0 1024x768, line 0x1000, BPP 32, flags 0x1
00:00:17.781042 Display::handleDisplayResize: uScreenId=0 pvVRAM=0000000007e40000 w=1024 h=768 bpp=32 cbLine=0x1000 flags=0x1
00:00:17.781170 VBVA: InfoScreen: [0] @0,0 1024x768, line 0x1000, BPP 32, flags 0x1
00:00:17.781186 Display::handleDisplayResize: uScreenId=0 pvVRAM=0000000007e40000 w=1024 h=768 bpp=32 cbLine=0x1000 flags=0x1
00:00:17.781331 VBVA: InfoScreen: [0] @0,0 1024x768, line 0x1000, BPP 32, flags 0x1
00:00:17.781347 Display::handleDisplayResize: uScreenId=0 pvVRAM=0000000007e40000 w=1024 h=768 bpp=32 cbLine=0x1000 flags=0x1
00:00:17.784377 VBVA: InfoScreen: [0] @0,0 1024x768, line 0x1000, BPP 32, flags 0x1
00:00:17.784405 Display::handleDisplayResize: uScreenId=0 pvVRAM=0000000007e40000 w=1024 h=768 bpp=32 cbLine=0x1000 flags=0x1
00:00:17.808234 VBVA: InfoScreen: [0] @0,0 1024x768, line 0x1000, BPP 32, flags 0x1
00:00:17.808263 Display::handleDisplayResize: uScreenId=0 pvVRAM=0000000007e40000 w=1024 h=768 bpp=32 cbLine=0x1000 flags=0x1
00:00:17.808411 VBVA: InfoScreen: [0] @0,0 1024x768, line 0x1000, BPP 32, flags 0x1
00:00:17.808428 Display::handleDisplayResize: uScreenId=0 pvVRAM=0000000007e40000 w=1024 h=768 bpp=32 cbLine=0x1000 flags=0x1
00:00:17.808564 VBVA: InfoScreen: [0] @0,0 1024x768, line 0x1000, BPP 32, flags 0x1
00:00:17.808581 Display::handleDisplayResize: uScreenId=0 pvVRAM=0000000007e40000 w=1024 h=768 bpp=32 cbLine=0x1000 flags=0x1
00:00:17.808750 VBVA: InfoScreen: [0] @0,0 1024x768, line 0x1000, BPP 32, flags 0x1
00:00:17.808766 Display::handleDisplayResize: uScreenId=0 pvVRAM=0000000007e40000 w=1024 h=768 bpp=32 cbLine=0x1000 flags=0x1
00:00:17.808888 VBVA: InfoScreen: [0] @0,0 1024x768, line 0x1000, BPP 32, flags 0x1
00:00:17.808904 Display::handleDisplayResize: uScreenId=0 pvVRAM=0000000007e40000 w=1024 h=768 bpp=32 cbLine=0x1000 flags=0x1
00:00:17.809018 VBVA: InfoScreen: [0] @0,0 1024x768, line 0x1000, BPP 32, flags 0x1
00:00:17.809033 Display::handleDisplayResize: uScreenId=0 pvVRAM=0000000007e40000 w=1024 h=768 bpp=32 cbLine=0x1000 flags=0x1
00:00:17.810301 VBVA: InfoScreen: [0] @0,0 1024x768, line 0x1000, BPP 32, flags 0x1
00:00:17.810320 Display::handleDisplayResize: uScreenId=0 pvVRAM=0000000007e40000 w=1024 h=768 bpp=32 cbLine=0x1000 flags=0x1
00:00:17.810446 VBVA: InfoScreen: [0] @0,0 1024x768, line 0x1000, BPP 32, flags 0x1
00:00:17.810462 Display::handleDisplayResize: uScreenId=0 pvVRAM=0000000007e40000 w=1024 h=768 bpp=32 cbLine=0x1000 flags=0x1
00:00:17.810576 VBVA: InfoScreen: [0] @0,0 1024x768, line 0x1000, BPP 32, flags 0x1
00:00:17.810591 Display::handleDisplayResize: uScreenId=0 pvVRAM=0000000007e40000 w=1024 h=768 bpp=32 cbLine=0x1000 flags=0x1
00:00:17.811956 VBVA: InfoScreen: [0] @0,0 1024x768, line 0x1000, BPP 32, flags 0x1
00:00:17.811975 Display::handleDisplayResize: uScreenId=0 pvVRAM=0000000007e40000 w=1024 h=768 bpp=32 cbLine=0x1000 flags=0x1
00:00:17.817058 VBVA: InfoScreen: [0] @0,0 1024x768, line 0x1000, BPP 32, flags 0x1
00:00:17.817079 Display::handleDisplayResize: uScreenId=0 pvVRAM=0000000007e40000 w=1024 h=768 bpp=32 cbLine=0x1000 flags=0x1
00:00:17.817195 VBVA: InfoScreen: [0] @0,0 1024x768, line 0x1000, BPP 32, flags 0x1
00:00:17.817211 Display::handleDisplayResize: uScreenId=0 pvVRAM=0000000007e40000 w=1024 h=768 bpp=32 cbLine=0x1000 flags=0x1
00:00:17.817348 VBVA: InfoScreen: [0] @0,0 1024x768, line 0x1000, BPP 32, flags 0x1
00:00:17.817363 Display::handleDisplayResize: uScreenId=0 pvVRAM=0000000007e40000 w=1024 h=768 bpp=32 cbLine=0x1000 flags=0x1
00:00:17.817468 VBVA: InfoScreen: [0] @0,0 1024x768, line 0x1000, BPP 32, flags 0x1
00:00:17.817483 Display::handleDisplayResize: uScreenId=0 pvVRAM=0000000007e40000 w=1024 h=768 bpp=32 cbLine=0x1000 flags=0x1
00:00:17.817602 VBVA: InfoScreen: [0] @0,0 1024x768, line 0x1000, BPP 32, flags 0x1
00:00:17.817617 Display::handleDisplayResize: uScreenId=0 pvVRAM=0000000007e40000 w=1024 h=768 bpp=32 cbLine=0x1000 flags=0x1
00:00:17.819447 VBVA: InfoScreen: [0] @0,0 1024x768, line 0x1000, BPP 32, flags 0x1
00:00:17.819467 Display::handleDisplayResize: uScreenId=0 pvVRAM=0000000007e40000 w=1024 h=768 bpp=32 cbLine=0x1000 flags=0x1
00:00:17.829006 VBVA: InfoScreen: [0] @0,0 1024x768, line 0x1000, BPP 32, flags 0x1
00:00:17.829033 Display::handleDisplayResize: uScreenId=0 pvVRAM=0000000007e40000 w=1024 h=768 bpp=32 cbLine=0x1000 flags=0x1
00:00:17.831334 VBVA: InfoScreen: [0] @0,0 1024x768, line 0x1000, BPP 32, flags 0x1
00:00:17.831360 Display::handleDisplayResize: uScreenId=0 pvVRAM=0000000007e40000 w=1024 h=768 bpp=32 cbLine=0x1000 flags=0x1
00:00:17.831912 VBVA: InfoScreen: [0] @0,0 1024x768, line 0x1000, BPP 32, flags 0x1
00:00:17.831934 Display::handleDisplayResize: uScreenId=0 pvVRAM=0000000007e40000 w=1024 h=768 bpp=32 cbLine=0x1000 flags=0x1
00:00:17.844369 VBVA: InfoScreen: [0] @0,0 1024x768, line 0x1000, BPP 32, flags 0x1
00:00:17.844402 Display::handleDisplayResize: uScreenId=0 pvVRAM=0000000007e40000 w=1024 h=768 bpp=32 cbLine=0x1000 flags=0x1
00:00:17.845747 VBVA: InfoScreen: [0] @0,0 1024x768, line 0x1000, BPP 32, flags 0x1
00:00:17.845771 Display::handleDisplayResize: uScreenId=0 pvVRAM=0000000007e40000 w=1024 h=768 bpp=32 cbLine=0x1000 flags=0x1
00:00:17.854359 VBVA: InfoScreen: [0] @0,0 1024x768, line 0x1000, BPP 32, flags 0x1
00:00:17.854394 Display::handleDisplayResize: uScreenId=0 pvVRAM=0000000007e40000 w=1024 h=768 bpp=32 cbLine=0x1000 flags=0x1
00:00:17.855603 VBVA: InfoScreen: [0] @0,0 1024x768, line 0x1000, BPP 32, flags 0x1
00:00:17.855627 Display::handleDisplayResize: uScreenId=0 pvVRAM=0000000007e40000 w=1024 h=768 bpp=32 cbLine=0x1000 flags=0x1
00:00:17.875237 VBVA: InfoScreen: [0] @0,0 1024x768, line 0x1000, BPP 32, flags 0x1
00:00:17.875271 Display::handleDisplayResize: uScreenId=0 pvVRAM=0000000007e40000 w=1024 h=768 bpp=32 cbLine=0x1000 flags=0x1
00:00:17.875408 VBVA: InfoScreen: [0] @0,0 1024x768, line 0x1000, BPP 32, flags 0x1
00:00:17.875424 Display::handleDisplayResize: uScreenId=0 pvVRAM=0000000007e40000 w=1024 h=768 bpp=32 cbLine=0x1000 flags=0x1
00:00:17.875549 VBVA: InfoScreen: [0] @0,0 1024x768, line 0x1000, BPP 32, flags 0x1
00:00:17.875563 Display::handleDisplayResize: uScreenId=0 pvVRAM=0000000007e40000 w=1024 h=768 bpp=32 cbLine=0x1000 flags=0x1
00:00:17.875974 VBVA: InfoScreen: [0] @0,0 1024x768, line 0x1000, BPP 32, flags 0x1
00:00:17.875989 Display::handleDisplayResize: uScreenId=0 pvVRAM=0000000007e40000 w=1024 h=768 bpp=32 cbLine=0x1000 flags=0x1
00:00:17.878372 VBVA: InfoScreen: [0] @0,0 1024x768, line 0x1000, BPP 32, flags 0x1
00:00:17.878394 Display::handleDisplayResize: uScreenId=0 pvVRAM=0000000007e40000 w=1024 h=768 bpp=32 cbLine=0x1000 flags=0x1
00:00:17.888406 VBVA: InfoScreen: [0] @0,0 1024x768, line 0x1000, BPP 32, flags 0x1
00:00:17.888444 Display::handleDisplayResize: uScreenId=0 pvVRAM=0000000007e40000 w=1024 h=768 bpp=32 cbLine=0x1000 flags=0x1
00:00:17.899415 VBVA: InfoScreen: [0] @0,0 1024x768, line 0x1000, BPP 32, flags 0x1
00:00:17.899453 Display::handleDisplayResize: uScreenId=0 pvVRAM=0000000007e40000 w=1024 h=768 bpp=32 cbLine=0x1000 flags=0x1
00:00:17.899938 VBVA: InfoScreen: [0] @0,0 1024x768, line 0x1000, BPP 32, flags 0x1
00:00:17.899960 Display::handleDisplayResize: uScreenId=0 pvVRAM=0000000007e40000 w=1024 h=768 bpp=32 cbLine=0x1000 flags=0x1
00:00:17.901936 VBVA: InfoScreen: [0] @0,0 1024x768, line 0x1000, BPP 32, flags 0x1
00:00:17.901959 Display::handleDisplayResize: uScreenId=0 pvVRAM=0000000007e40000 w=1024 h=768 bpp=32 cbLine=0x1000 flags=0x1
00:00:17.911013 VBVA: InfoScreen: [0] @0,0 1024x768, line 0x1000, BPP 32, flags 0x1
00:00:17.911039 Display::handleDisplayResize: uScreenId=0 pvVRAM=0000000007e40000 w=1024 h=768 bpp=32 cbLine=0x1000 flags=0x1
00:00:17.911170 VBVA: InfoScreen: [0] @0,0 1024x768, line 0x1000, BPP 32, flags 0x1
00:00:17.911186 Display::handleDisplayResize: uScreenId=0 pvVRAM=0000000007e40000 w=1024 h=768 bpp=32 cbLine=0x1000 flags=0x1
00:00:17.911298 VBVA: InfoScreen: [0] @0,0 1024x768, line 0x1000, BPP 32, flags 0x1
00:00:17.911312 Display::handleDisplayResize: uScreenId=0 pvVRAM=0000000007e40000 w=1024 h=768 bpp=32 cbLine=0x1000 flags=0x1
00:00:17.912197 VBVA: InfoScreen: [0] @0,0 1024x768, line 0x1000, BPP 32, flags 0x1
00:00:17.912214 Display::handleDisplayResize: uScreenId=0 pvVRAM=0000000007e40000 w=1024 h=768 bpp=32 cbLine=0x1000 flags=0x1
00:00:17.912338 VBVA: InfoScreen: [0] @0,0 1024x768, line 0x1000, BPP 32, flags 0x1
00:00:17.912352 Display::handleDisplayResize: uScreenId=0 pvVRAM=0000000007e40000 w=1024 h=768 bpp=32 cbLine=0x1000 flags=0x1
00:00:17.912455 VBVA: InfoScreen: [0] @0,0 1024x768, line 0x1000, BPP 32, flags 0x1
00:00:17.912476 Display::handleDisplayResize: uScreenId=0 pvVRAM=0000000007e40000 w=1024 h=768 bpp=32 cbLine=0x1000 flags=0x1
00:00:17.912584 VBVA: InfoScreen: [0] @0,0 1024x768, line 0x1000, BPP 32, flags 0x1
00:00:17.912598 Display::handleDisplayResize: uScreenId=0 pvVRAM=0000000007e40000 w=1024 h=768 bpp=32 cbLine=0x1000 flags=0x1
00:00:17.912775 VBVA: InfoScreen: [0] @0,0 1024x768, line 0x1000, BPP 32, flags 0x1
00:00:17.912790 Display::handleDisplayResize: uScreenId=0 pvVRAM=0000000007e40000 w=1024 h=768 bpp=32 cbLine=0x1000 flags=0x1
00:00:17.914052 VBVA: InfoScreen: [0] @0,0 1024x768, line 0x1000, BPP 32, flags 0x1
00:00:17.914068 Display::handleDisplayResize: uScreenId=0 pvVRAM=0000000007e40000 w=1024 h=768 bpp=32 cbLine=0x1000 flags=0x1
00:00:17.936071 VBVA: InfoScreen: [0] @0,0 1024x768, line 0x1000, BPP 32, flags 0x1
00:00:17.936100 Display::handleDisplayResize: uScreenId=0 pvVRAM=0000000007e40000 w=1024 h=768 bpp=32 cbLine=0x1000 flags=0x1
00:00:17.937571 VBVA: InfoScreen: [0] @0,0 1024x768, line 0x1000, BPP 32, flags 0x1
00:00:17.937595 Display::handleDisplayResize: uScreenId=0 pvVRAM=0000000007e40000 w=1024 h=768 bpp=32 cbLine=0x1000 flags=0x1
00:00:17.939239 VBVA: InfoScreen: [0] @0,0 1024x768, line 0x1000, BPP 32, flags 0x1
00:00:17.939259 Display::handleDisplayResize: uScreenId=0 pvVRAM=0000000007e40000 w=1024 h=768 bpp=32 cbLine=0x1000 flags=0x1
00:00:17.941457 VBVA: InfoScreen: [0] @0,0 1024x768, line 0x1000, BPP 32, flags 0x1
00:00:17.941480 Display::handleDisplayResize: uScreenId=0 pvVRAM=0000000007e40000 w=1024 h=768 bpp=32 cbLine=0x1000 flags=0x1
00:00:17.944107 VBVA: InfoScreen: [0] @0,0 1024x768, line 0x1000, BPP 32, flags 0x1
00:00:17.944129 Display::handleDisplayResize: uScreenId=0 pvVRAM=0000000007e40000 w=1024 h=768 bpp=32 cbLine=0x1000 flags=0x1
00:00:17.944235 VBVA: InfoScreen: [0] @0,0 1024x768, line 0x1000, BPP 32, flags 0x1
00:00:17.944249 Display::handleDisplayResize: uScreenId=0 pvVRAM=0000000007e40000 w=1024 h=768 bpp=32 cbLine=0x1000 flags=0x1
00:00:17.944358 VBVA: InfoScreen: [0] @0,0 1024x768, line 0x1000, BPP 32, flags 0x1
00:00:17.944371 Display::handleDisplayResize: uScreenId=0 pvVRAM=0000000007e40000 w=1024 h=768 bpp=32 cbLine=0x1000 flags=0x1
00:00:17.944476 VBVA: InfoScreen: [0] @0,0 1024x768, line 0x1000, BPP 32, flags 0x1
00:00:17.944489 Display::handleDisplayResize: uScreenId=0 pvVRAM=0000000007e40000 w=1024 h=768 bpp=32 cbLine=0x1000 flags=0x1
00:00:17.944587 VBVA: InfoScreen: [0] @0,0 1024x768, line 0x1000, BPP 32, flags 0x1
00:00:17.944600 Display::handleDisplayResize: uScreenId=0 pvVRAM=0000000007e40000 w=1024 h=768 bpp=32 cbLine=0x1000 flags=0x1
00:00:17.944740 VBVA: InfoScreen: [0] @0,0 1024x768, line 0x1000, BPP 32, flags 0x1
00:00:17.944754 Display::handleDisplayResize: uScreenId=0 pvVRAM=0000000007e40000 w=1024 h=768 bpp=32 cbLine=0x1000 flags=0x1
00:00:17.946159 VBVA: InfoScreen: [0] @0,0 1024x768, line 0x1000, BPP 32, flags 0x1
00:00:17.946177 Display::handleDisplayResize: uScreenId=0 pvVRAM=0000000007e40000 w=1024 h=768 bpp=32 cbLine=0x1000 flags=0x1
00:00:17.973010 VBVA: InfoScreen: [0] @0,0 1024x768, line 0x1000, BPP 32, flags 0x1
00:00:17.973055 Display::handleDisplayResize: uScreenId=0 pvVRAM=0000000007e40000 w=1024 h=768 bpp=32 cbLine=0x1000 flags=0x1
00:00:17.988707 VBVA: InfoScreen: [0] @0,0 1024x768, line 0x1000, BPP 32, flags 0x1
00:00:17.988749 Display::handleDisplayResize: uScreenId=0 pvVRAM=0000000007e40000 w=1024 h=768 bpp=32 cbLine=0x1000 flags=0x1
00:00:17.990335 VBVA: InfoScreen: [0] @0,0 1024x768, line 0x1000, BPP 32, flags 0x1
00:00:17.990365 Display::handleDisplayResize: uScreenId=0 pvVRAM=0000000007e40000 w=1024 h=768 bpp=32 cbLine=0x1000 flags=0x1
00:00:17.991132 VBVA: InfoScreen: [0] @0,0 1024x768, line 0x1000, BPP 32, flags 0x1
00:00:17.991159 Display::handleDisplayResize: uScreenId=0 pvVRAM=0000000007e40000 w=1024 h=768 bpp=32 cbLine=0x1000 flags=0x1
00:00:17.993998 VBVA: InfoScreen: [0] @0,0 1024x768, line 0x1000, BPP 32, flags 0x1
00:00:17.994027 Display::handleDisplayResize: uScreenId=0 pvVRAM=0000000007e40000 w=1024 h=768 bpp=32 cbLine=0x1000 flags=0x1
00:00:18.010472 VBVA: InfoScreen: [0] @0,0 1024x768, line 0x1000, BPP 32, flags 0x1
00:00:18.010510 Display::handleDisplayResize: uScreenId=0 pvVRAM=0000000007e40000 w=1024 h=768 bpp=32 cbLine=0x1000 flags=0x1
00:00:18.011507 VBVA: InfoScreen: [0] @0,0 1024x768, line 0x1000, BPP 32, flags 0x1
00:00:18.011535 Display::handleDisplayResize: uScreenId=0 pvVRAM=0000000007e40000 w=1024 h=768 bpp=32 cbLine=0x1000 flags=0x1
00:00:18.014404 VBVA: InfoScreen: [0] @0,0 1024x768, line 0x1000, BPP 32, flags 0x1
00:00:18.014435 Display::handleDisplayResize: uScreenId=0 pvVRAM=0000000007e40000 w=1024 h=768 bpp=32 cbLine=0x1000 flags=0x1
00:00:18.026650 VBVA: InfoScreen: [0] @0,0 1024x768, line 0x1000, BPP 32, flags 0x1
00:00:18.026685 Display::handleDisplayResize: uScreenId=0 pvVRAM=0000000007e40000 w=1024 h=768 bpp=32 cbLine=0x1000 flags=0x1
00:00:18.028537 VBVA: InfoScreen: [0] @0,0 1024x768, line 0x1000, BPP 32, flags 0x1
00:00:18.028567 Display::handleDisplayResize: uScreenId=0 pvVRAM=0000000007e40000 w=1024 h=768 bpp=32 cbLine=0x1000 flags=0x1
00:00:18.030713 VBVA: InfoScreen: [0] @0,0 1024x768, line 0x1000, BPP 32, flags 0x1
00:00:18.030746 Display::handleDisplayResize: uScreenId=0 pvVRAM=0000000007e40000 w=1024 h=768 bpp=32 cbLine=0x1000 flags=0x1
00:00:18.031103 VBVA: InfoScreen: [0] @0,0 1024x768, line 0x1000, BPP 32, flags 0x1
00:00:18.031126 Display::handleDisplayResize: uScreenId=0 pvVRAM=0000000007e40000 w=1024 h=768 bpp=32 cbLine=0x1000 flags=0x1
00:00:18.032713 VBVA: InfoScreen: [0] @0,0 1024x768, line 0x1000, BPP 32, flags 0x1
00:00:18.032744 Display::handleDisplayResize: uScreenId=0 pvVRAM=0000000007e40000 w=1024 h=768 bpp=32 cbLine=0x1000 flags=0x1
00:00:18.034705 VBVA: InfoScreen: [0] @0,0 1024x768, line 0x1000, BPP 32, flags 0x1
00:00:18.034730 Display::handleDisplayResize: uScreenId=0 pvVRAM=0000000007e40000 w=1024 h=768 bpp=32 cbLine=0x1000 flags=0x1
00:00:18.046131 VBVA: InfoScreen: [0] @0,0 1024x768, line 0x1000, BPP 32, flags 0x1
00:00:18.046164 Display::handleDisplayResize: uScreenId=0 pvVRAM=0000000007e40000 w=1024 h=768 bpp=32 cbLine=0x1000 flags=0x1
00:00:18.046895 VBVA: InfoScreen: [0] @0,0 1024x768, line 0x1000, BPP 32, flags 0x1
00:00:18.046921 Display::handleDisplayResize: uScreenId=0 pvVRAM=0000000007e40000 w=1024 h=768 bpp=32 cbLine=0x1000 flags=0x1
00:00:18.049575 VBVA: InfoScreen: [0] @0,0 1024x768, line 0x1000, BPP 32, flags 0x1
00:00:18.049604 Display::handleDisplayResize: uScreenId=0 pvVRAM=0000000007e40000 w=1024 h=768 bpp=32 cbLine=0x1000 flags=0x1
00:00:18.051047 VBVA: InfoScreen: [0] @0,0 1024x768, line 0x1000, BPP 32, flags 0x1
00:00:18.051073 Display::handleDisplayResize: uScreenId=0 pvVRAM=0000000007e40000 w=1024 h=768 bpp=32 cbLine=0x1000 flags=0x1
00:00:18.055198 VBVA: InfoScreen: [0] @0,0 1024x768, line 0x1000, BPP 32, flags 0x1
00:00:18.055226 Display::handleDisplayResize: uScreenId=0 pvVRAM=0000000007e40000 w=1024 h=768 bpp=32 cbLine=0x1000 flags=0x1
00:00:18.055974 VBVA: InfoScreen: [0] @0,0 1024x768, line 0x1000, BPP 32, flags 0x1
00:00:18.055999 Display::handleDisplayResize: uScreenId=0 pvVRAM=0000000007e40000 w=1024 h=768 bpp=32 cbLine=0x1000 flags=0x1
00:00:18.057516 VBVA: InfoScreen: [0] @0,0 1024x768, line 0x1000, BPP 32, flags 0x1
00:00:18.057539 Display::handleDisplayResize: uScreenId=0 pvVRAM=0000000007e40000 w=1024 h=768 bpp=32 cbLine=0x1000 flags=0x1
00:00:18.060041 VBVA: InfoScreen: [0] @0,0 1024x768, line 0x1000, BPP 32, flags 0x1
00:00:18.060068 Display::handleDisplayResize: uScreenId=0 pvVRAM=0000000007e40000 w=1024 h=768 bpp=32 cbLine=0x1000 flags=0x1
00:00:18.078338 VBVA: InfoScreen: [0] @0,0 1024x768, line 0x1000, BPP 32, flags 0x1
00:00:18.078368 Display::handleDisplayResize: uScreenId=0 pvVRAM=0000000007e40000 w=1024 h=768 bpp=32 cbLine=0x1000 flags=0x1
00:00:18.078496 VBVA: InfoScreen: [0] @0,0 1024x768, line 0x1000, BPP 32, flags 0x1
00:00:18.078513 Display::handleDisplayResize: uScreenId=0 pvVRAM=0000000007e40000 w=1024 h=768 bpp=32 cbLine=0x1000 flags=0x1
00:00:18.078641 VBVA: InfoScreen: [0] @0,0 1024x768, line 0x1000, BPP 32, flags 0x1
00:00:18.078661 Display::handleDisplayResize: uScreenId=0 pvVRAM=0000000007e40000 w=1024 h=768 bpp=32 cbLine=0x1000 flags=0x1
00:00:18.080464 VBVA: InfoScreen: [0] @0,0 1024x768, line 0x1000, BPP 32, flags 0x1
00:00:18.080487 Display::handleDisplayResize: uScreenId=0 pvVRAM=0000000007e40000 w=1024 h=768 bpp=32 cbLine=0x1000 flags=0x1
00:00:18.181017 VBVA: InfoScreen: [0] @0,0 1024x768, line 0x1000, BPP 32, flags 0x1
00:00:18.181061 Display::handleDisplayResize: uScreenId=0 pvVRAM=0000000007e40000 w=1024 h=768 bpp=32 cbLine=0x1000 flags=0x1
00:00:18.264895 VBVA: InfoScreen: [0] @0,0 1024x768, line 0x1000, BPP 32, flags 0x1
00:00:18.264940 Display::handleDisplayResize: uScreenId=0 pvVRAM=0000000007e40000 w=1024 h=768 bpp=32 cbLine=0x1000 flags=0x1
00:00:18.265822 VBVA: InfoScreen: [0] @0,0 1024x768, line 0x1000, BPP 32, flags 0x1
00:00:18.265849 Display::handleDisplayResize: uScreenId=0 pvVRAM=0000000007e40000 w=1024 h=768 bpp=32 cbLine=0x1000 flags=0x1
00:00:18.266137 VBVA: InfoScreen: [0] @0,0 1024x768, line 0x1000, BPP 32, flags 0x1
00:00:18.266158 Display::handleDisplayResize: uScreenId=0 pvVRAM=0000000007e40000 w=1024 h=768 bpp=32 cbLine=0x1000 flags=0x1
00:00:18.267368 VBVA: InfoScreen: [0] @0,0 1024x768, line 0x1000, BPP 32, flags 0x1
00:00:18.267390 Display::handleDisplayResize: uScreenId=0 pvVRAM=0000000007e40000 w=1024 h=768 bpp=32 cbLine=0x1000 flags=0x1
00:00:18.267530 VBVA: InfoScreen: [0] @0,0 1024x768, line 0x1000, BPP 32, flags 0x1
00:00:18.267548 Display::handleDisplayResize: uScreenId=0 pvVRAM=0000000007e40000 w=1024 h=768 bpp=32 cbLine=0x1000 flags=0x1
00:00:18.268226 VBVA: InfoScreen: [0] @0,0 1024x768, line 0x1000, BPP 32, flags 0x1
00:00:18.268247 Display::handleDisplayResize: uScreenId=0 pvVRAM=0000000007e40000 w=1024 h=768 bpp=32 cbLine=0x1000 flags=0x1
00:00:18.269038 VBVA: InfoScreen: [0] @0,0 1024x768, line 0x1000, BPP 32, flags 0x1
00:00:18.269060 Display::handleDisplayResize: uScreenId=0 pvVRAM=0000000007e40000 w=1024 h=768 bpp=32 cbLine=0x1000 flags=0x1
00:00:18.280045 VBVA: InfoScreen: [0] @0,0 1024x768, line 0x1000, BPP 32, flags 0x1
00:00:18.280075 Display::handleDisplayResize: uScreenId=0 pvVRAM=0000000007e40000 w=1024 h=768 bpp=32 cbLine=0x1000 flags=0x1
00:00:18.283574 VBVA: InfoScreen: [0] @0,0 1024x768, line 0x1000, BPP 32, flags 0x1
00:00:18.283606 Display::handleDisplayResize: uScreenId=0 pvVRAM=0000000007e40000 w=1024 h=768 bpp=32 cbLine=0x1000 flags=0x1
00:00:18.295703 VBVA: InfoScreen: [0] @0,0 1024x768, line 0x1000, BPP 32, flags 0x1
00:00:18.295739 Display::handleDisplayResize: uScreenId=0 pvVRAM=0000000007e40000 w=1024 h=768 bpp=32 cbLine=0x1000 flags=0x1
00:00:18.297098 VBVA: InfoScreen: [0] @0,0 1024x768, line 0x1000, BPP 32, flags 0x1
00:00:18.297125 Display::handleDisplayResize: uScreenId=0 pvVRAM=0000000007e40000 w=1024 h=768 bpp=32 cbLine=0x1000 flags=0x1
00:00:18.390022 VBVA: InfoScreen: [0] @0,0 1024x768, line 0x1000, BPP 32, flags 0x1
00:00:18.390064 Display::handleDisplayResize: uScreenId=0 pvVRAM=0000000007e40000 w=1024 h=768 bpp=32 cbLine=0x1000 flags=0x1
00:00:18.524456 VBVA: InfoScreen: [0] @0,0 1024x768, line 0x1000, BPP 32, flags 0x1
00:00:18.524495 Display::handleDisplayResize: uScreenId=0 pvVRAM=0000000007e40000 w=1024 h=768 bpp=32 cbLine=0x1000 flags=0x1
00:00:18.524632 VBVA: InfoScreen: [0] @0,0 1024x768, line 0x1000, BPP 32, flags 0x1
00:00:18.524648 Display::handleDisplayResize: uScreenId=0 pvVRAM=0000000007e40000 w=1024 h=768 bpp=32 cbLine=0x1000 flags=0x1
00:00:18.526523 VBVA: InfoScreen: [0] @0,0 1024x768, line 0x1000, BPP 32, flags 0x1
00:00:18.526546 Display::handleDisplayResize: uScreenId=0 pvVRAM=0000000007e40000 w=1024 h=768 bpp=32 cbLine=0x1000 flags=0x1
00:00:18.597039 VBVA: InfoScreen: [0] @0,0 1024x768, line 0x1000, BPP 32, flags 0x1
00:00:18.597075 Display::handleDisplayResize: uScreenId=0 pvVRAM=0000000007e40000 w=1024 h=768 bpp=32 cbLine=0x1000 flags=0x1
00:00:18.705517 VBVA: InfoScreen: [0] @0,0 1024x768, line 0x1000, BPP 32, flags 0x1
00:00:18.705567 Display::handleDisplayResize: uScreenId=0 pvVRAM=0000000007e40000 w=1024 h=768 bpp=32 cbLine=0x1000 flags=0x1
00:00:18.708313 VBVA: InfoScreen: [0] @0,0 1024x768, line 0x1000, BPP 32, flags 0x1
00:00:18.708351 Display::handleDisplayResize: uScreenId=0 pvVRAM=0000000007e40000 w=1024 h=768 bpp=32 cbLine=0x1000 flags=0x1
00:00:18.718579 VBVA: InfoScreen: [0] @0,0 1024x768, line 0x1000, BPP 32, flags 0x1
00:00:18.718615 Display::handleDisplayResize: uScreenId=0 pvVRAM=0000000007e40000 w=1024 h=768 bpp=32 cbLine=0x1000 flags=0x1
00:00:18.720132 VBVA: InfoScreen: [0] @0,0 1024x768, line 0x1000, BPP 32, flags 0x1
00:00:18.720159 Display::handleDisplayResize: uScreenId=0 pvVRAM=0000000007e40000 w=1024 h=768 bpp=32 cbLine=0x1000 flags=0x1
00:00:18.739277 NAT: IPv6 not supported
00:00:18.745893 NAT: DHCP offered IP address 10.0.2.15
00:00:18.746281 NAT: DHCP offered IP address 10.0.2.15
00:00:18.804953 VBVA: InfoScreen: [0] @0,0 1024x768, line 0x1000, BPP 32, flags 0x1
00:00:18.804989 Display::handleDisplayResize: uScreenId=0 pvVRAM=0000000007e40000 w=1024 h=768 bpp=32 cbLine=0x1000 flags=0x1
00:00:19.013095 VBVA: InfoScreen: [0] @0,0 1024x768, line 0x1000, BPP 32, flags 0x1
00:00:19.013135 Display::handleDisplayResize: uScreenId=0 pvVRAM=0000000007e40000 w=1024 h=768 bpp=32 cbLine=0x1000 flags=0x1
00:00:19.073995 VBVA: InfoScreen: [0] @0,0 1024x768, line 0x1000, BPP 32, flags 0x1
00:00:19.074044 Display::handleDisplayResize: uScreenId=0 pvVRAM=0000000007e40000 w=1024 h=768 bpp=32 cbLine=0x1000 flags=0x1
00:00:19.076244 VBVA: InfoScreen: [0] @0,0 1024x768, line 0x1000, BPP 32, flags 0x1
00:00:19.076278 Display::handleDisplayResize: uScreenId=0 pvVRAM=0000000007e40000 w=1024 h=768 bpp=32 cbLine=0x1000 flags=0x1
00:00:19.080353 VBVA: InfoScreen: [0] @0,0 1024x768, line 0x1000, BPP 32, flags 0x1
00:00:19.080386 Display::handleDisplayResize: uScreenId=0 pvVRAM=0000000007e40000 w=1024 h=768 bpp=32 cbLine=0x1000 flags=0x1
00:00:19.080969 VBVA: InfoScreen: [0] @0,0 1024x768, line 0x1000, BPP 32, flags 0x1
00:00:19.080996 Display::handleDisplayResize: uScreenId=0 pvVRAM=0000000007e40000 w=1024 h=768 bpp=32 cbLine=0x1000 flags=0x1
00:00:19.221131 VBVA: InfoScreen: [0] @0,0 1024x768, line 0x1000, BPP 32, flags 0x1
00:00:19.221170 Display::handleDisplayResize: uScreenId=0 pvVRAM=0000000007e40000 w=1024 h=768 bpp=32 cbLine=0x1000 flags=0x1
00:00:19.428972 VBVA: InfoScreen: [0] @0,0 1024x768, line 0x1000, BPP 32, flags 0x1
00:00:19.429014 Display::handleDisplayResize: uScreenId=0 pvVRAM=0000000007e40000 w=1024 h=768 bpp=32 cbLine=0x1000 flags=0x1
00:00:19.533794 VBVA: InfoScreen: [0] @0,0 1024x768, line 0x1000, BPP 32, flags 0x1
00:00:19.533841 Display::handleDisplayResize: uScreenId=0 pvVRAM=0000000007e40000 w=1024 h=768 bpp=32 cbLine=0x1000 flags=0x1
00:00:19.534113 VBVA: InfoScreen: [0] @0,0 1024x768, line 0x1000, BPP 32, flags 0x1
00:00:19.534135 Display::handleDisplayResize: uScreenId=0 pvVRAM=0000000007e40000 w=1024 h=768 bpp=32 cbLine=0x1000 flags=0x1
00:00:19.535847 VBVA: InfoScreen: [0] @0,0 1024x768, line 0x1000, BPP 32, flags 0x1
00:00:19.535881 Display::handleDisplayResize: uScreenId=0 pvVRAM=0000000007e40000 w=1024 h=768 bpp=32 cbLine=0x1000 flags=0x1
00:00:19.537183 VBVA: InfoScreen: [0] @0,0 1024x768, line 0x1000, BPP 32, flags 0x1
00:00:19.537206 Display::handleDisplayResize: uScreenId=0 pvVRAM=0000000007e40000 w=1024 h=768 bpp=32 cbLine=0x1000 flags=0x1
00:00:19.544754 VBVA: InfoScreen: [0] @0,0 1024x768, line 0x1000, BPP 32, flags 0x1
00:00:19.544792 Display::handleDisplayResize: uScreenId=0 pvVRAM=0000000007e40000 w=1024 h=768 bpp=32 cbLine=0x1000 flags=0x1
00:00:19.547793 VBVA: InfoScreen: [0] @0,0 1024x768, line 0x1000, BPP 32, flags 0x1
00:00:19.547832 Display::handleDisplayResize: uScreenId=0 pvVRAM=0000000007e40000 w=1024 h=768 bpp=32 cbLine=0x1000 flags=0x1
00:00:19.637816 VBVA: InfoScreen: [0] @0,0 1024x768, line 0x1000, BPP 32, flags 0x1
00:00:19.637853 Display::handleDisplayResize: uScreenId=0 pvVRAM=0000000007e40000 w=1024 h=768 bpp=32 cbLine=0x1000 flags=0x1
00:00:19.680882 VBVA: InfoScreen: [0] @0,0 1024x768, line 0x1000, BPP 32, flags 0x1
00:00:19.680934 Display::handleDisplayResize: uScreenId=0 pvVRAM=0000000007e40000 w=1024 h=768 bpp=32 cbLine=0x1000 flags=0x1
00:00:19.682901 VBVA: InfoScreen: [0] @0,0 1024x768, line 0x1000, BPP 32, flags 0x1
00:00:19.682941 Display::handleDisplayResize: uScreenId=0 pvVRAM=0000000007e40000 w=1024 h=768 bpp=32 cbLine=0x1000 flags=0x1
00:00:19.685497 VBVA: InfoScreen: [0] @0,0 1024x768, line 0x1000, BPP 32, flags 0x1
00:00:19.685523 Display::handleDisplayResize: uScreenId=0 pvVRAM=0000000007e40000 w=1024 h=768 bpp=32 cbLine=0x1000 flags=0x1
00:00:19.685755 VBVA: InfoScreen: [0] @0,0 1024x768, line 0x1000, BPP 32, flags 0x1
00:00:19.685776 Display::handleDisplayResize: uScreenId=0 pvVRAM=0000000007e40000 w=1024 h=768 bpp=32 cbLine=0x1000 flags=0x1
00:00:19.685973 VBVA: InfoScreen: [0] @0,0 1024x768, line 0x1000, BPP 32, flags 0x1
00:00:19.685994 Display::handleDisplayResize: uScreenId=0 pvVRAM=0000000007e40000 w=1024 h=768 bpp=32 cbLine=0x1000 flags=0x1
00:00:19.687786 VBVA: InfoScreen: [0] @0,0 1024x768, line 0x1000, BPP 32, flags 0x1
00:00:19.687816 Display::handleDisplayResize: uScreenId=0 pvVRAM=0000000007e40000 w=1024 h=768 bpp=32 cbLine=0x1000 flags=0x1
00:00:19.698758 VBVA: InfoScreen: [0] @0,0 1024x768, line 0x1000, BPP 32, flags 0x1
00:00:19.698802 Display::handleDisplayResize: uScreenId=0 pvVRAM=0000000007e40000 w=1024 h=768 bpp=32 cbLine=0x1000 flags=0x1
00:00:19.700738 VBVA: InfoScreen: [0] @0,0 1024x768, line 0x1000, BPP 32, flags 0x1
00:00:19.700771 Display::handleDisplayResize: uScreenId=0 pvVRAM=0000000007e40000 w=1024 h=768 bpp=32 cbLine=0x1000 flags=0x1
00:00:19.702389 VBVA: InfoScreen: [0] @0,0 1024x768, line 0x1000, BPP 32, flags 0x1
00:00:19.702416 Display::handleDisplayResize: uScreenId=0 pvVRAM=0000000007e40000 w=1024 h=768 bpp=32 cbLine=0x1000 flags=0x1
00:00:19.704709 VBVA: InfoScreen: [0] @0,0 1024x768, line 0x1000, BPP 32, flags 0x1
00:00:19.704740 Display::handleDisplayResize: uScreenId=0 pvVRAM=0000000007e40000 w=1024 h=768 bpp=32 cbLine=0x1000 flags=0x1
00:00:19.706698 VBVA: InfoScreen: [0] @0,0 1024x768, line 0x1000, BPP 32, flags 0x1
00:00:19.706727 Display::handleDisplayResize: uScreenId=0 pvVRAM=0000000007e40000 w=1024 h=768 bpp=32 cbLine=0x1000 flags=0x1
00:00:19.708703 VBVA: InfoScreen: [0] @0,0 1024x768, line 0x1000, BPP 32, flags 0x1
00:00:19.708734 Display::handleDisplayResize: uScreenId=0 pvVRAM=0000000007e40000 w=1024 h=768 bpp=32 cbLine=0x1000 flags=0x1
00:00:19.709775 VBVA: InfoScreen: [0] @0,0 1024x768, line 0x1000, BPP 32, flags 0x1
00:00:19.709797 Display::handleDisplayResize: uScreenId=0 pvVRAM=0000000007e40000 w=1024 h=768 bpp=32 cbLine=0x1000 flags=0x1
00:00:19.711726 VBVA: InfoScreen: [0] @0,0 1024x768, line 0x1000, BPP 32, flags 0x1
00:00:19.711756 Display::handleDisplayResize: uScreenId=0 pvVRAM=0000000007e40000 w=1024 h=768 bpp=32 cbLine=0x1000 flags=0x1
00:00:19.713696 VBVA: InfoScreen: [0] @0,0 1024x768, line 0x1000, BPP 32, flags 0x1
00:00:19.713721 Display::handleDisplayResize: uScreenId=0 pvVRAM=0000000007e40000 w=1024 h=768 bpp=32 cbLine=0x1000 flags=0x1
00:00:19.714374 VBVA: InfoScreen: [0] @0,0 1024x768, line 0x1000, BPP 32, flags 0x1
00:00:19.714396 Display::handleDisplayResize: uScreenId=0 pvVRAM=0000000007e40000 w=1024 h=768 bpp=32 cbLine=0x1000 flags=0x1
00:00:19.715678 VBVA: InfoScreen: [0] @0,0 1024x768, line 0x1000, BPP 32, flags 0x1
00:00:19.715700 Display::handleDisplayResize: uScreenId=0 pvVRAM=0000000007e40000 w=1024 h=768 bpp=32 cbLine=0x1000 flags=0x1
00:00:19.717679 VBVA: InfoScreen: [0] @0,0 1024x768, line 0x1000, BPP 32, flags 0x1
00:00:19.717704 Display::handleDisplayResize: uScreenId=0 pvVRAM=0000000007e40000 w=1024 h=768 bpp=32 cbLine=0x1000 flags=0x1
00:00:19.718561 VBVA: InfoScreen: [0] @0,0 1024x768, line 0x1000, BPP 32, flags 0x1
00:00:19.718584 Display::handleDisplayResize: uScreenId=0 pvVRAM=0000000007e40000 w=1024 h=768 bpp=32 cbLine=0x1000 flags=0x1
00:00:19.720709 VBVA: InfoScreen: [0] @0,0 1024x768, line 0x1000, BPP 32, flags 0x1
00:00:19.720741 Display::handleDisplayResize: uScreenId=0 pvVRAM=0000000007e40000 w=1024 h=768 bpp=32 cbLine=0x1000 flags=0x1
00:00:19.721282 VBVA: InfoScreen: [0] @0,0 1024x768, line 0x1000, BPP 32, flags 0x1
00:00:19.721304 Display::handleDisplayResize: uScreenId=0 pvVRAM=0000000007e40000 w=1024 h=768 bpp=32 cbLine=0x1000 flags=0x1
00:00:19.722636 VBVA: InfoScreen: [0] @0,0 1024x768, line 0x1000, BPP 32, flags 0x1
00:00:19.722658 Display::handleDisplayResize: uScreenId=0 pvVRAM=0000000007e40000 w=1024 h=768 bpp=32 cbLine=0x1000 flags=0x1
00:00:19.724741 VBVA: InfoScreen: [0] @0,0 1024x768, line 0x1000, BPP 32, flags 0x1
00:00:19.724766 Display::handleDisplayResize: uScreenId=0 pvVRAM=0000000007e40000 w=1024 h=768 bpp=32 cbLine=0x1000 flags=0x1
00:00:19.730703 VBVA: InfoScreen: [0] @0,0 1024x768, line 0x1000, BPP 32, flags 0x1
00:00:19.730738 Display::handleDisplayResize: uScreenId=0 pvVRAM=0000000007e40000 w=1024 h=768 bpp=32 cbLine=0x1000 flags=0x1
00:00:19.732103 VBVA: InfoScreen: [0] @0,0 1024x768, line 0x1000, BPP 32, flags 0x1
00:00:19.732130 Display::handleDisplayResize: uScreenId=0 pvVRAM=0000000007e40000 w=1024 h=768 bpp=32 cbLine=0x1000 flags=0x1
00:00:19.734118 VBVA: InfoScreen: [0] @0,0 1024x768, line 0x1000, BPP 32, flags 0x1
00:00:19.734145 Display::handleDisplayResize: uScreenId=0 pvVRAM=0000000007e40000 w=1024 h=768 bpp=32 cbLine=0x1000 flags=0x1
00:00:19.738126 VBVA: InfoScreen: [0] @0,0 1024x768, line 0x1000, BPP 32, flags 0x1
00:00:19.738156 Display::handleDisplayResize: uScreenId=0 pvVRAM=0000000007e40000 w=1024 h=768 bpp=32 cbLine=0x1000 flags=0x1
00:00:19.739609 VBVA: InfoScreen: [0] @0,0 1024x768, line 0x1000, BPP 32, flags 0x1
00:00:19.739631 Display::handleDisplayResize: uScreenId=0 pvVRAM=0000000007e40000 w=1024 h=768 bpp=32 cbLine=0x1000 flags=0x1
00:00:19.740537 VBVA: InfoScreen: [0] @0,0 1024x768, line 0x1000, BPP 32, flags 0x1
00:00:19.740558 Display::handleDisplayResize: uScreenId=0 pvVRAM=0000000007e40000 w=1024 h=768 bpp=32 cbLine=0x1000 flags=0x1
00:00:19.740731 VBVA: InfoScreen: [0] @0,0 1024x768, line 0x1000, BPP 32, flags 0x1
00:00:19.740748 Display::handleDisplayResize: uScreenId=0 pvVRAM=0000000007e40000 w=1024 h=768 bpp=32 cbLine=0x1000 flags=0x1
00:00:19.742382 VBVA: InfoScreen: [0] @0,0 1024x768, line 0x1000, BPP 32, flags 0x1
00:00:19.742402 Display::handleDisplayResize: uScreenId=0 pvVRAM=0000000007e40000 w=1024 h=768 bpp=32 cbLine=0x1000 flags=0x1
00:00:19.756813 VBVA: InfoScreen: [0] @0,0 1024x768, line 0x1000, BPP 32, flags 0x1
00:00:19.756843 Display::handleDisplayResize: uScreenId=0 pvVRAM=0000000007e40000 w=1024 h=768 bpp=32 cbLine=0x1000 flags=0x1
00:00:19.756982 VBVA: InfoScreen: [0] @0,0 1024x768, line 0x1000, BPP 32, flags 0x1
00:00:19.756999 Display::handleDisplayResize: uScreenId=0 pvVRAM=0000000007e40000 w=1024 h=768 bpp=32 cbLine=0x1000 flags=0x1
00:00:19.757121 VBVA: InfoScreen: [0] @0,0 1024x768, line 0x1000, BPP 32, flags 0x1
00:00:19.757136 Display::handleDisplayResize: uScreenId=0 pvVRAM=0000000007e40000 w=1024 h=768 bpp=32 cbLine=0x1000 flags=0x1
00:00:19.757266 VBVA: InfoScreen: [0] @0,0 1024x768, line 0x1000, BPP 32, flags 0x1
00:00:19.757282 Display::handleDisplayResize: uScreenId=0 pvVRAM=0000000007e40000 w=1024 h=768 bpp=32 cbLine=0x1000 flags=0x1
00:00:19.758559 VBVA: InfoScreen: [0] @0,0 1024x768, line 0x1000, BPP 32, flags 0x1
00:00:19.758579 Display::handleDisplayResize: uScreenId=0 pvVRAM=0000000007e40000 w=1024 h=768 bpp=32 cbLine=0x1000 flags=0x1
00:00:19.762145 VBVA: InfoScreen: [0] @0,0 1024x768, line 0x1000, BPP 32, flags 0x1
00:00:19.762169 Display::handleDisplayResize: uScreenId=0 pvVRAM=0000000007e40000 w=1024 h=768 bpp=32 cbLine=0x1000 flags=0x1
00:00:19.762951 VBVA: InfoScreen: [0] @0,0 1024x768, line 0x1000, BPP 32, flags 0x1
00:00:19.762971 Display::handleDisplayResize: uScreenId=0 pvVRAM=0000000007e40000 w=1024 h=768 bpp=32 cbLine=0x1000 flags=0x1
00:00:19.763105 VBVA: InfoScreen: [0] @0,0 1024x768, line 0x1000, BPP 32, flags 0x1
00:00:19.763122 Display::handleDisplayResize: uScreenId=0 pvVRAM=0000000007e40000 w=1024 h=768 bpp=32 cbLine=0x1000 flags=0x1
00:00:19.763275 VBVA: InfoScreen: [0] @0,0 1024x768, line 0x1000, BPP 32, flags 0x1
00:00:19.763295 Display::handleDisplayResize: uScreenId=0 pvVRAM=0000000007e40000 w=1024 h=768 bpp=32 cbLine=0x1000 flags=0x1
00:00:19.764716 VBVA: InfoScreen: [0] @0,0 1024x768, line 0x1000, BPP 32, flags 0x1
00:00:19.764738 Display::handleDisplayResize: uScreenId=0 pvVRAM=0000000007e40000 w=1024 h=768 bpp=32 cbLine=0x1000 flags=0x1
00:00:19.774550 VBVA: InfoScreen: [0] @0,0 1024x768, line 0x1000, BPP 32, flags 0x1
00:00:19.774587 Display::handleDisplayResize: uScreenId=0 pvVRAM=0000000007e40000 w=1024 h=768 bpp=32 cbLine=0x1000 flags=0x1
00:00:19.774796 VBVA: InfoScreen: [0] @0,0 1024x768, line 0x1000, BPP 32, flags 0x1
00:00:19.774817 Display::handleDisplayResize: uScreenId=0 pvVRAM=0000000007e40000 w=1024 h=768 bpp=32 cbLine=0x1000 flags=0x1
00:00:19.776682 VBVA: InfoScreen: [0] @0,0 1024x768, line 0x1000, BPP 32, flags 0x1
00:00:19.776707 Display::handleDisplayResize: uScreenId=0 pvVRAM=0000000007e40000 w=1024 h=768 bpp=32 cbLine=0x1000 flags=0x1
00:00:19.778208 VBVA: InfoScreen: [0] @0,0 1024x768, line 0x1000, BPP 32, flags 0x1
00:00:19.778232 Display::handleDisplayResize: uScreenId=0 pvVRAM=0000000007e40000 w=1024 h=768 bpp=32 cbLine=0x1000 flags=0x1
00:00:19.780547 VBVA: InfoScreen: [0] @0,0 1024x768, line 0x1000, BPP 32, flags 0x1
00:00:19.780572 Display::handleDisplayResize: uScreenId=0 pvVRAM=0000000007e40000 w=1024 h=768 bpp=32 cbLine=0x1000 flags=0x1
00:00:19.782372 VBVA: InfoScreen: [0] @0,0 1024x768, line 0x1000, BPP 32, flags 0x1
00:00:19.782397 Display::handleDisplayResize: uScreenId=0 pvVRAM=0000000007e40000 w=1024 h=768 bpp=32 cbLine=0x1000 flags=0x1
00:00:19.783532 VBVA: InfoScreen: [0] @0,0 1024x768, line 0x1000, BPP 32, flags 0x1
00:00:19.783553 Display::handleDisplayResize: uScreenId=0 pvVRAM=0000000007e40000 w=1024 h=768 bpp=32 cbLine=0x1000 flags=0x1
00:00:19.784382 VBVA: InfoScreen: [0] @0,0 1024x768, line 0x1000, BPP 32, flags 0x1
00:00:19.784402 Display::handleDisplayResize: uScreenId=0 pvVRAM=0000000007e40000 w=1024 h=768 bpp=32 cbLine=0x1000 flags=0x1
00:00:19.785194 VBVA: InfoScreen: [0] @0,0 1024x768, line 0x1000, BPP 32, flags 0x1
00:00:19.785215 Display::handleDisplayResize: uScreenId=0 pvVRAM=0000000007e40000 w=1024 h=768 bpp=32 cbLine=0x1000 flags=0x1
00:00:19.785352 VBVA: InfoScreen: [0] @0,0 1024x768, line 0x1000, BPP 32, flags 0x1
00:00:19.785370 Display::handleDisplayResize: uScreenId=0 pvVRAM=0000000007e40000 w=1024 h=768 bpp=32 cbLine=0x1000 flags=0x1
00:00:19.786546 VBVA: InfoScreen: [0] @0,0 1024x768, line 0x1000, BPP 32, flags 0x1
00:00:19.786566 Display::handleDisplayResize: uScreenId=0 pvVRAM=0000000007e40000 w=1024 h=768 bpp=32 cbLine=0x1000 flags=0x1
00:00:19.787251 VBVA: InfoScreen: [0] @0,0 1024x768, line 0x1000, BPP 32, flags 0x1
00:00:19.787272 Display::handleDisplayResize: uScreenId=0 pvVRAM=0000000007e40000 w=1024 h=768 bpp=32 cbLine=0x1000 flags=0x1
00:00:19.787935 VBVA: InfoScreen: [0] @0,0 1024x768, line 0x1000, BPP 32, flags 0x1
00:00:19.787956 Display::handleDisplayResize: uScreenId=0 pvVRAM=0000000007e40000 w=1024 h=768 bpp=32 cbLine=0x1000 flags=0x1
00:00:19.788118 VBVA: InfoScreen: [0] @0,0 1024x768, line 0x1000, BPP 32, flags 0x1
00:00:19.788137 Display::handleDisplayResize: uScreenId=0 pvVRAM=0000000007e40000 w=1024 h=768 bpp=32 cbLine=0x1000 flags=0x1
00:00:19.789733 VBVA: InfoScreen: [0] @0,0 1024x768, line 0x1000, BPP 32, flags 0x1
00:00:19.789755 Display::handleDisplayResize: uScreenId=0 pvVRAM=0000000007e40000 w=1024 h=768 bpp=32 cbLine=0x1000 flags=0x1
00:00:19.791935 VBVA: InfoScreen: [0] @0,0 1024x768, line 0x1000, BPP 32, flags 0x1
00:00:19.791960 Display::handleDisplayResize: uScreenId=0 pvVRAM=0000000007e40000 w=1024 h=768 bpp=32 cbLine=0x1000 flags=0x1
00:00:19.799719 VBVA: InfoScreen: [0] @0,0 1024x768, line 0x1000, BPP 32, flags 0x1
00:00:19.799758 Display::handleDisplayResize: uScreenId=0 pvVRAM=0000000007e40000 w=1024 h=768 bpp=32 cbLine=0x1000 flags=0x1
00:00:19.803787 VBVA: InfoScreen: [0] @0,0 1024x768, line 0x1000, BPP 32, flags 0x1
00:00:19.803824 Display::handleDisplayResize: uScreenId=0 pvVRAM=0000000007e40000 w=1024 h=768 bpp=32 cbLine=0x1000 flags=0x1
00:00:19.810486 VBVA: InfoScreen: [0] @0,0 1024x768, line 0x1000, BPP 32, flags 0x1
00:00:19.810520 Display::handleDisplayResize: uScreenId=0 pvVRAM=0000000007e40000 w=1024 h=768 bpp=32 cbLine=0x1000 flags=0x1
00:00:19.810748 VBVA: InfoScreen: [0] @0,0 1024x768, line 0x1000, BPP 32, flags 0x1
00:00:19.810769 Display::handleDisplayResize: uScreenId=0 pvVRAM=0000000007e40000 w=1024 h=768 bpp=32 cbLine=0x1000 flags=0x1
00:00:19.812792 VBVA: InfoScreen: [0] @0,0 1024x768, line 0x1000, BPP 32, flags 0x1
00:00:19.812818 Display::handleDisplayResize: uScreenId=0 pvVRAM=0000000007e40000 w=1024 h=768 bpp=32 cbLine=0x1000 flags=0x1
00:00:19.823171 VBVA: InfoScreen: [0] @0,0 1024x768, line 0x1000, BPP 32, flags 0x1
00:00:19.823208 Display::handleDisplayResize: uScreenId=0 pvVRAM=0000000007e40000 w=1024 h=768 bpp=32 cbLine=0x1000 flags=0x1
00:00:19.824999 VBVA: InfoScreen: [0] @0,0 1024x768, line 0x1000, BPP 32, flags 0x1
00:00:19.825028 Display::handleDisplayResize: uScreenId=0 pvVRAM=0000000007e40000 w=1024 h=768 bpp=32 cbLine=0x1000 flags=0x1
00:00:19.845241 VBVA: InfoScreen: [0] @0,0 1024x768, line 0x1000, BPP 32, flags 0x1
00:00:19.845290 Display::handleDisplayResize: uScreenId=0 pvVRAM=0000000007e40000 w=1024 h=768 bpp=32 cbLine=0x1000 flags=0x1
00:00:19.862762 VBVA: InfoScreen: [0] @0,0 1024x768, line 0x1000, BPP 32, flags 0x1
00:00:19.862802 Display::handleDisplayResize: uScreenId=0 pvVRAM=0000000007e40000 w=1024 h=768 bpp=32 cbLine=0x1000 flags=0x1
00:00:19.864678 VBVA: InfoScreen: [0] @0,0 1024x768, line 0x1000, BPP 32, flags 0x1
00:00:19.864707 Display::handleDisplayResize: uScreenId=0 pvVRAM=0000000007e40000 w=1024 h=768 bpp=32 cbLine=0x1000 flags=0x1
00:00:19.904514 VBVA: InfoScreen: [0] @0,0 1024x768, line 0x1000, BPP 32, flags 0x1
00:00:19.904552 Display::handleDisplayResize: uScreenId=0 pvVRAM=0000000007e40000 w=1024 h=768 bpp=32 cbLine=0x1000 flags=0x1
00:00:19.905632 VBVA: InfoScreen: [0] @0,0 1024x768, line 0x1000, BPP 32, flags 0x1
00:00:19.905660 Display::handleDisplayResize: uScreenId=0 pvVRAM=0000000007e40000 w=1024 h=768 bpp=32 cbLine=0x1000 flags=0x1
00:00:19.908339 VBVA: InfoScreen: [0] @0,0 1024x768, line 0x1000, BPP 32, flags 0x1
00:00:19.908366 Display::handleDisplayResize: uScreenId=0 pvVRAM=0000000007e40000 w=1024 h=768 bpp=32 cbLine=0x1000 flags=0x1
00:00:19.918535 VBVA: InfoScreen: [0] @0,0 1024x768, line 0x1000, BPP 32, flags 0x1
00:00:19.918576 Display::handleDisplayResize: uScreenId=0 pvVRAM=0000000007e40000 w=1024 h=768 bpp=32 cbLine=0x1000 flags=0x1
00:00:19.918989 VBVA: InfoScreen: [0] @0,0 1024x768, line 0x1000, BPP 32, flags 0x1
00:00:19.919026 Display::handleDisplayResize: uScreenId=0 pvVRAM=0000000007e40000 w=1024 h=768 bpp=32 cbLine=0x1000 flags=0x1
00:00:19.919162 VBVA: InfoScreen: [0] @0,0 1024x768, line 0x1000, BPP 32, flags 0x1
00:00:19.919180 Display::handleDisplayResize: uScreenId=0 pvVRAM=0000000007e40000 w=1024 h=768 bpp=32 cbLine=0x1000 flags=0x1
00:00:19.920175 VBVA: InfoScreen: [0] @0,0 1024x768, line 0x1000, BPP 32, flags 0x1
00:00:19.920194 Display::handleDisplayResize: uScreenId=0 pvVRAM=0000000007e40000 w=1024 h=768 bpp=32 cbLine=0x1000 flags=0x1
00:00:19.921868 VBVA: InfoScreen: [0] @0,0 1024x768, line 0x1000, BPP 32, flags 0x1
00:00:19.921890 Display::handleDisplayResize: uScreenId=0 pvVRAM=0000000007e40000 w=1024 h=768 bpp=32 cbLine=0x1000 flags=0x1
00:00:19.924134 VBVA: InfoScreen: [0] @0,0 1024x768, line 0x1000, BPP 32, flags 0x1
00:00:19.924158 Display::handleDisplayResize: uScreenId=0 pvVRAM=0000000007e40000 w=1024 h=768 bpp=32 cbLine=0x1000 flags=0x1
00:00:19.925568 VBVA: InfoScreen: [0] @0,0 1024x768, line 0x1000, BPP 32, flags 0x1
00:00:19.925591 Display::handleDisplayResize: uScreenId=0 pvVRAM=0000000007e40000 w=1024 h=768 bpp=32 cbLine=0x1000 flags=0x1
00:00:19.935591 VBVA: InfoScreen: [0] @0,0 1024x768, line 0x1000, BPP 32, flags 0x1
00:00:19.935632 Display::handleDisplayResize: uScreenId=0 pvVRAM=0000000007e40000 w=1024 h=768 bpp=32 cbLine=0x1000 flags=0x1
00:00:19.937214 VBVA: InfoScreen: [0] @0,0 1024x768, line 0x1000, BPP 32, flags 0x1
00:00:19.937240 Display::handleDisplayResize: uScreenId=0 pvVRAM=0000000007e40000 w=1024 h=768 bpp=32 cbLine=0x1000 flags=0x1
00:00:19.970772 VBVA: InfoScreen: [0] @0,0 1024x768, line 0x1000, BPP 32, flags 0x1
00:00:19.970813 Display::handleDisplayResize: uScreenId=0 pvVRAM=0000000007e40000 w=1024 h=768 bpp=32 cbLine=0x1000 flags=0x1
00:00:19.981698 VBVA: InfoScreen: [0] @0,0 1024x768, line 0x1000, BPP 32, flags 0x1
00:00:19.981734 Display::handleDisplayResize: uScreenId=0 pvVRAM=0000000007e40000 w=1024 h=768 bpp=32 cbLine=0x1000 flags=0x1
00:00:19.982216 VBVA: InfoScreen: [0] @0,0 1024x768, line 0x1000, BPP 32, flags 0x1
00:00:19.982240 Display::handleDisplayResize: uScreenId=0 pvVRAM=0000000007e40000 w=1024 h=768 bpp=32 cbLine=0x1000 flags=0x1
00:00:19.982381 VBVA: InfoScreen: [0] @0,0 1024x768, line 0x1000, BPP 32, flags 0x1
00:00:19.982398 Display::handleDisplayResize: uScreenId=0 pvVRAM=0000000007e40000 w=1024 h=768 bpp=32 cbLine=0x1000 flags=0x1
00:00:19.984476 VBVA: InfoScreen: [0] @0,0 1024x768, line 0x1000, BPP 32, flags 0x1
00:00:19.984498 Display::handleDisplayResize: uScreenId=0 pvVRAM=0000000007e40000 w=1024 h=768 bpp=32 cbLine=0x1000 flags=0x1
00:00:19.985412 VBVA: InfoScreen: [0] @0,0 1024x768, line 0x1000, BPP 32, flags 0x1
00:00:19.985433 Display::handleDisplayResize: uScreenId=0 pvVRAM=0000000007e40000 w=1024 h=768 bpp=32 cbLine=0x1000 flags=0x1
00:00:20.001714 VBVA: InfoScreen: [0] @0,0 1024x768, line 0x1000, BPP 32, flags 0x1
00:00:20.001748 Display::handleDisplayResize: uScreenId=0 pvVRAM=0000000007e40000 w=1024 h=768 bpp=32 cbLine=0x1000 flags=0x1
00:00:20.013758 VBVA: InfoScreen: [0] @0,0 1024x768, line 0x1000, BPP 32, flags 0x1
00:00:20.013795 Display::handleDisplayResize: uScreenId=0 pvVRAM=0000000007e40000 w=1024 h=768 bpp=32 cbLine=0x1000 flags=0x1
00:00:20.025719 VBVA: InfoScreen: [0] @0,0 1024x768, line 0x1000, BPP 32, flags 0x1
00:00:20.025757 Display::handleDisplayResize: uScreenId=0 pvVRAM=0000000007e40000 w=1024 h=768 bpp=32 cbLine=0x1000 flags=0x1
00:00:20.053224 VBVA: InfoScreen: [0] @0,0 1024x768, line 0x1000, BPP 32, flags 0x1
00:00:20.053263 Display::handleDisplayResize: uScreenId=0 pvVRAM=0000000007e40000 w=1024 h=768 bpp=32 cbLine=0x1000 flags=0x1
00:00:20.126380 VBVA: InfoScreen: [0] @0,0 1024x768, line 0x1000, BPP 32, flags 0x1
00:00:20.126417 Display::handleDisplayResize: uScreenId=0 pvVRAM=0000000007e40000 w=1024 h=768 bpp=32 cbLine=0x1000 flags=0x1
00:00:20.126566 VBVA: InfoScreen: [0] @0,0 1024x768, line 0x1000, BPP 32, flags 0x1
00:00:20.126582 Display::handleDisplayResize: uScreenId=0 pvVRAM=0000000007e40000 w=1024 h=768 bpp=32 cbLine=0x1000 flags=0x1
00:00:20.126737 VBVA: InfoScreen: [0] @0,0 1024x768, line 0x1000, BPP 32, flags 0x1
00:00:20.126752 Display::handleDisplayResize: uScreenId=0 pvVRAM=0000000007e40000 w=1024 h=768 bpp=32 cbLine=0x1000 flags=0x1
00:00:20.129765 VBVA: InfoScreen: [0] @0,0 1024x768, line 0x1000, BPP 32, flags 0x1
00:00:20.129787 Display::handleDisplayResize: uScreenId=0 pvVRAM=0000000007e40000 w=1024 h=768 bpp=32 cbLine=0x1000 flags=0x1
00:00:20.130438 VBVA: InfoScreen: [0] @0,0 1024x768, line 0x1000, BPP 32, flags 0x1
00:00:20.130455 Display::handleDisplayResize: uScreenId=0 pvVRAM=0000000007e40000 w=1024 h=768 bpp=32 cbLine=0x1000 flags=0x1
00:00:20.131686 VBVA: InfoScreen: [0] @0,0 1024x768, line 0x1000, BPP 32, flags 0x1
00:00:20.131703 Display::handleDisplayResize: uScreenId=0 pvVRAM=0000000007e40000 w=1024 h=768 bpp=32 cbLine=0x1000 flags=0x1
00:00:20.134587 VBVA: InfoScreen: [0] @0,0 1024x768, line 0x1000, BPP 32, flags 0x1
00:00:20.134609 Display::handleDisplayResize: uScreenId=0 pvVRAM=0000000007e40000 w=1024 h=768 bpp=32 cbLine=0x1000 flags=0x1
00:00:20.136912 VBVA: InfoScreen: [0] @0,0 1024x768, line 0x1000, BPP 32, flags 0x1
00:00:20.136932 Display::handleDisplayResize: uScreenId=0 pvVRAM=0000000007e40000 w=1024 h=768 bpp=32 cbLine=0x1000 flags=0x1
00:00:20.261217 VBVA: InfoScreen: [0] @0,0 1024x768, line 0x1000, BPP 32, flags 0x1
00:00:20.261249 Display::handleDisplayResize: uScreenId=0 pvVRAM=0000000007e40000 w=1024 h=768 bpp=32 cbLine=0x1000 flags=0x1
00:00:20.352366 VBVA: InfoScreen: [0] @0,0 1024x768, line 0x1000, BPP 32, flags 0x1
00:00:20.352403 Display::handleDisplayResize: uScreenId=0 pvVRAM=0000000007e40000 w=1024 h=768 bpp=32 cbLine=0x1000 flags=0x1
00:00:20.354229 VBVA: InfoScreen: [0] @0,0 1024x768, line 0x1000, BPP 32, flags 0x1
00:00:20.354258 Display::handleDisplayResize: uScreenId=0 pvVRAM=0000000007e40000 w=1024 h=768 bpp=32 cbLine=0x1000 flags=0x1
00:00:20.357866 VBVA: InfoScreen: [0] @0,0 1024x768, line 0x1000, BPP 32, flags 0x1
00:00:20.357898 Display::handleDisplayResize: uScreenId=0 pvVRAM=0000000007e40000 w=1024 h=768 bpp=32 cbLine=0x1000 flags=0x1
00:00:20.366818 VBVA: InfoScreen: [0] @0,0 1024x768, line 0x1000, BPP 32, flags 0x1
00:00:20.366854 Display::handleDisplayResize: uScreenId=0 pvVRAM=0000000007e40000 w=1024 h=768 bpp=32 cbLine=0x1000 flags=0x1
00:00:20.369872 VBVA: InfoScreen: [0] @0,0 1024x768, line 0x1000, BPP 32, flags 0x1
00:00:20.369903 Display::handleDisplayResize: uScreenId=0 pvVRAM=0000000007e40000 w=1024 h=768 bpp=32 cbLine=0x1000 flags=0x1
00:00:20.370438 VBVA: InfoScreen: [0] @0,0 1024x768, line 0x1000, BPP 32, flags 0x1
00:00:20.370461 Display::handleDisplayResize: uScreenId=0 pvVRAM=0000000007e40000 w=1024 h=768 bpp=32 cbLine=0x1000 flags=0x1
00:00:20.372715 VBVA: InfoScreen: [0] @0,0 1024x768, line 0x1000, BPP 32, flags 0x1
00:00:20.372740 Display::handleDisplayResize: uScreenId=0 pvVRAM=0000000007e40000 w=1024 h=768 bpp=32 cbLine=0x1000 flags=0x1
00:00:20.448245 VBVA: InfoScreen: [0] @0,0 1024x768, line 0x1000, BPP 32, flags 0x1
00:00:20.448286 Display::handleDisplayResize: uScreenId=0 pvVRAM=0000000007e40000 w=1024 h=768 bpp=32 cbLine=0x1000 flags=0x1
00:00:20.450681 VBVA: InfoScreen: [0] @0,0 1024x768, line 0x1000, BPP 32, flags 0x1
00:00:20.450711 Display::handleDisplayResize: uScreenId=0 pvVRAM=0000000007e40000 w=1024 h=768 bpp=32 cbLine=0x1000 flags=0x1
00:00:20.469278 VBVA: InfoScreen: [0] @0,0 1024x768, line 0x1000, BPP 32, flags 0x1
00:00:20.469311 Display::handleDisplayResize: uScreenId=0 pvVRAM=0000000007e40000 w=1024 h=768 bpp=32 cbLine=0x1000 flags=0x1
00:00:20.660158 VBVA: InfoScreen: [0] @0,0 1024x768, line 0x1000, BPP 32, flags 0x1
00:00:20.660205 Display::handleDisplayResize: uScreenId=0 pvVRAM=0000000007e40000 w=1024 h=768 bpp=32 cbLine=0x1000 flags=0x1
00:00:20.660383 VBVA: InfoScreen: [0] @0,0 1024x768, line 0x1000, BPP 32, flags 0x1
00:00:20.660404 Display::handleDisplayResize: uScreenId=0 pvVRAM=0000000007e40000 w=1024 h=768 bpp=32 cbLine=0x1000 flags=0x1
00:00:20.660548 VBVA: InfoScreen: [0] @0,0 1024x768, line 0x1000, BPP 32, flags 0x1
00:00:20.660567 Display::handleDisplayResize: uScreenId=0 pvVRAM=0000000007e40000 w=1024 h=768 bpp=32 cbLine=0x1000 flags=0x1
00:00:20.661689 VBVA: InfoScreen: [0] @0,0 1024x768, line 0x1000, BPP 32, flags 0x1
00:00:20.661710 Display::handleDisplayResize: uScreenId=0 pvVRAM=0000000007e40000 w=1024 h=768 bpp=32 cbLine=0x1000 flags=0x1
00:00:20.663324 VBVA: InfoScreen: [0] @0,0 1024x768, line 0x1000, BPP 32, flags 0x1
00:00:20.663348 Display::handleDisplayResize: uScreenId=0 pvVRAM=0000000007e40000 w=1024 h=768 bpp=32 cbLine=0x1000 flags=0x1
00:00:20.672361 VBVA: InfoScreen: [0] @0,0 1024x768, line 0x1000, BPP 32, flags 0x1
00:00:20.672385 Display::handleDisplayResize: uScreenId=0 pvVRAM=0000000007e40000 w=1024 h=768 bpp=32 cbLine=0x1000 flags=0x1
00:00:20.672575 VBVA: InfoScreen: [0] @0,0 1024x768, line 0x1000, BPP 32, flags 0x1
00:00:20.672593 Display::handleDisplayResize: uScreenId=0 pvVRAM=0000000007e40000 w=1024 h=768 bpp=32 cbLine=0x1000 flags=0x1
00:00:20.672789 VBVA: InfoScreen: [0] @0,0 1024x768, line 0x1000, BPP 32, flags 0x1
00:00:20.672807 Display::handleDisplayResize: uScreenId=0 pvVRAM=0000000007e40000 w=1024 h=768 bpp=32 cbLine=0x1000 flags=0x1
00:00:20.673637 VBVA: InfoScreen: [0] @0,0 1024x768, line 0x1000, BPP 32, flags 0x1
00:00:20.673659 Display::handleDisplayResize: uScreenId=0 pvVRAM=0000000007e40000 w=1024 h=768 bpp=32 cbLine=0x1000 flags=0x1
00:00:20.675205 VBVA: InfoScreen: [0] @0,0 1024x768, line 0x1000, BPP 32, flags 0x1
00:00:20.675227 Display::handleDisplayResize: uScreenId=0 pvVRAM=0000000007e40000 w=1024 h=768 bpp=32 cbLine=0x1000 flags=0x1
00:00:20.679778 VBVA: InfoScreen: [0] @0,0 1024x768, line 0x1000, BPP 32, flags 0x1
00:00:20.679801 Display::handleDisplayResize: uScreenId=0 pvVRAM=0000000007e40000 w=1024 h=768 bpp=32 cbLine=0x1000 flags=0x1
00:00:20.686954 VBVA: InfoScreen: [0] @0,0 1024x768, line 0x1000, BPP 32, flags 0x1
00:00:20.686980 Display::handleDisplayResize: uScreenId=0 pvVRAM=0000000007e40000 w=1024 h=768 bpp=32 cbLine=0x1000 flags=0x1
00:00:20.689457 VBVA: InfoScreen: [0] @0,0 1024x768, line 0x1000, BPP 32, flags 0x1
00:00:20.689481 Display::handleDisplayResize: uScreenId=0 pvVRAM=0000000007e40000 w=1024 h=768 bpp=32 cbLine=0x1000 flags=0x1
00:00:20.790983 VBVA: InfoScreen: [0] @0,0 1024x768, line 0x1000, BPP 32, flags 0x1
00:00:20.791022 Display::handleDisplayResize: uScreenId=0 pvVRAM=0000000007e40000 w=1024 h=768 bpp=32 cbLine=0x1000 flags=0x1
00:00:20.791480 VBVA: InfoScreen: [0] @0,0 1024x768, line 0x1000, BPP 32, flags 0x1
00:00:20.791502 Display::handleDisplayResize: uScreenId=0 pvVRAM=0000000007e40000 w=1024 h=768 bpp=32 cbLine=0x1000 flags=0x1
00:00:20.792215 VBVA: InfoScreen: [0] @0,0 1024x768, line 0x1000, BPP 32, flags 0x1
00:00:20.792236 Display::handleDisplayResize: uScreenId=0 pvVRAM=0000000007e40000 w=1024 h=768 bpp=32 cbLine=0x1000 flags=0x1
00:00:20.794552 VBVA: InfoScreen: [0] @0,0 1024x768, line 0x1000, BPP 32, flags 0x1
00:00:20.794571 Display::handleDisplayResize: uScreenId=0 pvVRAM=0000000007e40000 w=1024 h=768 bpp=32 cbLine=0x1000 flags=0x1
00:00:20.795786 VBVA: InfoScreen: [0] @0,0 1024x768, line 0x1000, BPP 32, flags 0x1
00:00:20.795806 Display::handleDisplayResize: uScreenId=0 pvVRAM=0000000007e40000 w=1024 h=768 bpp=32 cbLine=0x1000 flags=0x1
00:00:20.806183 VBVA: InfoScreen: [0] @0,0 1024x768, line 0x1000, BPP 32, flags 0x1
00:00:20.806213 Display::handleDisplayResize: uScreenId=0 pvVRAM=0000000007e40000 w=1024 h=768 bpp=32 cbLine=0x1000 flags=0x1
00:00:20.807057 VBVA: InfoScreen: [0] @0,0 1024x768, line 0x1000, BPP 32, flags 0x1
00:00:20.807077 Display::handleDisplayResize: uScreenId=0 pvVRAM=0000000007e40000 w=1024 h=768 bpp=32 cbLine=0x1000 flags=0x1
00:00:20.808811 VBVA: InfoScreen: [0] @0,0 1024x768, line 0x1000, BPP 32, flags 0x1
00:00:20.808833 Display::handleDisplayResize: uScreenId=0 pvVRAM=0000000007e40000 w=1024 h=768 bpp=32 cbLine=0x1000 flags=0x1
00:00:20.816026 VBVA: InfoScreen: [0] @0,0 1024x768, line 0x1000, BPP 32, flags 0x1
00:00:20.816056 Display::handleDisplayResize: uScreenId=0 pvVRAM=0000000007e40000 w=1024 h=768 bpp=32 cbLine=0x1000 flags=0x1
00:00:20.846385 VBVA: InfoScreen: [0] @0,0 1024x768, line 0x1000, BPP 32, flags 0x1
00:00:20.846418 Display::handleDisplayResize: uScreenId=0 pvVRAM=0000000007e40000 w=1024 h=768 bpp=32 cbLine=0x1000 flags=0x1
00:00:20.846541 VBVA: InfoScreen: [0] @0,0 1024x768, line 0x1000, BPP 32, flags 0x1
00:00:20.846557 Display::handleDisplayResize: uScreenId=0 pvVRAM=0000000007e40000 w=1024 h=768 bpp=32 cbLine=0x1000 flags=0x1
00:00:20.846726 VBVA: InfoScreen: [0] @0,0 1024x768, line 0x1000, BPP 32, flags 0x1
00:00:20.846742 Display::handleDisplayResize: uScreenId=0 pvVRAM=0000000007e40000 w=1024 h=768 bpp=32 cbLine=0x1000 flags=0x1
00:00:20.848310 VBVA: InfoScreen: [0] @0,0 1024x768, line 0x1000, BPP 32, flags 0x1
00:00:20.848329 Display::handleDisplayResize: uScreenId=0 pvVRAM=0000000007e40000 w=1024 h=768 bpp=32 cbLine=0x1000 flags=0x1
00:00:20.861278 VBVA: InfoScreen: [0] @0,0 1024x768, line 0x1000, BPP 32, flags 0x1
00:00:20.861308 Display::handleDisplayResize: uScreenId=0 pvVRAM=0000000007e40000 w=1024 h=768 bpp=32 cbLine=0x1000 flags=0x1
00:00:20.875067 VBVA: InfoScreen: [0] @0,0 1024x768, line 0x1000, BPP 32, flags 0x1
00:00:20.875102 Display::handleDisplayResize: uScreenId=0 pvVRAM=0000000007e40000 w=1024 h=768 bpp=32 cbLine=0x1000 flags=0x1
00:00:20.875228 VBVA: InfoScreen: [0] @0,0 1024x768, line 0x1000, BPP 32, flags 0x1
00:00:20.875243 Display::handleDisplayResize: uScreenId=0 pvVRAM=0000000007e40000 w=1024 h=768 bpp=32 cbLine=0x1000 flags=0x1
00:00:20.876206 VBVA: InfoScreen: [0] @0,0 1024x768, line 0x1000, BPP 32, flags 0x1
00:00:20.876223 Display::handleDisplayResize: uScreenId=0 pvVRAM=0000000007e40000 w=1024 h=768 bpp=32 cbLine=0x1000 flags=0x1
00:00:20.876780 VBVA: InfoScreen: [0] @0,0 1024x768, line 0x1000, BPP 32, flags 0x1
00:00:20.876797 Display::handleDisplayResize: uScreenId=0 pvVRAM=0000000007e40000 w=1024 h=768 bpp=32 cbLine=0x1000 flags=0x1
00:00:20.878913 VBVA: InfoScreen: [0] @0,0 1024x768, line 0x1000, BPP 32, flags 0x1
00:00:20.878932 Display::handleDisplayResize: uScreenId=0 pvVRAM=0000000007e40000 w=1024 h=768 bpp=32 cbLine=0x1000 flags=0x1
00:00:20.885787 VBVA: InfoScreen: [0] @0,0 1024x768, line 0x1000, BPP 32, flags 0x1
00:00:20.885809 Display::handleDisplayResize: uScreenId=0 pvVRAM=0000000007e40000 w=1024 h=768 bpp=32 cbLine=0x1000 flags=0x1
00:00:20.888073 VBVA: InfoScreen: [0] @0,0 1024x768, line 0x1000, BPP 32, flags 0x1
00:00:20.888092 Display::handleDisplayResize: uScreenId=0 pvVRAM=0000000007e40000 w=1024 h=768 bpp=32 cbLine=0x1000 flags=0x1
00:00:20.888221 VBVA: InfoScreen: [0] @0,0 1024x768, line 0x1000, BPP 32, flags 0x1
00:00:20.888235 Display::handleDisplayResize: uScreenId=0 pvVRAM=0000000007e40000 w=1024 h=768 bpp=32 cbLine=0x1000 flags=0x1
00:00:20.888335 VBVA: InfoScreen: [0] @0,0 1024x768, line 0x1000, BPP 32, flags 0x1
00:00:20.888348 Display::handleDisplayResize: uScreenId=0 pvVRAM=0000000007e40000 w=1024 h=768 bpp=32 cbLine=0x1000 flags=0x1
00:00:20.888967 VBVA: InfoScreen: [0] @0,0 1024x768, line 0x1000, BPP 32, flags 0x1
00:00:20.888981 Display::handleDisplayResize: uScreenId=0 pvVRAM=0000000007e40000 w=1024 h=768 bpp=32 cbLine=0x1000 flags=0x1
00:00:20.890375 VBVA: InfoScreen: [0] @0,0 1024x768, line 0x1000, BPP 32, flags 0x1
00:00:20.890393 Display::handleDisplayResize: uScreenId=0 pvVRAM=0000000007e40000 w=1024 h=768 bpp=32 cbLine=0x1000 flags=0x1
00:00:20.910056 VBVA: InfoScreen: [0] @0,0 1024x768, line 0x1000, BPP 32, flags 0x1
00:00:20.910088 Display::handleDisplayResize: uScreenId=0 pvVRAM=0000000007e40000 w=1024 h=768 bpp=32 cbLine=0x1000 flags=0x1
00:00:20.911217 VBVA: InfoScreen: [0] @0,0 1024x768, line 0x1000, BPP 32, flags 0x1
00:00:20.911238 Display::handleDisplayResize: uScreenId=0 pvVRAM=0000000007e40000 w=1024 h=768 bpp=32 cbLine=0x1000 flags=0x1
00:00:20.911480 VBVA: InfoScreen: [0] @0,0 1024x768, line 0x1000, BPP 32, flags 0x1
00:00:20.911494 Display::handleDisplayResize: uScreenId=0 pvVRAM=0000000007e40000 w=1024 h=768 bpp=32 cbLine=0x1000 flags=0x1
00:00:20.979573 VBVA: InfoScreen: [0] @0,0 1024x768, line 0x1000, BPP 32, flags 0x1
00:00:20.979605 Display::handleDisplayResize: uScreenId=0 pvVRAM=0000000007e40000 w=1024 h=768 bpp=32 cbLine=0x1000 flags=0x1
00:00:20.981339 VBVA: InfoScreen: [0] @0,0 1024x768, line 0x1000, BPP 32, flags 0x1
00:00:20.981367 Display::handleDisplayResize: uScreenId=0 pvVRAM=0000000007e40000 w=1024 h=768 bpp=32 cbLine=0x1000 flags=0x1
00:00:21.071604 VBVA: InfoScreen: [0] @0,0 1024x768, line 0x1000, BPP 32, flags 0x1
00:00:21.071641 Display::handleDisplayResize: uScreenId=0 pvVRAM=0000000007e40000 w=1024 h=768 bpp=32 cbLine=0x1000 flags=0x1
00:00:21.073357 VBVA: InfoScreen: [0] @0,0 1024x768, line 0x1000, BPP 32, flags 0x1
00:00:21.073389 Display::handleDisplayResize: uScreenId=0 pvVRAM=0000000007e40000 w=1024 h=768 bpp=32 cbLine=0x1000 flags=0x1
00:00:21.076118 VBVA: InfoScreen: [0] @0,0 1024x768, line 0x1000, BPP 32, flags 0x1
00:00:21.076146 Display::handleDisplayResize: uScreenId=0 pvVRAM=0000000007e40000 w=1024 h=768 bpp=32 cbLine=0x1000 flags=0x1
00:00:21.085335 VBVA: InfoScreen: [0] @0,0 1024x768, line 0x1000, BPP 32, flags 0x1
00:00:21.085375 Display::handleDisplayResize: uScreenId=0 pvVRAM=0000000007e40000 w=1024 h=768 bpp=32 cbLine=0x1000 flags=0x1
00:00:21.088435 VBVA: InfoScreen: [0] @0,0 1024x768, line 0x1000, BPP 32, flags 0x1
00:00:21.088468 Display::handleDisplayResize: uScreenId=0 pvVRAM=0000000007e40000 w=1024 h=768 bpp=32 cbLine=0x1000 flags=0x1
00:00:21.092909 VBVA: InfoScreen: [0] @0,0 1024x768, line 0x1000, BPP 32, flags 0x1
00:00:21.092938 Display::handleDisplayResize: uScreenId=0 pvVRAM=0000000007e40000 w=1024 h=768 bpp=32 cbLine=0x1000 flags=0x1
00:00:21.173886 VBVA: InfoScreen: [0] @0,0 1024x768, line 0x1000, BPP 32, flags 0x1
00:00:21.173925 Display::handleDisplayResize: uScreenId=0 pvVRAM=0000000007e40000 w=1024 h=768 bpp=32 cbLine=0x1000 flags=0x1
00:00:21.174622 VBVA: InfoScreen: [0] @0,0 1024x768, line 0x1000, BPP 32, flags 0x1
00:00:21.174646 Display::handleDisplayResize: uScreenId=0 pvVRAM=0000000007e40000 w=1024 h=768 bpp=32 cbLine=0x1000 flags=0x1
00:00:21.174900 VBVA: InfoScreen: [0] @0,0 1024x768, line 0x1000, BPP 32, flags 0x1
00:00:21.174922 Display::handleDisplayResize: uScreenId=0 pvVRAM=0000000007e40000 w=1024 h=768 bpp=32 cbLine=0x1000 flags=0x1
00:00:21.177438 VBVA: InfoScreen: [0] @0,0 1024x768, line 0x1000, BPP 32, flags 0x1
00:00:21.177464 Display::handleDisplayResize: uScreenId=0 pvVRAM=0000000007e40000 w=1024 h=768 bpp=32 cbLine=0x1000 flags=0x1
00:00:21.177874 VBVA: InfoScreen: [0] @0,0 1024x768, line 0x1000, BPP 32, flags 0x1
00:00:21.177895 Display::handleDisplayResize: uScreenId=0 pvVRAM=0000000007e40000 w=1024 h=768 bpp=32 cbLine=0x1000 flags=0x1
00:00:21.185148 VBVA: InfoScreen: [0] @0,0 1024x768, line 0x1000, BPP 32, flags 0x1
00:00:21.185176 Display::handleDisplayResize: uScreenId=0 pvVRAM=0000000007e40000 w=1024 h=768 bpp=32 cbLine=0x1000 flags=0x1
00:00:21.185432 VBVA: InfoScreen: [0] @0,0 1024x768, line 0x1000, BPP 32, flags 0x1
00:00:21.185453 Display::handleDisplayResize: uScreenId=0 pvVRAM=0000000007e40000 w=1024 h=768 bpp=32 cbLine=0x1000 flags=0x1
00:00:21.185711 VBVA: InfoScreen: [0] @0,0 1024x768, line 0x1000, BPP 32, flags 0x1
00:00:21.185731 Display::handleDisplayResize: uScreenId=0 pvVRAM=0000000007e40000 w=1024 h=768 bpp=32 cbLine=0x1000 flags=0x1
00:00:21.185944 VBVA: InfoScreen: [0] @0,0 1024x768, line 0x1000, BPP 32, flags 0x1
00:00:21.185964 Display::handleDisplayResize: uScreenId=0 pvVRAM=0000000007e40000 w=1024 h=768 bpp=32 cbLine=0x1000 flags=0x1
00:00:21.186122 VBVA: InfoScreen: [0] @0,0 1024x768, line 0x1000, BPP 32, flags 0x1
00:00:21.186140 Display::handleDisplayResize: uScreenId=0 pvVRAM=0000000007e40000 w=1024 h=768 bpp=32 cbLine=0x1000 flags=0x1
00:00:21.186316 VBVA: InfoScreen: [0] @0,0 1024x768, line 0x1000, BPP 32, flags 0x1
00:00:21.186335 Display::handleDisplayResize: uScreenId=0 pvVRAM=0000000007e40000 w=1024 h=768 bpp=32 cbLine=0x1000 flags=0x1
00:00:21.189363 VBVA: InfoScreen: [0] @0,0 1024x768, line 0x1000, BPP 32, flags 0x1
00:00:21.189391 Display::handleDisplayResize: uScreenId=0 pvVRAM=0000000007e40000 w=1024 h=768 bpp=32 cbLine=0x1000 flags=0x1
00:00:21.199806 VBVA: InfoScreen: [0] @0,0 1024x768, line 0x1000, BPP 32, flags 0x1
00:00:21.199842 Display::handleDisplayResize: uScreenId=0 pvVRAM=0000000007e40000 w=1024 h=768 bpp=32 cbLine=0x1000 flags=0x1
00:00:21.201132 VBVA: InfoScreen: [0] @0,0 1024x768, line 0x1000, BPP 32, flags 0x1
00:00:21.201158 Display::handleDisplayResize: uScreenId=0 pvVRAM=0000000007e40000 w=1024 h=768 bpp=32 cbLine=0x1000 flags=0x1
00:00:21.201308 VBVA: InfoScreen: [0] @0,0 1024x768, line 0x1000, BPP 32, flags 0x1
00:00:21.201328 Display::handleDisplayResize: uScreenId=0 pvVRAM=0000000007e40000 w=1024 h=768 bpp=32 cbLine=0x1000 flags=0x1
00:00:21.202487 VBVA: InfoScreen: [0] @0,0 1024x768, line 0x1000, BPP 32, flags 0x1
00:00:21.202509 Display::handleDisplayResize: uScreenId=0 pvVRAM=0000000007e40000 w=1024 h=768 bpp=32 cbLine=0x1000 flags=0x1
00:00:21.204465 VBVA: InfoScreen: [0] @0,0 1024x768, line 0x1000, BPP 32, flags 0x1
00:00:21.204489 Display::handleDisplayResize: uScreenId=0 pvVRAM=0000000007e40000 w=1024 h=768 bpp=32 cbLine=0x1000 flags=0x1
00:00:21.300897 VBVA: InfoScreen: [0] @0,0 1024x768, line 0x1000, BPP 32, flags 0x1
00:00:21.300942 Display::handleDisplayResize: uScreenId=0 pvVRAM=0000000007e40000 w=1024 h=768 bpp=32 cbLine=0x1000 flags=0x1
00:00:21.432504 VBVA: InfoScreen: [0] @0,0 1024x768, line 0x1000, BPP 32, flags 0x1
00:00:21.432543 Display::handleDisplayResize: uScreenId=0 pvVRAM=0000000007e40000 w=1024 h=768 bpp=32 cbLine=0x1000 flags=0x1
00:00:21.433350 VBVA: InfoScreen: [0] @0,0 1024x768, line 0x1000, BPP 32, flags 0x1
00:00:21.433377 Display::handleDisplayResize: uScreenId=0 pvVRAM=0000000007e40000 w=1024 h=768 bpp=32 cbLine=0x1000 flags=0x1
00:00:21.435400 VBVA: InfoScreen: [0] @0,0 1024x768, line 0x1000, BPP 32, flags 0x1
00:00:21.435430 Display::handleDisplayResize: uScreenId=0 pvVRAM=0000000007e40000 w=1024 h=768 bpp=32 cbLine=0x1000 flags=0x1
00:00:21.508938 VBVA: InfoScreen: [0] @0,0 1024x768, line 0x1000, BPP 32, flags 0x1
00:00:21.508982 Display::handleDisplayResize: uScreenId=0 pvVRAM=0000000007e40000 w=1024 h=768 bpp=32 cbLine=0x1000 flags=0x1
00:00:21.716959 VBVA: InfoScreen: [0] @0,0 1024x768, line 0x1000, BPP 32, flags 0x1
00:00:21.717005 Display::handleDisplayResize: uScreenId=0 pvVRAM=0000000007e40000 w=1024 h=768 bpp=32 cbLine=0x1000 flags=0x1
00:00:21.925013 VBVA: InfoScreen: [0] @0,0 1024x768, line 0x1000, BPP 32, flags 0x1
00:00:21.925058 Display::handleDisplayResize: uScreenId=0 pvVRAM=0000000007e40000 w=1024 h=768 bpp=32 cbLine=0x1000 flags=0x1
00:00:21.962911 VBVA: InfoScreen: [0] @0,0 1024x768, line 0x1000, BPP 32, flags 0x1
00:00:21.962955 Display::handleDisplayResize: uScreenId=0 pvVRAM=0000000007e40000 w=1024 h=768 bpp=32 cbLine=0x1000 flags=0x1
00:00:21.964746 VBVA: InfoScreen: [0] @0,0 1024x768, line 0x1000, BPP 32, flags 0x1
00:00:21.964778 Display::handleDisplayResize: uScreenId=0 pvVRAM=0000000007e40000 w=1024 h=768 bpp=32 cbLine=0x1000 flags=0x1
00:00:21.966144 VBVA: InfoScreen: [0] @0,0 1024x768, line 0x1000, BPP 32, flags 0x1
00:00:21.966170 Display::handleDisplayResize: uScreenId=0 pvVRAM=0000000007e40000 w=1024 h=768 bpp=32 cbLine=0x1000 flags=0x1
00:00:22.133018 VBVA: InfoScreen: [0] @0,0 1024x768, line 0x1000, BPP 32, flags 0x1
00:00:22.133056 Display::handleDisplayResize: uScreenId=0 pvVRAM=0000000007e40000 w=1024 h=768 bpp=32 cbLine=0x1000 flags=0x1
00:00:22.223484 Console: Machine state changed to 'Stopping'
00:00:22.223975 Console::powerDown(): A request to power off the VM has been issued (mMachineState=Stopping, InUninit=0)
00:00:22.224004 Display::handleDisplayResize: uScreenId=0 pvVRAM=0000000007e40000 w=1024 h=768 bpp=32 cbLine=0x1000 flags=0x1
00:00:22.224418 Changing the VM state from 'RUNNING' to 'POWERING_OFF'
00:00:22.224450 ****************** Guest state at power off for VCpu 0 ******************
00:00:22.224478 Guest CPUM (VCPU 0) state: 
00:00:22.224487 rax=0000000000000000 rbx=0000000000000000 rcx=0000000000000000 rdx=0000000000000000
00:00:22.224492 rsi=0000000000000000 rdi=0000000000000000 r8 =0000000000000000 r9 =0000000000000000
00:00:22.224494 r10=0000000000000000 r11=0000000000000000 r12=ffffffffa1c0fcc0 r13=0000000000000000
00:00:22.224496 r14=00000000221a2000 r15=000000000008a000
00:00:22.224498 rip=ffffffffa084a2e0 rsp=ffffffffa1c03e20 rbp=ffffffffa1c03e20 iopl=0         nv up ei pl nz na po nc
00:00:22.224503 cs={0010 base=0000000000000000 limit=ffffffff flags=0000a09b}
00:00:22.224505 ds={0000 base=0000000000000000 limit=ffffffff flags=0001c000}
00:00:22.224507 es={0000 base=0000000000000000 limit=ffffffff flags=0001c000}
00:00:22.224509 fs={0000 base=0000000000000000 limit=ffffffff flags=0001c000}
00:00:22.224511 gs={0000 base=ffff9de3bec00000 limit=ffffffff flags=0001c000}
00:00:22.224513 ss={0018 base=0000000000000000 limit=ffffffff flags=0000c093}
00:00:22.224515 cr0=0000000080050033 cr2=00006540e9035700 cr3=00000000048ae003 cr4=00000000000706f0
00:00:22.224519 dr0=0000000000000000 dr1=0000000000000000 dr2=0000000000000000 dr3=0000000000000000
00:00:22.224520 dr4=0000000000000000 dr5=0000000000000000 dr6=00000000ffff0ff0 dr7=0000000000000400
00:00:22.224523 gdtr=fffffe50cfe23000:007f  idtr=fffffe0000000000:0fff  eflags=00000246
00:00:22.224527 ldtr={0000 base=00000000 limit=ffffffff flags=0001c000}
00:00:22.224529 tr  ={0040 base=fffffe50cfe25000 limit=00004087 flags=0000008b}
00:00:22.224531 SysEnter={cs=0010 eip=ffffffffa0a019a0 esp=fffffe50cfe25000}
00:00:22.224534 xcr=0000000000000007 xcr1=0000000000000000 xss=0000000000000000 (fXStateMask=0000000000000007)
00:00:22.224537 FCW=037f FSW=0000 FTW=0000 FOP=0000 MXCSR=00001fa0 MXCSR_MASK=0000ffff
00:00:22.224539 FPUIP=00000000 CS=0000 Rsrvd1=0000  FPUDP=00000000 DS=0000 Rsvrd2=0000
00:00:22.224542 ST(0)=FPR0={0000'00000000'00000000} t0 +0.0000000000000000000000 * 2 ^ -16383 (*)
00:00:22.224546 ST(1)=FPR1={0000'00000000'00000000} t0 +0.0000000000000000000000 * 2 ^ -16383 (*)
00:00:22.224549 ST(2)=FPR2={0000'00000000'00000000} t0 +0.0000000000000000000000 * 2 ^ -16383 (*)
00:00:22.224552 ST(3)=FPR3={0000'00000000'00000000} t0 +0.0000000000000000000000 * 2 ^ -16383 (*)
00:00:22.224555 ST(4)=FPR4={0000'00000000'00000000} t0 +0.0000000000000000000000 * 2 ^ -16383 (*)
00:00:22.224558 ST(5)=FPR5={0000'00000000'00000000} t0 +0.0000000000000000000000 * 2 ^ -16383 (*)
00:00:22.224561 ST(6)=FPR6={0000'00000000'00000000} t0 +0.0000000000000000000000 * 2 ^ -16383 (*)
00:00:22.224564 ST(7)=FPR7={0000'00000000'00000000} t0 +0.0000000000000000000000 * 2 ^ -16383 (*)
00:00:22.224567 YMM0 =00000000'00000000'00000000'00000000'00007710'ac000870'00007710'ac000870
00:00:22.224570 YMM1 =00000000'00000000'00000000'00000000'00000000'00021000'00000000'00021000
00:00:22.224573 YMM2 =00000000'00000000'00000000'00000000'000080c0'00004c00'00000000'00000000
00:00:22.224576 YMM3 =00000000'00000000'00000000'00000000'00000000'00000000'00000000'00000000
00:00:22.224579 YMM4 =00000000'00000000'00000000'00000000'00000000'00000000'00000000'000000ff
00:00:22.224581 YMM5 =00000000'00000000'00000000'00000000'00007ffd'3e40cc20'd11bc674'e1909700
00:00:22.224585 YMM6 =00000000'00000000'00000000'00000000'00007ffd'3e40cb50'00005dbd'52d8e519
00:00:22.224588 YMM7 =00000000'00000000'00000000'00000000'00005dbd'5229e6c0'00000000'00000040
00:00:22.224591 YMM8 =00000000'00000000'00000000'00000000'0478680b'92832a18'2e53a3e2'4c250a52
00:00:22.224594 YMM9 =00000000'00000000'00000000'00000000'29ccc93c'f50701e2'2518bd6c'cb72351e
00:00:22.224597 YMM10=00000000'00000000'00000000'00000000'ca09ed4d'78136297'bac1f600'e9494fbc
00:00:22.224600 YMM11=00000000'00000000'00000000'00000000'bb092227'4d354750'87398a35'1ccee8a3
00:00:22.224604 YMM12=00000000'00000000'00000000'00000000'fe48ca53'fe48ca53'fe48ca53'fe48ca53
00:00:22.224607 YMM13=00000000'00000000'00000000'00000000'241c6b5c'241c6b5c'241c6b5c'241c6b5c
00:00:22.224610 YMM14=00000000'00000000'00000000'00000000'78f036d4'78f036d4'78f036d4'78f036d4
00:00:22.224613 YMM15=00000000'00000000'00000000'00000000'00000000'00000000'00000000'00000000
00:00:22.224616 EFER         =0000000000000d01
00:00:22.224617 PAT          =0407050600070106
00:00:22.224619 STAR         =0023001000000000
00:00:22.224620 CSTAR        =0000000000000000
00:00:22.224621 LSTAR        =ffffffffa0a00080
00:00:22.224623 SFMASK       =0000000000257fd5
00:00:22.224624 KERNELGSBASE =0000000000000000
00:00:22.224626 ***
00:00:22.224631 VCPU[0] hardware virtualization state:
00:00:22.224632 No/inactive hwvirt state
00:00:22.224634 ***
00:00:22.224646 Guest paging mode (VCPU #0):  AMD64+NX (changed 11598 times), A20 enabled (changed 2 times)
00:00:22.224651 Shadow paging mode (VCPU #0): EPT
00:00:22.224654 Host paging mode:              AMD64+G+NX
00:00:22.224656 ***
00:00:22.224661 Active Timers (pVM=0000000000900000)
00:00:22.224662 pTimerR3         offNext  offPrev  offSched Clock               Time             Expire HzHint State                     Description
00:00:22.224667 0000000004d05860 00021810 00000000 00000000 Real            40327136           40327147      0 2-ACTIVE                  VGA Refresh Timer
00:00:22.224677 0000000004d27070 ffffff80 fffde7f0 00000000 Real            40327136           40327159      0 2-ACTIVE                  EMT Yielder
00:00:22.224684 0000000004d26ff0 00000000 00000080 00000000 Real            40327136           40328081      0 2-ACTIVE                  CPU Load Timer
00:00:22.224689 0000000004d04c40 00000000 00000000 00000000 Virt         21032068911        25031047906      0 2-ACTIVE                  Heartbeat flatlined
00:00:22.224696 0000000004d033d0 000012a0 00000000 00000000 VrSy         21031990021        21031990021   1029 2-ACTIVE                  APIC Timer 0
00:00:22.224702 0000000004d04670 00022470 ffffed60 00000000 VrSy         21031990021        21990000000      0 2-ACTIVE                  MC146818 RTC/CMOS - Second
00:00:22.224708 0000000004d26ae0 00000000 fffddb90 00000000 VrSy         21031990021       599932015941      0 2-ACTIVE                  ACPI PM Timer
00:00:22.224713 ***
00:00:22.224720 ************** End of Guest state at power off ***************
00:00:22.224904 PDMR3PowerOff: after     0 ms, 1 loops: 1 async tasks - ahci/0
00:00:22.418137 PDMR3PowerOff: 193 290 698 ns run time
00:00:22.418174 Changing the VM state from 'POWERING_OFF' to 'OFF'
00:00:22.420516 Changing the VM state from 'OFF' to 'DESTROYING'
00:00:22.420562 ************************* Statistics *************************
00:00:22.420705 /CPUM/MSR-Totals/Reads               3632 times
00:00:22.420719 /CPUM/MSR-Totals/ReadsRaisingGP         0 times
00:00:22.420728 /CPUM/MSR-Totals/ReadsUnknown           6 times
00:00:22.420736 /CPUM/MSR-Totals/Writes             42985 times
00:00:22.420744 /CPUM/MSR-Totals/WritesRaisingGP        0 times
00:00:22.420751 /CPUM/MSR-Totals/WritesToIgnoredBits        1 times
00:00:22.420758 /CPUM/MSR-Totals/WritesUnknown          0 times
00:00:22.420765 /Devices/AHCI0/Port0/QueryBufAttempts        0 count
00:00:22.420772 /Devices/AHCI0/Port0/QueryBufSuccess        0 count
00:00:22.420779 /Devices/AHCI0/Port0/ReadBytes   205576704 bytes
00:00:22.420787 /Devices/AHCI0/Port0/ReqsFlush         53 count
00:00:22.420794 /Devices/AHCI0/Port0/ReqsRead        8794 count
00:00:22.420801 /Devices/AHCI0/Port0/ReqsSubmitted     8979 count
00:00:22.420808 /Devices/AHCI0/Port0/ReqsSucceeded     8979 count
00:00:22.420815 /Devices/AHCI0/Port0/ReqsWrite        132 count
00:00:22.420822 /Devices/AHCI0/Port0/WrittenBytes  5059584 bytes
00:00:22.420831 /Devices/E1k0/ReceiveBytes           1188 bytes
00:00:22.420839 /Devices/E1k0/TransmitBytes          1196 bytes
00:00:22.420846 /Devices/E1k0/iStatIntLost              0 ns
00:00:22.420854 /Devices/E1k0/iStatIntLostOne           0 ns
00:00:22.420861 /Devices/E1k0/u64ArmedAt                0 ns
00:00:22.420868 /Devices/E1k0/uStatDescCtx              0 ns
00:00:22.420875 /Devices/E1k0/uStatDescDat              0 ns
00:00:22.420883 /Devices/E1k0/uStatDescLeg              8 ns
00:00:22.420889 /Devices/E1k0/uStatInt                 13 ns
00:00:22.420897 /Devices/E1k0/uStatIntEarly             0 ns
00:00:22.420904 /Devices/E1k0/uStatIntICS               3 ns
00:00:22.420911 /Devices/E1k0/uStatIntIMS               1 ns
00:00:22.420918 /Devices/E1k0/uStatIntLate              0 ns
00:00:22.420925 /Devices/E1k0/uStatIntLower             0 ns
00:00:22.420932 /Devices/E1k0/uStatIntMasked            1 ns
00:00:22.420939 /Devices/E1k0/uStatIntRDTR              0 ns
00:00:22.420945 /Devices/E1k0/uStatIntRXDMT0            0 ns
00:00:22.420952 /Devices/E1k0/uStatIntRx                2 ns
00:00:22.420959 /Devices/E1k0/uStatIntSkip              8 ns
00:00:22.420966 /Devices/E1k0/uStatIntTXQE              0 ns
00:00:22.420973 /Devices/E1k0/uStatIntTry              22 ns
00:00:22.420980 /Devices/E1k0/uStatIntTx                8 ns
00:00:22.420987 /Devices/E1k0/uStatMaxTxDelay           0 ns
00:00:22.420994 /Devices/E1k0/uStatNoIntICR             0 ns
00:00:22.421001 /Devices/E1k0/uStatRAD                  0 ns
00:00:22.421009 /Devices/E1k0/uStatRID                  0 ns
00:00:22.421016 /Devices/E1k0/uStatRxFrm                2 ns
00:00:22.421023 /Devices/E1k0/uStatTAD                  0 ns
00:00:22.421034 /Devices/E1k0/uStatTID                  0 ns
00:00:22.421043 /Devices/E1k0/uStatTx1514               8 ns
00:00:22.421051 /Devices/E1k0/uStatTx16384              0 ns
00:00:22.421058 /Devices/E1k0/uStatTx2962               0 ns
00:00:22.421065 /Devices/E1k0/uStatTx32768              0 ns
00:00:22.421072 /Devices/E1k0/uStatTx4410               0 ns
00:00:22.421079 /Devices/E1k0/uStatTx5858               0 ns
00:00:22.421086 /Devices/E1k0/uStatTx7306               0 ns
00:00:22.421093 /Devices/E1k0/uStatTx8754               0 ns
00:00:22.421100 /Devices/E1k0/uStatTxDelayExp           0 ns
00:00:22.421107 /Devices/E1k0/uStatTxDelayed            0 ns
00:00:22.421114 /Devices/E1k0/uStatTxFrm                8 ns
00:00:22.421121 /Devices/E1k0/uStatTxIDE                0 ns
00:00:22.421128 /Devices/E1k0/uStatTxLarge              0 ns
00:00:22.421134 /Devices/E1k0/uStatTxNoRS               0 ns
00:00:22.421142 /Devices/IDE0/ATA0/Unit0/AtapiDMA        0 times
00:00:22.421149 /Devices/IDE0/ATA0/Unit0/AtapiPIO        0 times
00:00:22.421156 /Devices/IDE0/ATA0/Unit0/DMA            0 times
00:00:22.421163 /Devices/IDE0/ATA0/Unit0/PIO            0 times
00:00:22.421170 /Devices/IDE0/ATA0/Unit0/ReadBytes        0 bytes
00:00:22.421177 /Devices/IDE0/ATA0/Unit0/WrittenBytes        0 bytes
00:00:22.421183 /Devices/IDE0/ATA0/Unit1/AtapiDMA        0 times
00:00:22.421190 /Devices/IDE0/ATA0/Unit1/AtapiPIO        0 times
00:00:22.421197 /Devices/IDE0/ATA0/Unit1/DMA            0 times
00:00:22.421204 /Devices/IDE0/ATA0/Unit1/PIO            0 times
00:00:22.421211 /Devices/IDE0/ATA0/Unit1/ReadBytes        0 bytes
00:00:22.421218 /Devices/IDE0/ATA0/Unit1/WrittenBytes        0 bytes
00:00:22.421225 /Devices/IDE0/ATA1/Unit0/AtapiDMA        2 times
00:00:22.421232 /Devices/IDE0/ATA1/Unit0/AtapiPIO       47 times
00:00:22.421239 /Devices/IDE0/ATA1/Unit0/DMA            0 times
00:00:22.421246 /Devices/IDE0/ATA1/Unit0/PIO            0 times
00:00:22.421253 /Devices/IDE0/ATA1/Unit0/ReadBytes        0 bytes
00:00:22.421260 /Devices/IDE0/ATA1/Unit0/WrittenBytes        0 bytes
00:00:22.421267 /Devices/IDE0/ATA1/Unit1/AtapiDMA        0 times
00:00:22.421273 /Devices/IDE0/ATA1/Unit1/AtapiPIO        0 times
00:00:22.421280 /Devices/IDE0/ATA1/Unit1/DMA            0 times
00:00:22.421287 /Devices/IDE0/ATA1/Unit1/PIO            0 times
00:00:22.421294 /Devices/IDE0/ATA1/Unit1/ReadBytes        0 bytes
00:00:22.421301 /Devices/IDE0/ATA1/Unit1/WrittenBytes        0 bytes
00:00:22.421307 /Devices/PIIX3IDE0/Port2/QueryBufAttempts        0 count
00:00:22.421314 /Devices/PIIX3IDE0/Port2/QueryBufSuccess        0 count
00:00:22.421322 /Devices/VMMDev/BalloonChunks           0 count
00:00:22.421337 /FT/Checkpoint/Network                  0 times
00:00:22.421345 /FT/Checkpoint/Storage                  0 times
00:00:22.421352 /FT/Received/Mem                        0 bytes
00:00:22.421359 /FT/Received/State                      0 bytes
00:00:22.421367 /FT/Sent/Mem                            0 bytes
00:00:22.421374 /FT/Sent/State                          0 bytes
00:00:22.421381 /FT/Sync/DeltaMem                       0 times
00:00:22.421388 /FT/Sync/DeltaVM                        0 times
00:00:22.421396 /FT/Sync/Full                           0 times
00:00:22.421404 /GMM/VM/Allocated/cBasePages        96863 pages
00:00:22.421411 /GMM/VM/Allocated/cFixedPages           0 pages
00:00:22.421418 /GMM/VM/Allocated/cShadowPages          0 pages
00:00:22.421425 /GMM/VM/Reserved/cBasePages        262302 pages
00:00:22.421432 /GMM/VM/Reserved/cFixedPages         5124 pages
00:00:22.421439 /GMM/VM/Reserved/cShadowPages           1 pages
00:00:22.421446 /GMM/VM/cBalloonedPages                 0 pages
00:00:22.421454 /GMM/VM/cMaxBalloonedPages              0 pages
00:00:22.421461 /GMM/VM/cPrivatePages               96863 pages
00:00:22.421468 /GMM/VM/cReqActuallyBalloonedPages        0 pages
00:00:22.421475 /GMM/VM/cReqBalloonedPages              0 pages
00:00:22.421484 /GMM/VM/cReqDeflatePages                0 pages
00:00:22.421493 /GMM/VM/cShareableModules               0 count
00:00:22.421500 /GMM/VM/cSharedPages                    0 pages
00:00:22.421508 /GMM/VM/enmPolicy                       1 
00:00:22.421516 /GMM/VM/enmPriority                     2 
00:00:22.421523 /GMM/VM/fBallooningEnabled       false    
00:00:22.421530 /GMM/VM/fMayAllocate             true     
00:00:22.421537 /GMM/VM/fSharedPagingEnabled     false    
00:00:22.421545 /GMM/cAllocatedPages                96863 pages
00:00:22.421552 /GMM/cBalloonedPages                    0 pages
00:00:22.421559 /GMM/cChunks                          190 count
00:00:22.421567 /GMM/cDuplicatePages                    0 pages
00:00:22.421574 /GMM/cFreedChunks                       0 count
00:00:22.421581 /GMM/cLeftBehindSharedPages             0 pages
00:00:22.421588 /GMM/cMaxPages                   4294967295 pages
00:00:22.421596 /GMM/cOverCommittedPages                0 pages
00:00:22.421603 /GMM/cReservedPages                267427 pages
00:00:22.421610 /GMM/cShareableModules                  0 count
00:00:22.421618 /GMM/cSharedPages                       0 pages
00:00:22.421625 /GVMM/EMTs                              1 calls
00:00:22.421633 /GVMM/HostCPUs                          8 calls
00:00:22.421640 /GVMM/HostCpus/0                        0 
00:00:22.421647 /GVMM/HostCpus/0/CurTimerHz             0 Hz
00:00:22.421654 /GVMM/HostCpus/0/DesiredHz              0 Hz
00:00:22.421661 /GVMM/HostCpus/0/PPTChanges             0 times
00:00:22.421668 /GVMM/HostCpus/0/PPTStarts              0 times
00:00:22.421675 /GVMM/HostCpus/0/idxCpuSet              0 
00:00:22.421681 /GVMM/HostCpus/1                        1 
00:00:22.421689 /GVMM/HostCpus/1/CurTimerHz             0 Hz
00:00:22.421695 /GVMM/HostCpus/1/DesiredHz              0 Hz
00:00:22.421702 /GVMM/HostCpus/1/PPTChanges             0 times
00:00:22.421709 /GVMM/HostCpus/1/PPTStarts              0 times
00:00:22.421716 /GVMM/HostCpus/1/idxCpuSet              1 
00:00:22.421723 /GVMM/HostCpus/2                        2 
00:00:22.421730 /GVMM/HostCpus/2/CurTimerHz             0 Hz
00:00:22.421737 /GVMM/HostCpus/2/DesiredHz              0 Hz
00:00:22.421744 /GVMM/HostCpus/2/PPTChanges             0 times
00:00:22.421751 /GVMM/HostCpus/2/PPTStarts              0 times
00:00:22.421757 /GVMM/HostCpus/2/idxCpuSet              2 
00:00:22.421764 /GVMM/HostCpus/3                        3 
00:00:22.421771 /GVMM/HostCpus/3/CurTimerHz             0 Hz
00:00:22.421778 /GVMM/HostCpus/3/DesiredHz              0 Hz
00:00:22.421785 /GVMM/HostCpus/3/PPTChanges             0 times
00:00:22.421792 /GVMM/HostCpus/3/PPTStarts              0 times
00:00:22.421799 /GVMM/HostCpus/3/idxCpuSet              3 
00:00:22.421806 /GVMM/HostCpus/4                        4 
00:00:22.421813 /GVMM/HostCpus/4/CurTimerHz             0 Hz
00:00:22.421820 /GVMM/HostCpus/4/DesiredHz              0 Hz
00:00:22.421827 /GVMM/HostCpus/4/PPTChanges             0 times
00:00:22.421834 /GVMM/HostCpus/4/PPTStarts              0 times
00:00:22.421841 /GVMM/HostCpus/4/idxCpuSet              4 
00:00:22.421848 /GVMM/HostCpus/5                        5 
00:00:22.421855 /GVMM/HostCpus/5/CurTimerHz             0 Hz
00:00:22.421862 /GVMM/HostCpus/5/DesiredHz              0 Hz
00:00:22.421869 /GVMM/HostCpus/5/PPTChanges             0 times
00:00:22.421876 /GVMM/HostCpus/5/PPTStarts              0 times
00:00:22.421883 /GVMM/HostCpus/5/idxCpuSet              5 
00:00:22.421889 /GVMM/HostCpus/6                        6 
00:00:22.421897 /GVMM/HostCpus/6/CurTimerHz             0 Hz
00:00:22.421903 /GVMM/HostCpus/6/DesiredHz              0 Hz
00:00:22.421910 /GVMM/HostCpus/6/PPTChanges             0 times
00:00:22.421917 /GVMM/HostCpus/6/PPTStarts              0 times
00:00:22.421924 /GVMM/HostCpus/6/idxCpuSet              6 
00:00:22.421931 /GVMM/HostCpus/7                        7 
00:00:22.421938 /GVMM/HostCpus/7/CurTimerHz             0 Hz
00:00:22.421945 /GVMM/HostCpus/7/DesiredHz              0 Hz
00:00:22.421953 /GVMM/HostCpus/7/PPTChanges             0 times
00:00:22.421962 /GVMM/HostCpus/7/PPTStarts              0 times
00:00:22.421969 /GVMM/HostCpus/7/idxCpuSet              7 
00:00:22.421976 /GVMM/Sum/HaltBlocking               4777 calls
00:00:22.421983 /GVMM/Sum/HaltCalls                198445 calls
00:00:22.421991 /GVMM/Sum/HaltNotBlocking          193668 calls
00:00:22.421998 /GVMM/Sum/HaltTimeouts               1301 calls
00:00:22.422005 /GVMM/Sum/HaltWakeUps                   0 calls
00:00:22.422012 /GVMM/Sum/PokeCalls                  1578 calls
00:00:22.422020 /GVMM/Sum/PokeNotBusy                 134 calls
00:00:22.422027 /GVMM/Sum/PollCalls                   318 calls
00:00:22.422034 /GVMM/Sum/PollHalts                     0 calls
00:00:22.422041 /GVMM/Sum/PollWakeUps                   0 calls
00:00:22.422048 /GVMM/Sum/WakeUpCalls                8558 calls
00:00:22.422056 /GVMM/Sum/WakeUpNotHalted            6949 calls
00:00:22.422063 /GVMM/Sum/WakeUpWakeUps                 0 calls
00:00:22.422070 /GVMM/VM/HaltBlocking                4777 calls
00:00:22.422077 /GVMM/VM/HaltCalls                 198445 calls
00:00:22.422085 /GVMM/VM/HaltNotBlocking           193668 calls
00:00:22.422092 /GVMM/VM/HaltTimeouts                1301 calls
00:00:22.422099 /GVMM/VM/HaltWakeUps                    0 calls
00:00:22.422106 /GVMM/VM/PokeCalls                   1578 calls
00:00:22.422113 /GVMM/VM/PokeNotBusy                  134 calls
00:00:22.422121 /GVMM/VM/PollCalls                    318 calls
00:00:22.422128 /GVMM/VM/PollHalts                      0 calls
00:00:22.422135 /GVMM/VM/PollWakeUps                    0 calls
00:00:22.422142 /GVMM/VM/WakeUpCalls                 8558 calls
00:00:22.422149 /GVMM/VM/WakeUpNotHalted             6949 calls
00:00:22.422156 /GVMM/VM/WakeUpWakeUps                  0 calls
00:00:22.422164 /GVMM/VMs                               1 calls
00:00:22.422171 /HM/CPU0/Exit/HostNmiInGC               0 times
00:00:22.422178 /HM/CPU0/Switch/Preempting              0 times
00:00:22.422186 /IEM/CPU0/CodeTlb-Misses                0 count
00:00:22.422193 /IEM/CPU0/CodeTlb-PhysRev        ffffffffffff9c00 
00:00:22.422201 /IEM/CPU0/CodeTlb-Revision       fffff38000000000 
00:00:22.422208 /IEM/CPU0/CodeTlb-SlowReads             0 
00:00:22.422215 /IEM/CPU0/DataTlb-Misses                0 count
00:00:22.422222 /IEM/CPU0/DataTlb-PhysRev        ffffffffffff9c00 
00:00:22.422230 /IEM/CPU0/DataTlb-Revision       fffff38000000000 
00:00:22.422238 /IEM/CPU0/cInstructions             87008 count
00:00:22.422245 /IEM/CPU0/cLongJumps                 1612 bytes
00:00:22.422252 /IEM/CPU0/cPendingCommit                0 bytes
00:00:22.422259 /IEM/CPU0/cPotentialExits          191416 count
00:00:22.422266 /IEM/CPU0/cRetAspectNotImplemented        0 count
00:00:22.422273 /IEM/CPU0/cRetErrStatuses               0 count
00:00:22.422280 /IEM/CPU0/cRetInfStatuses            1615 count
00:00:22.422287 /IEM/CPU0/cRetInstrNotImplemented        0 count
00:00:22.422294 /IEM/CPU0/cbWritten                350095 bytes
00:00:22.422302 /MM/HyperHeap/cbFree               836480 bytes
00:00:22.422309 /MM/HyperHeap/cbHeap              1048256 bytes
00:00:22.422316 /PDM/BlkCache/cbCached                  0 bytes
00:00:22.422324 /PDM/BlkCache/cbCachedFru               0 bytes
00:00:22.422337 /PDM/BlkCache/cbCachedMruIn             0 bytes
00:00:22.422344 /PDM/BlkCache/cbCachedMruOut            0 bytes
00:00:22.422351 /PDM/BlkCache/cbMax               5242880 bytes
00:00:22.422359 /PDM/CritSects/8237A#0Auto/ContentionR3        0 times
00:00:22.422366 /PDM/CritSects/8237A#0Auto/ContentionRZLock        0 times
00:00:22.422373 /PDM/CritSects/8237A#0Auto/ContentionRZUnlock        0 times
00:00:22.422380 /PDM/CritSects/AC'97/ContentionR3        0 times
00:00:22.422387 /PDM/CritSects/AC'97/ContentionRZLock        0 times
00:00:22.422394 /PDM/CritSects/AC'97/ContentionRZUnlock        0 times
00:00:22.422401 /PDM/CritSects/AHCI#0/ContentionR3        0 times
00:00:22.422410 /PDM/CritSects/AHCI#0/ContentionRZLock        0 times
00:00:22.422418 /PDM/CritSects/AHCI#0/ContentionRZUnlock        0 times
00:00:22.422425 /PDM/CritSects/ATA#0-Ctl/ContentionR3        0 times
00:00:22.422433 /PDM/CritSects/ATA#0-Ctl/ContentionRZLock        0 times
00:00:22.422440 /PDM/CritSects/ATA#0-Ctl/ContentionRZUnlock        0 times
00:00:22.422447 /PDM/CritSects/ATA#0-Req/ContentionR3        0 times
00:00:22.422453 /PDM/CritSects/ATA#0-Req/ContentionRZLock        0 times
00:00:22.422460 /PDM/CritSects/ATA#0-Req/ContentionRZUnlock        0 times
00:00:22.422467 /PDM/CritSects/ATA#1-Ctl/ContentionR3        0 times
00:00:22.422474 /PDM/CritSects/ATA#1-Ctl/ContentionRZLock        3 times
00:00:22.422481 /PDM/CritSects/ATA#1-Ctl/ContentionRZUnlock        0 times
00:00:22.422488 /PDM/CritSects/ATA#1-Req/ContentionR3        0 times
00:00:22.422495 /PDM/CritSects/ATA#1-Req/ContentionRZLock        0 times
00:00:22.422501 /PDM/CritSects/ATA#1-Req/ContentionRZUnlock        0 times
00:00:22.422508 /PDM/CritSects/E1000#0/ContentionR3        0 times
00:00:22.422515 /PDM/CritSects/E1000#0/ContentionRZLock        0 times
00:00:22.422522 /PDM/CritSects/E1000#0/ContentionRZUnlock        0 times
00:00:22.422528 /PDM/CritSects/E1000#0RX/ContentionR3        0 times
00:00:22.422535 /PDM/CritSects/E1000#0RX/ContentionRZLock        0 times
00:00:22.422542 /PDM/CritSects/E1000#0RX/ContentionRZUnlock        0 times
00:00:22.422548 /PDM/CritSects/E1000#0TX/ContentionR3        0 times
00:00:22.422555 /PDM/CritSects/E1000#0TX/ContentionRZLock        0 times
00:00:22.422562 /PDM/CritSects/E1000#0TX/ContentionRZUnlock        0 times
00:00:22.422569 /PDM/CritSects/EM-REM/ContentionR3        0 times
00:00:22.422575 /PDM/CritSects/EM-REM/ContentionRZLock        0 times
00:00:22.422582 /PDM/CritSects/EM-REM/ContentionRZUnlock        0 times
00:00:22.422589 /PDM/CritSects/FTM/ContentionR3         0 times
00:00:22.422596 /PDM/CritSects/FTM/ContentionRZLock        0 times
00:00:22.422602 /PDM/CritSects/FTM/ContentionRZUnlock        0 times
00:00:22.422609 /PDM/CritSects/GIMDev#0Auto/ContentionR3        0 times
00:00:22.422616 /PDM/CritSects/GIMDev#0Auto/ContentionRZLock        0 times
00:00:22.422623 /PDM/CritSects/GIMDev#0Auto/ContentionRZUnlock        0 times
00:00:22.422629 /PDM/CritSects/MM-HYPER/ContentionR3        0 times
00:00:22.422636 /PDM/CritSects/MM-HYPER/ContentionRZLock        0 times
00:00:22.422643 /PDM/CritSects/MM-HYPER/ContentionRZUnlock        0 times
00:00:22.422649 /PDM/CritSects/NOP/ContentionR3         0 times
00:00:22.422656 /PDM/CritSects/NOP/ContentionRZLock        0 times
00:00:22.422663 /PDM/CritSects/NOP/ContentionRZUnlock        0 times
00:00:22.422670 /PDM/CritSects/OHCI#0Irq/ContentionR3        0 times
00:00:22.422676 /PDM/CritSects/OHCI#0Irq/ContentionRZLock        0 times
00:00:22.422683 /PDM/CritSects/OHCI#0Irq/ContentionRZUnlock        0 times
00:00:22.422690 /PDM/CritSects/PDM/ContentionR3         0 times
00:00:22.422696 /PDM/CritSects/PDM/ContentionRZLock        0 times
00:00:22.422703 /PDM/CritSects/PDM/ContentionRZUnlock        0 times
00:00:22.422710 /PDM/CritSects/PGM/ContentionR3         0 times
00:00:22.422716 /PDM/CritSects/PGM/ContentionRZLock      103 times
00:00:22.422723 /PDM/CritSects/PGM/ContentionRZUnlock        0 times
00:00:22.422730 /PDM/CritSects/REM-Register/ContentionR3        0 times
00:00:22.422737 /PDM/CritSects/REM-Register/ContentionRZLock        0 times
00:00:22.422743 /PDM/CritSects/REM-Register/ContentionRZUnlock        0 times
00:00:22.422750 /PDM/CritSects/TM Timer Lock/ContentionR3        0 times
00:00:22.422757 /PDM/CritSects/TM Timer Lock/ContentionRZLock        0 times
00:00:22.422763 /PDM/CritSects/TM Timer Lock/ContentionRZUnlock        0 times
00:00:22.422770 /PDM/CritSects/TM VirtualSync Lock/ContentionR3        0 times
00:00:22.422777 /PDM/CritSects/TM VirtualSync Lock/ContentionRZLock        0 times
00:00:22.422783 /PDM/CritSects/TM VirtualSync Lock/ContentionRZUnlock        0 times
00:00:22.422792 /PDM/CritSects/VGA#0/ContentionR3        0 times
00:00:22.422800 /PDM/CritSects/VGA#0/ContentionRZLock        0 times
00:00:22.422807 /PDM/CritSects/VGA#0/ContentionRZUnlock        0 times
00:00:22.422814 /PDM/CritSects/VGA#0_IRQ/ContentionR3        0 times
00:00:22.422821 /PDM/CritSects/VGA#0_IRQ/ContentionRZLock        0 times
00:00:22.422829 /PDM/CritSects/VGA#0_IRQ/ContentionRZUnlock        0 times
00:00:22.422836 /PDM/CritSects/VMMDev#0/ContentionR3        0 times
00:00:22.422843 /PDM/CritSects/VMMDev#0/ContentionRZLock        0 times
00:00:22.422850 /PDM/CritSects/VMMDev#0/ContentionRZUnlock        0 times
00:00:22.422857 /PDM/CritSects/acpi#0/ContentionR3        0 times
00:00:22.422863 /PDM/CritSects/acpi#0/ContentionRZLock        0 times
00:00:22.422870 /PDM/CritSects/acpi#0/ContentionRZUnlock        0 times
00:00:22.422877 /PDM/CritSects/mc146818#0Auto/ContentionR3        0 times
00:00:22.422884 /PDM/CritSects/mc146818#0Auto/ContentionRZLock        0 times
00:00:22.422891 /PDM/CritSects/mc146818#0Auto/ContentionRZUnlock        0 times
00:00:22.422898 /PDM/CritSects/pcarch#0Auto/ContentionR3        0 times
00:00:22.422904 /PDM/CritSects/pcarch#0Auto/ContentionRZLock        0 times
00:00:22.422911 /PDM/CritSects/pcarch#0Auto/ContentionRZUnlock        0 times
00:00:22.422918 /PDM/CritSects/pcbios#0Auto/ContentionR3        0 times
00:00:22.422925 /PDM/CritSects/pcbios#0Auto/ContentionRZLock        0 times
00:00:22.422931 /PDM/CritSects/pcbios#0Auto/ContentionRZUnlock        0 times
00:00:22.422938 /PDM/CritSects/pckbd#0Auto/ContentionR3        0 times
00:00:22.422945 /PDM/CritSects/pckbd#0Auto/ContentionRZLock        0 times
00:00:22.422952 /PDM/CritSects/pckbd#0Auto/ContentionRZUnlock        0 times
00:00:22.422959 /PDM/CritSects/pit#0/ContentionR3        0 times
00:00:22.422965 /PDM/CritSects/pit#0/ContentionRZLock        0 times
00:00:22.422972 /PDM/CritSects/pit#0/ContentionRZUnlock        0 times
00:00:22.422979 /PDM/CritSects/usb-ohci#0Auto/ContentionR3        0 times
00:00:22.422986 /PDM/CritSects/usb-ohci#0Auto/ContentionRZLock        0 times
00:00:22.422993 /PDM/CritSects/usb-ohci#0Auto/ContentionRZUnlock        0 times
00:00:22.422999 /PDM/CritSectsRw/IOM Lock/ContentionR3EnterExcl        0 times
00:00:22.423006 /PDM/CritSectsRw/IOM Lock/ContentionR3EnterShared        0 times
00:00:22.423013 /PDM/CritSectsRw/IOM Lock/ContentionRZEnterExcl        0 times
00:00:22.423020 /PDM/CritSectsRw/IOM Lock/ContentionRZEnterShared        0 times
00:00:22.423027 /PDM/CritSectsRw/IOM Lock/ContentionRZLeaveExcl        0 times
00:00:22.423033 /PDM/CritSectsRw/IOM Lock/ContentionRZLeaveShared        0 times
00:00:22.423040 /PDM/CritSectsRw/IOM Lock/R3EnterExcl      283 times
00:00:22.423047 /PDM/CritSectsRw/IOM Lock/R3EnterShared    42282 times
00:00:22.423054 /PDM/CritSectsRw/IOM Lock/RZEnterExcl        0 times
00:00:22.423061 /PDM/CritSectsRw/IOM Lock/RZEnterShared  1519026 times
00:00:22.423068 /PDM/Queue/AHCI-Xmit/AllocFailures        0 times
00:00:22.423075 /PDM/Queue/AHCI-Xmit/Flush              0 calls
00:00:22.423082 /PDM/Queue/AHCI-Xmit/FlushLeftovers        0 times
00:00:22.423088 /PDM/Queue/AHCI-Xmit/Insert             0 calls
00:00:22.423095 /PDM/Queue/AHCI-Xmit/cItems            60 count
00:00:22.423102 /PDM/Queue/AHCI-Xmit/cbItem            32 bytes
00:00:22.423109 /PDM/Queue/DevHlp/AllocFailures         0 times
00:00:22.423116 /PDM/Queue/DevHlp/Flush                 0 calls
00:00:22.423124 /PDM/Queue/DevHlp/FlushLeftovers        0 times
00:00:22.423130 /PDM/Queue/DevHlp/Insert                0 calls
00:00:22.423137 /PDM/Queue/DevHlp/cItems                8 count
00:00:22.423144 /PDM/Queue/DevHlp/cbItem               64 bytes
00:00:22.423152 /PDM/Queue/E1000-Rcv/AllocFailures        0 times
00:00:22.423158 /PDM/Queue/E1000-Rcv/Flush              0 calls
00:00:22.423165 /PDM/Queue/E1000-Rcv/FlushLeftovers        0 times
00:00:22.423172 /PDM/Queue/E1000-Rcv/Insert             4 calls
00:00:22.423179 /PDM/Queue/E1000-Rcv/cItems             1 count
00:00:22.423188 /PDM/Queue/E1000-Rcv/cbItem            24 bytes
00:00:22.423196 /PDM/Queue/E1000-Xmit/AllocFailures        0 times
00:00:22.423203 /PDM/Queue/E1000-Xmit/Flush             0 calls
00:00:22.423210 /PDM/Queue/E1000-Xmit/FlushLeftovers        0 times
00:00:22.423217 /PDM/Queue/E1000-Xmit/Insert            9 calls
00:00:22.423225 /PDM/Queue/E1000-Xmit/cItems            1 count
00:00:22.423231 /PDM/Queue/E1000-Xmit/cbItem           24 bytes
00:00:22.423238 /PDM/Queue/Keyboard/AllocFailures        0 times
00:00:22.423245 /PDM/Queue/Keyboard/Flush               0 calls
00:00:22.423252 /PDM/Queue/Keyboard/FlushLeftovers        0 times
00:00:22.423259 /PDM/Queue/Keyboard/Insert              0 calls
00:00:22.423266 /PDM/Queue/Keyboard/cItems             64 count
00:00:22.423273 /PDM/Queue/Keyboard/cbItem             32 bytes
00:00:22.423280 /PDM/Queue/Mouse/AllocFailures          0 times
00:00:22.423287 /PDM/Queue/Mouse/Flush                  0 calls
00:00:22.423294 /PDM/Queue/Mouse/FlushLeftovers         0 times
00:00:22.423301 /PDM/Queue/Mouse/Insert                 0 calls
00:00:22.423308 /PDM/Queue/Mouse/cItems               128 count
00:00:22.423315 /PDM/Queue/Mouse/cbItem                48 bytes
00:00:22.423322 /PDM/Queue/Mouse_1/AllocFailures        0 times
00:00:22.423339 /PDM/Queue/Mouse_1/Flush                0 calls
00:00:22.423347 /PDM/Queue/Mouse_1/FlushLeftovers        0 times
00:00:22.423354 /PDM/Queue/Mouse_1/Insert               0 calls
00:00:22.423361 /PDM/Queue/Mouse_1/cItems             128 count
00:00:22.423369 /PDM/Queue/Mouse_1/cbItem              48 bytes
00:00:22.423376 /PGM/CPU0/cA20Changes                   2 times
00:00:22.423383 /PGM/CPU0/cGuestModeChanges         11598 times
00:00:22.423390 /PGM/ChunkR3Map/Mapped                190 count
00:00:22.423398 /PGM/ChunkR3Map/Unmapped                0 count
00:00:22.423405 /PGM/ChunkR3Map/c                     190 count
00:00:22.423412 /PGM/ChunkR3Map/cMax             4294967295 count
00:00:22.423419 /PGM/LargePage/Recheck                  0 times
00:00:22.423426 /PGM/LargePage/Refused                  2 times
00:00:22.423433 /PGM/LargePage/Reused                  76 times
00:00:22.423442 /PGM/Page/cAllPages                267335 count
00:00:22.423449 /PGM/Page/cBalloonedPages               0 count
00:00:22.423456 /PGM/Page/cHandyPages                 120 count
00:00:22.423463 /PGM/Page/cLargePages                  85 count
00:00:22.423470 /PGM/Page/cLargePagesDisabled           0 count
00:00:22.423476 /PGM/Page/cMonitoredPages               0 count
00:00:22.423483 /PGM/Page/cPrivatePages            101867 count
00:00:22.423490 /PGM/Page/cPureMmioPages               37 count
00:00:22.423497 /PGM/Page/cReadLockedPages              0 count
00:00:22.423504 /PGM/Page/cReusedSharedPages            0 count
00:00:22.423510 /PGM/Page/cSharedPages                  0 count
00:00:22.423518 /PGM/Page/cWriteLockedPages             0 count
00:00:22.423525 /PGM/Page/cWrittenToPages               0 count
00:00:22.423531 /PGM/Page/cZeroPages               165431 count
00:00:22.423539 /PGM/ShMod/Check                        0 ticks/call (           0 ticks,       0 times, max         0, min      -1)
00:00:22.423548 /PGM/cRelocations                       0 times
00:00:22.423555 /PROF/CPU0/EM/Capped                    0 ticks/call (           0 ticks,       0 times, max         0, min      -1)
00:00:22.423564 /PROF/CPU0/EM/ForcedActions         38396 times
00:00:22.423571 /PROF/CPU0/EM/Halted                 8331 times
00:00:22.423578 /PROF/CPU0/EM/RAWTotal                  0 times
00:00:22.423585 /PROF/CPU0/EM/REMTotal                  0 times
00:00:22.423592 /PROF/CPU0/EM/Total              74290843754 ticks/call ( 74290843754 ticks,       1 times, max 74290843754, min 74290843754)
00:00:22.423603 /PROF/CPU0/VM/Halt/Block            41322 ns/call (  8200114390 ticks,  198441 times, max  30594720, min       1)
00:00:22.423613 /PROF/CPU0/VM/Halt/BlockInsomnia        0 ns/call (           0 ticks,       0 times, max         0, min      -1)
00:00:22.423623 /PROF/CPU0/VM/Halt/BlockOnTime          0 ns/call (           0 ticks,       0 times, max         0, min      -1)
00:00:22.423632 /PROF/CPU0/VM/Halt/BlockOverslept        0 ns/call (           0 ticks,       0 times, max         0, min      -1)
00:00:22.423641 /PROF/CPU0/VM/Halt/Timers             694 ns/call (   183013876 ticks,  263505 times, max    127438, min       2)
00:00:22.423650 /PROF/CPU0/VM/Halt/Yield             2975 ns/call (      946357 ticks,     318 times, max      8547, min    1003)
00:00:22.423659 /Public/Net/E1k0/BytesReceived       1188 bytes
00:00:22.423667 /Public/Net/E1k0/BytesTransmitted     1196 bytes
00:00:22.423674 /REM/TbFlushCount                       0 times
00:00:22.423681 /REM/TbPhysInvldCount                   0 times
00:00:22.423689 /REM/TlbFlushCount                      1 times
00:00:22.423696 /SELM/LoadHidSel/GstReadErrors          0 times
00:00:22.423703 /SELM/LoadHidSel/NoGoodGuest            0 times
00:00:22.423710 /TM/CPU/00/cNsExecuting          10096529836 ns
00:00:22.423718 /TM/CPU/00/cNsHalted             8502763449 ns
00:00:22.423726 /TM/CPU/00/cNsOther              2626487703 ns
00:00:22.423733 /TM/CPU/00/cNsTotal              21225780988 ns
00:00:22.423740 /TM/CPU/00/cPeriodsExecuting      1477729 count
00:00:22.423748 /TM/CPU/00/cPeriodsHalted            8248 count
00:00:22.423755 /TM/CPU/00/pctExecuting                48 %
00:00:22.423762 /TM/CPU/00/pctHalted                   42 %
00:00:22.423769 /TM/CPU/00/pctOther                     9 %
00:00:22.423776 /TM/CPU/pctExecuting                   48 %
00:00:22.423783 /TM/CPU/pctHalted                      42 %
00:00:22.423790 /TM/CPU/pctOther                        9 %
00:00:22.423797 /TM/MaxHzHint                           0 Hz
00:00:22.423805 /TM/R0/1nsSteps                         9 times
00:00:22.423812 /TM/R3/1nsSteps                        61 times
00:00:22.423820 /TM/TSC/offCPU0                  141073669621181 ticks
00:00:22.423829 /TM/VirtualSync/CurrentOffset       16518 ns
00:00:22.423836 /VUSB/0/cUrbsInPool                     0 count
00:00:22.423845 ********************* End of statistics **********************
00:00:22.424183 VUSB: Detached 'HidMouse' from port 1 on RootHub#0
00:00:22.427967 NAT: Zone(nm:mbuf_cluster, used:0)
00:00:22.428772 NAT: Zone(nm:mbuf_packet, used:0)
00:00:22.428790 NAT: Zone(nm:mbuf, used:1)
00:00:22.429068 NAT: Zone(nm:mbuf_jumbo_pagesize, used:0)
00:00:22.429874 NAT: Zone(nm:mbuf_jumbo_9k, used:0)
00:00:22.430290 NAT: Zone(nm:mbuf_jumbo_16k, used:0)
00:00:22.430513 NAT: Zone(nm:mbuf_ext_refcnt, used:0)
00:00:22.430670 E1000#0 Interrupt attempts: 22
00:00:22.430685 E1000#0 Interrupts raised : 13
00:00:22.430692 E1000#0 Interrupts lowered: 0
00:00:22.430698 E1000#0 ICR outside ISR   : 0
00:00:22.430705 E1000#0 IMS raised ints   : 1
00:00:22.430712 E1000#0 Interrupts skipped: 8
00:00:22.430718 E1000#0 Masked interrupts : 1
00:00:22.430725 E1000#0 Early interrupts  : 0
00:00:22.430731 E1000#0 Late interrupts   : 0
00:00:22.430738 E1000#0 Lost interrupts   : 0
00:00:22.430744 E1000#0 Interrupts by RX  : 2
00:00:22.430750 E1000#0 Interrupts by TX  : 8
00:00:22.430757 E1000#0 Interrupts by ICS : 3
00:00:22.430763 E1000#0 Interrupts by RDTR: 0
00:00:22.430769 E1000#0 Interrupts by RDMT: 0
00:00:22.430776 E1000#0 Interrupts by TXQE: 0
00:00:22.430782 E1000#0 TX int delay asked: 0
00:00:22.430788 E1000#0 TX delayed:         0
00:00:22.430795 E1000#0 TX delay expired:   0
00:00:22.430801 E1000#0 TX no report asked: 0
00:00:22.430807 E1000#0 TX abs timer expd : 0
00:00:22.430813 E1000#0 TX int timer expd : 0
00:00:22.430819 E1000#0 RX abs timer expd : 0
00:00:22.431021 E1000#0 RX int timer expd : 0
00:00:22.431037 E1000#0 TX CTX descriptors: 0
00:00:22.431044 E1000#0 TX DAT descriptors: 0
00:00:22.431051 E1000#0 TX LEG descriptors: 8
00:00:22.431058 E1000#0 Received frames   : 2
00:00:22.431064 E1000#0 Transmitted frames: 8
00:00:22.431071 E1000#0 TX frames up to 1514: 8
00:00:22.431088 E1000#0 TX frames up to 2962: 0
00:00:22.431099 E1000#0 TX frames up to 4410: 0
00:00:22.431106 E1000#0 TX frames up to 5858: 0
00:00:22.431112 E1000#0 TX frames up to 7306: 0
00:00:22.431119 E1000#0 TX frames up to 8754: 0
00:00:22.431125 E1000#0 TX frames up to 16384: 0
00:00:22.431132 E1000#0 TX frames up to 32768: 0
00:00:22.431138 E1000#0 Larger TX frames    : 0
00:00:22.431145 E1000#0 Max TX Delay        : 0
00:00:22.432817 GIM: KVM: Resetting MSRs
00:00:22.433839 Changing the VM state from 'DESTROYING' to 'TERMINATED'
00:00:22.435923 Console: Machine state changed to 'PoweredOff'
