VirtualBox VM 5.2.20 r125813 win.amd64 (Oct 15 2018 15:10:47) release log
00:00:00.182948 Log opened 2025-08-27T08:13:49.810213100Z
00:00:00.182949 Build Type: release
00:00:00.182953 OS Product: Windows 2008 R2
00:00:00.182955 OS Release: 6.1.7601
00:00:00.182956 OS Service Pack: 1
00:00:00.290403 DMI Product Name: X9SCI/X9SCA
00:00:00.294649 DMI Product Version: 0123456789
00:00:00.294656 Host RAM: 8164MB (7.9GB) total, 6112MB (5.9GB) available
00:00:00.294661 Executable: C:\Program Files\Oracle\VirtualBox\VBoxHeadless.exe
00:00:00.294662 Process ID: 5600
00:00:00.294663 Package type: WINDOWS_64BITS_GENERIC
00:00:00.295859 Installed Extension Packs:
00:00:00.295896   None installed!
00:00:00.296902 Console: Machine state changed to 'Starting'
00:00:00.423556 SUP: Loaded VMMR0.r0 (C:\Program Files\Oracle\VirtualBox\VMMR0.r0) at 0xXXXXXXXXXXXXXXXX - ModuleInit at XXXXXXXXXXXXXXXX and ModuleTerm at XXXXXXXXXXXXXXXX using the native ring-0 loader
00:00:00.423591 SUP: VMMR0EntryEx located at XXXXXXXXXXXXXXXX and VMMR0EntryFast at XXXXXXXXXXXXXXXX
00:00:00.423600 SUP: windbg> .reload /f C:\Program Files\Oracle\VirtualBox\VMMR0.r0=0xXXXXXXXXXXXXXXXX
00:00:00.425785 Guest OS type: 'Ubuntu_64'
00:00:00.426810 fHMForced=true - 64-bit guest
00:00:00.432069 File system of 'C:\VirtualBox\VMs\server\Snapshots' (snapshots) is unknown
00:00:00.432087 File system of 'C:\VirtualBox\VMs\ubuntu-server\ubuntu-server.vdi' is ntfs
00:00:00.453258 Shared clipboard service loaded
00:00:00.453282 Shared clipboard mode: Off
00:00:00.466617 Drag and drop service loaded
00:00:00.466645 Drag and drop mode: Off
00:00:00.493827 Guest Control service loaded
00:00:00.572793 ************************* CFGM dump *************************
00:00:00.572797 [/] (level 0)
00:00:00.572801   CSAMEnabled       <integer> = 0x0000000000000001 (1)
00:00:00.572804   CpuExecutionCap   <integer> = 0x0000000000000064 (100)
00:00:00.572806   EnablePAE         <integer> = 0x0000000000000000 (0)
00:00:00.572808   HMEnabled         <integer> = 0x0000000000000001 (1)
00:00:00.572809   MemBalloonSize    <integer> = 0x0000000000000000 (0)
00:00:00.572810   Name              <string>  = "server" (cb=7)
00:00:00.572812   NumCPUs           <integer> = 0x0000000000000001 (1)
00:00:00.572813   PATMEnabled       <integer> = 0x0000000000000001 (1)
00:00:00.572815   PageFusionAllowed <integer> = 0x0000000000000000 (0)
00:00:00.572816   RamHoleSize       <integer> = 0x0000000020000000 (536 870 912, 512 MB)
00:00:00.572818   RamSize           <integer> = 0x0000000040000000 (1 073 741 824, 1 024 MB)
00:00:00.572821   RawR0Enabled      <integer> = 0x0000000000000001 (1)
00:00:00.572823   RawR3Enabled      <integer> = 0x0000000000000001 (1)
00:00:00.572824   TimerMillies      <integer> = 0x000000000000000a (10)
00:00:00.572825   UUID              <bytes>   = "6d 20 68 92 79 05 c4 4e a0 bb b1 b3 7d 64 bf ec" (cb=16)
00:00:00.572833 
00:00:00.572833 [/CPUM/] (level 1)
00:00:00.572835   GuestCpuName       <string>  = "host" (cb=5)
00:00:00.572837   PortableCpuIdLevel <integer> = 0x0000000000000000 (0)
00:00:00.572838   SpecCtrl           <integer> = 0x0000000000000000 (0)
00:00:00.572839 
00:00:00.572840 [/DBGC/] (level 1)
00:00:00.572841   GlobalInitScript <string>  = "C:\Users\APADMIN\.VirtualBox/dbgc-init" (cb=39)
00:00:00.572843   HistoryFile      <string>  = "C:\Users\APADMIN\.VirtualBox/dbgc-history" (cb=42)
00:00:00.572844   LocalInitScript  <string>  = "C:\VirtualBox\VMs\server/dbgc-init" (cb=35)
00:00:00.572845 
00:00:00.572845 [/DBGF/] (level 1)
00:00:00.572847   Path <string>  = "C:\VirtualBox\VMs\server/debug/;C:\VirtualBox\VMs\server/;C:\Users\APADMIN\" (cb=76)
00:00:00.572848 
00:00:00.572848 [/Devices/] (level 1)
00:00:00.572850 
00:00:00.572850 [/Devices/8237A/] (level 2)
00:00:00.572852 
00:00:00.572852 [/Devices/8237A/0/] (level 3)
00:00:00.572854   Trusted <integer> = 0x0000000000000001 (1)
00:00:00.572855 
00:00:00.572855 [/Devices/GIMDev/] (level 2)
00:00:00.572857 
00:00:00.572857 [/Devices/GIMDev/0/] (level 3)
00:00:00.572859   Trusted <integer> = 0x0000000000000001 (1)
00:00:00.572860 
00:00:00.572860 [/Devices/VMMDev/] (level 2)
00:00:00.572861 
00:00:00.572862 [/Devices/VMMDev/0/] (level 3)
00:00:00.572863   PCIBusNo      <integer> = 0x0000000000000000 (0)
00:00:00.572865   PCIDeviceNo   <integer> = 0x0000000000000004 (4)
00:00:00.572866   PCIFunctionNo <integer> = 0x0000000000000000 (0)
00:00:00.572867   Trusted       <integer> = 0x0000000000000001 (1)
00:00:00.572868 
00:00:00.572869 [/Devices/VMMDev/0/Config/] (level 4)
00:00:00.572871   GuestCoreDumpDir <string>  = "C:\VirtualBox\VMs\server\Snapshots" (cb=35)
00:00:00.572872 
00:00:00.572872 [/Devices/VMMDev/0/LUN#0/] (level 4)
00:00:00.572874   Driver <string>  = "HGCM" (cb=5)
00:00:00.572875 
00:00:00.572875 [/Devices/VMMDev/0/LUN#0/Config/] (level 5)
00:00:00.572877   Object <integer> = 0x0000000003169b30 (51 813 168)
00:00:00.572879 
00:00:00.572880 [/Devices/VMMDev/0/LUN#999/] (level 4)
00:00:00.572881   Driver <string>  = "MainStatus" (cb=11)
00:00:00.572882 
00:00:00.572882 [/Devices/VMMDev/0/LUN#999/Config/] (level 5)
00:00:00.572884   First   <integer> = 0x0000000000000000 (0)
00:00:00.572885   Last    <integer> = 0x0000000000000000 (0)
00:00:00.572887   papLeds <integer> = 0x0000000003168de0 (51 809 760)
00:00:00.572888 
00:00:00.572889 [/Devices/acpi/] (level 2)
00:00:00.572890 
00:00:00.572890 [/Devices/acpi/0/] (level 3)
00:00:00.572892   PCIBusNo      <integer> = 0x0000000000000000 (0)
00:00:00.572894   PCIDeviceNo   <integer> = 0x0000000000000007 (7)
00:00:00.572895   PCIFunctionNo <integer> = 0x0000000000000000 (0)
00:00:00.572896   Trusted       <integer> = 0x0000000000000001 (1)
00:00:00.572897 
00:00:00.572897 [/Devices/acpi/0/Config/] (level 4)
00:00:00.572899   CpuHotPlug          <integer> = 0x0000000000000000 (0)
00:00:00.572901   FdcEnabled          <integer> = 0x0000000000000000 (0)
00:00:00.572902   HostBusPciAddress   <integer> = 0x0000000000000000 (0)
00:00:00.572903   HpetEnabled         <integer> = 0x0000000000000000 (0)
00:00:00.572904   IOAPIC              <integer> = 0x0000000000000001 (1)
00:00:00.572906   IocPciAddress       <integer> = 0x0000000000010000 (65 536)
00:00:00.572907   NumCPUs             <integer> = 0x0000000000000001 (1)
00:00:00.572909   Parallel0IoPortBase <integer> = 0x0000000000000000 (0)
00:00:00.572910   Parallel0Irq        <integer> = 0x0000000000000000 (0)
00:00:00.572911   Parallel1IoPortBase <integer> = 0x0000000000000000 (0)
00:00:00.572912   Parallel1Irq        <integer> = 0x0000000000000000 (0)
00:00:00.572914   Serial0IoPortBase   <integer> = 0x0000000000000000 (0)
00:00:00.572915   Serial0Irq          <integer> = 0x0000000000000000 (0)
00:00:00.572916   Serial1IoPortBase   <integer> = 0x0000000000000000 (0)
00:00:00.572917   Serial1Irq          <integer> = 0x0000000000000000 (0)
00:00:00.572918   ShowCpu             <integer> = 0x0000000000000001 (1)
00:00:00.572920   ShowRtc             <integer> = 0x0000000000000000 (0)
00:00:00.572921   SmcEnabled          <integer> = 0x0000000000000000 (0)
00:00:00.572922 
00:00:00.572923 [/Devices/acpi/0/LUN#0/] (level 4)
00:00:00.572924   Driver <string>  = "ACPIHost" (cb=9)
00:00:00.572925 
00:00:00.572926 [/Devices/acpi/0/LUN#0/Config/] (level 5)
00:00:00.572927 
00:00:00.572928 [/Devices/ahci/] (level 2)
00:00:00.572929 
00:00:00.572930 [/Devices/ahci/0/] (level 3)
00:00:00.572931   PCIBusNo      <integer> = 0x0000000000000000 (0)
00:00:00.572932   PCIDeviceNo   <integer> = 0x000000000000000d (13)
00:00:00.572934   PCIFunctionNo <integer> = 0x0000000000000000 (0)
00:00:00.572935   Trusted       <integer> = 0x0000000000000001 (1)
00:00:00.572936 
00:00:00.572936 [/Devices/ahci/0/Config/] (level 4)
00:00:00.572938   Bootable  <integer> = 0x0000000000000001 (1)
00:00:00.572939   PortCount <integer> = 0x0000000000000001 (1)
00:00:00.572940 
00:00:00.572940 [/Devices/ahci/0/Config/Port0/] (level 5)
00:00:00.572942   Hotpluggable <integer> = 0x0000000000000000 (0)
00:00:00.572943 
00:00:00.572944 [/Devices/ahci/0/LUN#0/] (level 4)
00:00:00.572945   Driver <string>  = "VD" (cb=3)
00:00:00.572946 
00:00:00.572947 [/Devices/ahci/0/LUN#0/Config/] (level 5)
00:00:00.572949   BlockCache <integer> = 0x0000000000000001 (1)
00:00:00.572950   Format     <string>  = "VDI" (cb=4)
00:00:00.572951   Mountable  <integer> = 0x0000000000000000 (0)
00:00:00.572952   Path       <string>  = "C:\VirtualBox\VMs\ubuntu-server\ubuntu-server.vdi" (cb=50)
00:00:00.572953   Type       <string>  = "HardDisk" (cb=9)
00:00:00.572955   UseNewIo   <integer> = 0x0000000000000001 (1)
00:00:00.572956 
00:00:00.572956 [/Devices/ahci/0/LUN#999/] (level 4)
00:00:00.572958   Driver <string>  = "MainStatus" (cb=11)
00:00:00.572959 
00:00:00.572959 [/Devices/ahci/0/LUN#999/Config/] (level 5)
00:00:00.572961   DeviceInstance        <string>  = "ahci/0" (cb=7)
00:00:00.572962   First                 <integer> = 0x0000000000000000 (0)
00:00:00.572963   Last                  <integer> = 0x0000000000000000 (0)
00:00:00.572965   pConsole              <integer> = 0x00000000031685d0 (51 807 696)
00:00:00.572967   papLeds               <integer> = 0x00000000031689e0 (51 808 736)
00:00:00.572969   pmapMediumAttachments <integer> = 0x0000000003168e00 (51 809 792)
00:00:00.572970 
00:00:00.572971 [/Devices/apic/] (level 2)
00:00:00.572972 
00:00:00.572972 [/Devices/apic/0/] (level 3)
00:00:00.572974   Trusted <integer> = 0x0000000000000001 (1)
00:00:00.572975 
00:00:00.572975 [/Devices/apic/0/Config/] (level 4)
00:00:00.572977   IOAPIC  <integer> = 0x0000000000000001 (1)
00:00:00.572978   Mode    <integer> = 0x0000000000000003 (3)
00:00:00.572979   NumCPUs <integer> = 0x0000000000000001 (1)
00:00:00.572980 
00:00:00.572980 [/Devices/e1000/] (level 2)
00:00:00.572982 
00:00:00.572982 [/Devices/e1000/0/] (level 3)
00:00:00.572984   PCIBusNo      <integer> = 0x0000000000000000 (0)
00:00:00.572985   PCIDeviceNo   <integer> = 0x0000000000000003 (3)
00:00:00.572986   PCIFunctionNo <integer> = 0x0000000000000000 (0)
00:00:00.572987   Trusted       <integer> = 0x0000000000000001 (1)
00:00:00.572988 
00:00:00.572989 [/Devices/e1000/0/Config/] (level 4)
00:00:00.572990   AdapterType    <integer> = 0x0000000000000000 (0)
00:00:00.572991   CableConnected <integer> = 0x0000000000000001 (1)
00:00:00.572992   LineSpeed      <integer> = 0x0000000000000000 (0)
00:00:00.572994   MAC            <bytes>   = "08 00 27 47 0a 76" (cb=6)
00:00:00.572996 
00:00:00.572996 [/Devices/e1000/0/LUN#0/] (level 4)
00:00:00.572998   Driver <string>  = "NAT" (cb=4)
00:00:00.572999 
00:00:00.572999 [/Devices/e1000/0/LUN#0/Config/] (level 5)
00:00:00.573001   AliasMode       <integer> = 0x0000000000000000 (0)
00:00:00.573002   BootFile        <string>  = "server.pxe" (cb=11)
00:00:00.573003   DNSProxy        <integer> = 0x0000000000000000 (0)
00:00:00.573005   Network         <string>  = "10.0.2.0/24" (cb=12)
00:00:00.573006   PassDomain      <integer> = 0x0000000000000001 (1)
00:00:00.573007   TFTPPrefix      <string>  = "C:\Users\APADMIN\.VirtualBox\TFTP" (cb=34)
00:00:00.573009   UseHostResolver <integer> = 0x0000000000000000 (0)
00:00:00.573010 
00:00:00.573010 [/Devices/e1000/0/LUN#0/Config/PortForwarding/] (level 6)
00:00:00.573015 
00:00:00.573015 [/Devices/e1000/0/LUN#0/Config/PortForwarding/0/] (level 7)
00:00:00.573017   GuestPort <integer> = 0x0000000000000bb8 (3 000)
00:00:00.573019   HostPort  <integer> = 0x0000000000000bb8 (3 000)
00:00:00.573020   Name      <string>  = "backend" (cb=8)
00:00:00.573022   Protocol  <string>  = "TCP" (cb=4)
00:00:00.573023 
00:00:00.573023 [/Devices/e1000/0/LUN#0/Config/PortForwarding/1/] (level 7)
00:00:00.573025   GuestPort <integer> = 0x0000000000001f40 (8 000)
00:00:00.573026   HostPort  <integer> = 0x0000000000001f40 (8 000)
00:00:00.573028   Name      <string>  = "frontend" (cb=9)
00:00:00.573029   Protocol  <string>  = "TCP" (cb=4)
00:00:00.573030 
00:00:00.573030 [/Devices/e1000/0/LUN#0/Config/PortForwarding/2/] (level 7)
00:00:00.573032   GuestPort <integer> = 0x0000000000000016 (22)
00:00:00.573033   HostPort  <integer> = 0x00000000000008ae (2 222)
00:00:00.573035   Name      <string>  = "ftp" (cb=4)
00:00:00.573036   Protocol  <string>  = "TCP" (cb=4)
00:00:00.573037 
00:00:00.573037 [/Devices/e1000/0/LUN#999/] (level 4)
00:00:00.573039   Driver <string>  = "MainStatus" (cb=11)
00:00:00.573040 
00:00:00.573040 [/Devices/e1000/0/LUN#999/Config/] (level 5)
00:00:00.573042   First   <integer> = 0x0000000000000000 (0)
00:00:00.573043   Last    <integer> = 0x0000000000000000 (0)
00:00:00.573044   papLeds <integer> = 0x0000000003168cc0 (51 809 472)
00:00:00.573046 
00:00:00.573046 [/Devices/i8254/] (level 2)
00:00:00.573048 
00:00:00.573048 [/Devices/i8254/0/] (level 3)
00:00:00.573049 
00:00:00.573050 [/Devices/i8254/0/Config/] (level 4)
00:00:00.573051 
00:00:00.573052 [/Devices/i8259/] (level 2)
00:00:00.573053 
00:00:00.573053 [/Devices/i8259/0/] (level 3)
00:00:00.573055   Trusted <integer> = 0x0000000000000001 (1)
00:00:00.573056 
00:00:00.573056 [/Devices/i8259/0/Config/] (level 4)
00:00:00.573058 
00:00:00.573058 [/Devices/ichac97/] (level 2)
00:00:00.573059 
00:00:00.573060 [/Devices/ichac97/0/] (level 3)
00:00:00.573061   PCIBusNo      <integer> = 0x0000000000000000 (0)
00:00:00.573062   PCIDeviceNo   <integer> = 0x0000000000000005 (5)
00:00:00.573063   PCIFunctionNo <integer> = 0x0000000000000000 (0)
00:00:00.573065   Trusted       <integer> = 0x0000000000000001 (1)
00:00:00.573066 
00:00:00.573066 [/Devices/ichac97/0/AudioConfig/] (level 4)
00:00:00.573068 
00:00:00.573068 [/Devices/ichac97/0/Config/] (level 4)
00:00:00.573070   Codec        <string>  = "AD1980" (cb=7)
00:00:00.573071   DebugEnabled <integer> = 0x0000000000000000 (0)
00:00:00.573072   DebugPathOut <string>  = "" (cb=1)
00:00:00.573073 
00:00:00.573073 [/Devices/ichac97/0/LUN#0/] (level 4)
00:00:00.573075   Driver <string>  = "AUDIO" (cb=6)
00:00:00.573076 
00:00:00.573076 [/Devices/ichac97/0/LUN#0/AttachedDriver/] (level 5)
00:00:00.573078   Driver <string>  = "DSoundAudio" (cb=12)
00:00:00.573079 
00:00:00.573079 [/Devices/ichac97/0/LUN#0/AttachedDriver/Config/] (level 6)
00:00:00.573081   StreamName <string>  = "server" (cb=7)
00:00:00.573082 
00:00:00.573083 [/Devices/ichac97/0/LUN#0/Config/] (level 5)
00:00:00.573085   BufferSizeMs    <integer> = 0x0000000000000000 (0)
00:00:00.573086   DriverName      <string>  = "DSoundAudio" (cb=12)
00:00:00.573087   InputEnabled    <integer> = 0x0000000000000000 (0)
00:00:00.573088   OutputEnabled   <integer> = 0x0000000000000001 (1)
00:00:00.573090   PeriodSizeMs    <integer> = 0x0000000000000000 (0)
00:00:00.573091   PreBufferSizeMs <integer> = 0x00000000ffffffff (4 294 967 295)
00:00:00.573092 
00:00:00.573093 [/Devices/ichac97/0/LUN#1/] (level 4)
00:00:00.573094   Driver <string>  = "AUDIO" (cb=6)
00:00:00.573095 
00:00:00.573096 [/Devices/ioapic/] (level 2)
00:00:00.573097 
00:00:00.573097 [/Devices/ioapic/0/] (level 3)
00:00:00.573099   Trusted <integer> = 0x0000000000000001 (1)
00:00:00.573100 
00:00:00.573100 [/Devices/ioapic/0/Config/] (level 4)
00:00:00.573102   NumCPUs <integer> = 0x0000000000000001 (1)
00:00:00.573103 
00:00:00.573103 [/Devices/mc146818/] (level 2)
00:00:00.573104 
00:00:00.573105 [/Devices/mc146818/0/] (level 3)
00:00:00.573106 
00:00:00.573107 [/Devices/mc146818/0/Config/] (level 4)
00:00:00.573108   UseUTC <integer> = 0x0000000000000001 (1)
00:00:00.573109 
00:00:00.573110 [/Devices/parallel/] (level 2)
00:00:00.573111 
00:00:00.573111 [/Devices/pcarch/] (level 2)
00:00:00.573112 
00:00:00.573113 [/Devices/pcarch/0/] (level 3)
00:00:00.573114   Trusted <integer> = 0x0000000000000001 (1)
00:00:00.573115 
00:00:00.573116 [/Devices/pcarch/0/Config/] (level 4)
00:00:00.573117 
00:00:00.573117 [/Devices/pcbios/] (level 2)
00:00:00.573119 
00:00:00.573119 [/Devices/pcbios/0/] (level 3)
00:00:00.573121   Trusted <integer> = 0x0000000000000001 (1)
00:00:00.573122 
00:00:00.573122 [/Devices/pcbios/0/Config/] (level 4)
00:00:00.573124   APIC               <integer> = 0x0000000000000001 (1)
00:00:00.573126   BootDevice0        <string>  = "FLOPPY" (cb=7)
00:00:00.573127   BootDevice1        <string>  = "DVD" (cb=4)
00:00:00.573128   BootDevice2        <string>  = "IDE" (cb=4)
00:00:00.573129   BootDevice3        <string>  = "NONE" (cb=5)
00:00:00.573130   FloppyDevice       <string>  = "i82078" (cb=7)
00:00:00.573131   HardDiskDevice     <string>  = "piix3ide" (cb=9)
00:00:00.573133   IOAPIC             <integer> = 0x0000000000000001 (1)
00:00:00.573134   McfgBase           <integer> = 0x0000000000000000 (0)
00:00:00.573135   McfgLength         <integer> = 0x0000000000000000 (0)
00:00:00.573137   NumCPUs            <integer> = 0x0000000000000001 (1)
00:00:00.573138   PXEDebug           <integer> = 0x0000000000000000 (0)
00:00:00.573139   SataHardDiskDevice <string>  = "ahci" (cb=5)
00:00:00.573140   SataLUN1           <integer> = 0x0000000000000000 (0)
00:00:00.573142   UUID               <bytes>   = "6d 20 68 92 79 05 c4 4e a0 bb b1 b3 7d 64 bf ec" (cb=16)
00:00:00.573145 
00:00:00.573145 [/Devices/pcbios/0/Config/NetBoot/] (level 5)
00:00:00.573147 
00:00:00.573148 [/Devices/pcbios/0/Config/NetBoot/0/] (level 6)
00:00:00.573149   NIC           <integer> = 0x0000000000000000 (0)
00:00:00.573151   PCIBusNo      <integer> = 0x0000000000000000 (0)
00:00:00.573152   PCIDeviceNo   <integer> = 0x0000000000000003 (3)
00:00:00.573153   PCIFunctionNo <integer> = 0x0000000000000000 (0)
00:00:00.573154 
00:00:00.573155 [/Devices/pci/] (level 2)
00:00:00.573156 
00:00:00.573156 [/Devices/pci/0/] (level 3)
00:00:00.573158   Trusted <integer> = 0x0000000000000001 (1)
00:00:00.573159 
00:00:00.573159 [/Devices/pci/0/Config/] (level 4)
00:00:00.573160   IOAPIC <integer> = 0x0000000000000001 (1)
00:00:00.573161 
00:00:00.573162 [/Devices/pcibridge/] (level 2)
00:00:00.573163 
00:00:00.573164 [/Devices/pckbd/] (level 2)
00:00:00.573165 
00:00:00.573165 [/Devices/pckbd/0/] (level 3)
00:00:00.573167   Trusted <integer> = 0x0000000000000001 (1)
00:00:00.573168 
00:00:00.573168 [/Devices/pckbd/0/Config/] (level 4)
00:00:00.573170 
00:00:00.573170 [/Devices/pckbd/0/LUN#0/] (level 4)
00:00:00.573171   Driver <string>  = "KeyboardQueue" (cb=14)
00:00:00.573172 
00:00:00.573173 [/Devices/pckbd/0/LUN#0/AttachedDriver/] (level 5)
00:00:00.573175   Driver <string>  = "MainKeyboard" (cb=13)
00:00:00.573176 
00:00:00.573176 [/Devices/pckbd/0/LUN#0/AttachedDriver/Config/] (level 6)
00:00:00.573178   Object <integer> = 0x000000000316e630 (51 832 368)
00:00:00.573180 
00:00:00.573180 [/Devices/pckbd/0/LUN#0/Config/] (level 5)
00:00:00.573182   QueueSize <integer> = 0x0000000000000040 (64)
00:00:00.573183 
00:00:00.573183 [/Devices/pckbd/0/LUN#1/] (level 4)
00:00:00.573185   Driver <string>  = "MouseQueue" (cb=11)
00:00:00.573186 
00:00:00.573186 [/Devices/pckbd/0/LUN#1/AttachedDriver/] (level 5)
00:00:00.573188   Driver <string>  = "MainMouse" (cb=10)
00:00:00.573189 
00:00:00.573189 [/Devices/pckbd/0/LUN#1/AttachedDriver/Config/] (level 6)
00:00:00.573191   Object <integer> = 0x000000000316eca0 (51 834 016)
00:00:00.573193 
00:00:00.573193 [/Devices/pckbd/0/LUN#1/Config/] (level 5)
00:00:00.573195   QueueSize <integer> = 0x0000000000000080 (128)
00:00:00.573196 
00:00:00.573196 [/Devices/pcnet/] (level 2)
00:00:00.573198 
00:00:00.573198 [/Devices/piix3ide/] (level 2)
00:00:00.573199 
00:00:00.573200 [/Devices/piix3ide/0/] (level 3)
00:00:00.573202   PCIBusNo      <integer> = 0x0000000000000000 (0)
00:00:00.573203   PCIDeviceNo   <integer> = 0x0000000000000001 (1)
00:00:00.573204   PCIFunctionNo <integer> = 0x0000000000000001 (1)
00:00:00.573205   Trusted       <integer> = 0x0000000000000001 (1)
00:00:00.573206 
00:00:00.573207 [/Devices/piix3ide/0/Config/] (level 4)
00:00:00.573208   Type <string>  = "PIIX4" (cb=6)
00:00:00.573209 
00:00:00.573210 [/Devices/piix3ide/0/LUN#2/] (level 4)
00:00:00.573211   Driver <string>  = "VD" (cb=3)
00:00:00.573212 
00:00:00.573213 [/Devices/piix3ide/0/LUN#2/Config/] (level 5)
00:00:00.573214   EmptyDrive <integer> = 0x0000000000000001 (1)
00:00:00.573215   Mountable  <integer> = 0x0000000000000001 (1)
00:00:00.573217   Type       <string>  = "DVD" (cb=4)
00:00:00.573218 
00:00:00.573218 [/Devices/piix3ide/0/LUN#999/] (level 4)
00:00:00.573220   Driver <string>  = "MainStatus" (cb=11)
00:00:00.573221 
00:00:00.573221 [/Devices/piix3ide/0/LUN#999/Config/] (level 5)
00:00:00.573223   DeviceInstance        <string>  = "piix3ide/0" (cb=11)
00:00:00.573224   First                 <integer> = 0x0000000000000000 (0)
00:00:00.573225   Last                  <integer> = 0x0000000000000003 (3)
00:00:00.573227   pConsole              <integer> = 0x00000000031685d0 (51 807 696)
00:00:00.573228   papLeds               <integer> = 0x00000000031689c0 (51 808 704)
00:00:00.573230   pmapMediumAttachments <integer> = 0x0000000003168e00 (51 809 792)
00:00:00.573232 
00:00:00.573232 [/Devices/serial/] (level 2)
00:00:00.573233 
00:00:00.573234 [/Devices/usb-ohci/] (level 2)
00:00:00.573235 
00:00:00.573235 [/Devices/usb-ohci/0/] (level 3)
00:00:00.573237   PCIBusNo      <integer> = 0x0000000000000000 (0)
00:00:00.573238   PCIDeviceNo   <integer> = 0x0000000000000006 (6)
00:00:00.573239   PCIFunctionNo <integer> = 0x0000000000000000 (0)
00:00:00.573240   Trusted       <integer> = 0x0000000000000001 (1)
00:00:00.573241 
00:00:00.573242 [/Devices/usb-ohci/0/Config/] (level 4)
00:00:00.573243 
00:00:00.573244 [/Devices/usb-ohci/0/LUN#0/] (level 4)
00:00:00.573245   Driver <string>  = "VUSBRootHub" (cb=12)
00:00:00.573246 
00:00:00.573247 [/Devices/usb-ohci/0/LUN#0/Config/] (level 5)
00:00:00.573248 
00:00:00.573249 [/Devices/usb-ohci/0/LUN#999/] (level 4)
00:00:00.573250   Driver <string>  = "MainStatus" (cb=11)
00:00:00.573251 
00:00:00.573252 [/Devices/usb-ohci/0/LUN#999/Config/] (level 5)
00:00:00.573253   First   <integer> = 0x0000000000000000 (0)
00:00:00.573254   Last    <integer> = 0x0000000000000000 (0)
00:00:00.573255   papLeds <integer> = 0x0000000003168de8 (51 809 768)
00:00:00.573257 
00:00:00.573257 [/Devices/vga/] (level 2)
00:00:00.573259 
00:00:00.573259 [/Devices/vga/0/] (level 3)
00:00:00.573260   PCIBusNo      <integer> = 0x0000000000000000 (0)
00:00:00.573261   PCIDeviceNo   <integer> = 0x0000000000000002 (2)
00:00:00.573263   PCIFunctionNo <integer> = 0x0000000000000000 (0)
00:00:00.573264   Trusted       <integer> = 0x0000000000000001 (1)
00:00:00.573265 
00:00:00.573265 [/Devices/vga/0/Config/] (level 4)
00:00:00.573267   CustomVideoModes <integer> = 0x0000000000000000 (0)
00:00:00.573268   FadeIn           <integer> = 0x0000000000000001 (1)
00:00:00.573269   FadeOut          <integer> = 0x0000000000000001 (1)
00:00:00.573271   HeightReduction  <integer> = 0x0000000000000000 (0)
00:00:00.573272   LogoFile         <string>  = "" (cb=1)
00:00:00.573273   LogoTime         <integer> = 0x0000000000000000 (0)
00:00:00.573274   MonitorCount     <integer> = 0x0000000000000001 (1)
00:00:00.573275   ShowBootMenu     <integer> = 0x0000000000000002 (2)
00:00:00.573277   VRamSize         <integer> = 0x0000000001000000 (16 777 216, 16 MB)
00:00:00.573279 
00:00:00.573279 [/Devices/vga/0/LUN#0/] (level 4)
00:00:00.573281   Driver <string>  = "MainDisplay" (cb=12)
00:00:00.573282 
00:00:00.573282 [/Devices/vga/0/LUN#0/Config/] (level 5)
00:00:00.573284   Object <integer> = 0x000000000316f540 (51 836 224)
00:00:00.573285 
00:00:00.573285 [/Devices/vga/0/LUN#999/] (level 4)
00:00:00.573287   Driver <string>  = "MainStatus" (cb=11)
00:00:00.573288 
00:00:00.573288 [/Devices/vga/0/LUN#999/Config/] (level 5)
00:00:00.573290   First   <integer> = 0x0000000000000000 (0)
00:00:00.573291   Last    <integer> = 0x0000000000000000 (0)
00:00:00.573292   papLeds <integer> = 0x0000000003168df8 (51 809 784)
00:00:00.573294 
00:00:00.573294 [/Devices/virtio-net/] (level 2)
00:00:00.573296 
00:00:00.573296 [/EM/] (level 1)
00:00:00.573297   TripleFaultReset <integer> = 0x0000000000000000 (0)
00:00:00.573298 
00:00:00.573299 [/GIM/] (level 1)
00:00:00.573300   Provider <string>  = "KVM" (cb=4)
00:00:00.573301 
00:00:00.573301 [/HM/] (level 1)
00:00:00.573303   64bitEnabled       <integer> = 0x0000000000000001 (1)
00:00:00.573304   EnableLargePages   <integer> = 0x0000000000000001 (1)
00:00:00.573305   EnableNestedPaging <integer> = 0x0000000000000001 (1)
00:00:00.573307   EnableUX           <integer> = 0x0000000000000001 (1)
00:00:00.573308   EnableVPID         <integer> = 0x0000000000000001 (1)
00:00:00.573309   Exclusive          <integer> = 0x0000000000000000 (0)
00:00:00.573310   HMForced           <integer> = 0x0000000000000001 (1)
00:00:00.573312   IBPBOnVMEntry      <integer> = 0x0000000000000000 (0)
00:00:00.573313   IBPBOnVMExit       <integer> = 0x0000000000000000 (0)
00:00:00.573314   L1DFlushOnSched    <integer> = 0x0000000000000001 (1)
00:00:00.573315   L1DFlushOnVMEntry  <integer> = 0x0000000000000000 (0)
00:00:00.573317   SpecCtrlByHost     <integer> = 0x0000000000000000 (0)
00:00:00.573318 
00:00:00.573318 [/MM/] (level 1)
00:00:00.573319   CanUseLargerHeap <integer> = 0x0000000000000000 (0)
00:00:00.573320 
00:00:00.573321 [/PDM/] (level 1)
00:00:00.573322 
00:00:00.573322 [/PDM/AsyncCompletion/] (level 2)
00:00:00.573323 
00:00:00.573324 [/PDM/AsyncCompletion/File/] (level 3)
00:00:00.573325 
00:00:00.573326 [/PDM/AsyncCompletion/File/BwGroups/] (level 4)
00:00:00.573327 
00:00:00.573328 [/PDM/BlkCache/] (level 2)
00:00:00.573329   CacheSize <integer> = 0x0000000000500000 (5 242 880, 5 MB)
00:00:00.573331 
00:00:00.573331 [/PDM/Devices/] (level 2)
00:00:00.573333 
00:00:00.573333 [/PDM/Drivers/] (level 2)
00:00:00.573334 
00:00:00.573335 [/PDM/Drivers/VBoxC/] (level 3)
00:00:00.573336   Path <string>  = "VBoxC" (cb=6)
00:00:00.573337 
00:00:00.573337 [/PDM/NetworkShaper/] (level 2)
00:00:00.573339 
00:00:00.573339 [/PDM/NetworkShaper/BwGroups/] (level 3)
00:00:00.573340 
00:00:00.573341 [/TM/] (level 1)
00:00:00.573342   UTCOffset <integer> = 0x0000000000000000 (0)
00:00:00.573343 
00:00:00.573343 [/USB/] (level 1)
00:00:00.573344 
00:00:00.573345 [/USB/HidMouse/] (level 2)
00:00:00.573346 
00:00:00.573346 [/USB/HidMouse/0/] (level 3)
00:00:00.573348 
00:00:00.573348 [/USB/HidMouse/0/Config/] (level 4)
00:00:00.573350   Mode <string>  = "absolute" (cb=9)
00:00:00.573351 
00:00:00.573351 [/USB/HidMouse/0/LUN#0/] (level 4)
00:00:00.573353   Driver <string>  = "MouseQueue" (cb=11)
00:00:00.573353 
00:00:00.573354 [/USB/HidMouse/0/LUN#0/AttachedDriver/] (level 5)
00:00:00.573356   Driver <string>  = "MainMouse" (cb=10)
00:00:00.573356 
00:00:00.573357 [/USB/HidMouse/0/LUN#0/AttachedDriver/Config/] (level 6)
00:00:00.573359   Object <integer> = 0x000000000316eca0 (51 834 016)
00:00:00.573360 
00:00:00.573361 [/USB/HidMouse/0/LUN#0/Config/] (level 5)
00:00:00.573362   QueueSize <integer> = 0x0000000000000080 (128)
00:00:00.573364 
00:00:00.573364 [/USB/USBProxy/] (level 2)
00:00:00.573365 
00:00:00.573366 [/USB/USBProxy/GlobalConfig/] (level 3)
00:00:00.573367 
00:00:00.573368 ********************* End of CFGM dump **********************
00:00:00.573387 VM: fHMEnabled=true  (configured) fRecompileUser=false fRecompileSupervisor=false
00:00:00.573390 VM: fRawRing1Enabled=false CSAM=true  PATM=true 
00:00:00.573547 HM: HMR3Init: VT-x w/ nested paging and unrestricted guest execution hw support
00:00:00.573601 MM: cbHyperHeap=0x100000 (1048576)
00:00:00.574635 CPUM: fXStateHostMask=0x7; initial: 0x7; host XCR0=0x7
00:00:00.575711 CPUM: Matched host CPU INTEL 0x6/0x3a/0x9 Intel_Core7_IvyBridge with CPU DB entry 'Intel Core i5-3570' (INTEL 0x6/0x3a/0x9 Intel_Core7_IvyBridge)
00:00:00.575764 CPUM: MXCSR_MASK=0xffff (host: 0xffff)
00:00:00.575785 CPUM: Microcode revision 0x00000012
00:00:00.576658 PGM: HCPhysInterPD=00000000cf513000 HCPhysInterPaePDPT=00000000cf510000 HCPhysInterPaePML4=00000000cf50e000
00:00:00.576676 PGM: apInterPTs={00000000cf512000,00000000cf511000} apInterPaePTs={000000021a2dc000,000000016d0dd000} apInterPaePDs={00000001677de000,00000000272df000,0000000045d60000,000000016dee1000} pInterPaePDPT64=00000000cf50f000
00:00:00.576728 PGM: Host paging mode: AMD64+PGE+NX
00:00:00.576745 PGM: PGMPool: cMaxPages=560 (u64MaxPages=545)
00:00:00.576753 PGM: pgmR3PoolInit: cMaxPages=0x230 cMaxUsers=0x460 cMaxPhysExts=0x460 fCacheEnable=true 
00:00:00.591068 TM: GIP - u32Mode=3 (Invariant) u32UpdateHz=100 u32UpdateIntervalNS=10000000 enmUseTscDelta=2 (Pratically Zero) fGetGipCpu=0x1 cCpus=8
00:00:00.591112 TM: GIP - u64CpuHz=3 500 024 594 (0xd09e2312)  SUPGetCpuHzFromGip => 3 500 024 594
00:00:00.591124 TM: GIP - CPU: iCpuSet=0x0 idCpu=0x0 idApic=0x0 iGipCpu=0x0 i64TSCDelta=0 enmState=3 u64CpuHz=3500024594(*) cErrors=0
00:00:00.591135 TM: GIP - CPU: iCpuSet=0x1 idCpu=0x1 idApic=0x1 iGipCpu=0x4 i64TSCDelta=0 enmState=3 u64CpuHz=3500028429(*) cErrors=0
00:00:00.591144 TM: GIP - CPU: iCpuSet=0x2 idCpu=0x2 idApic=0x2 iGipCpu=0x3 i64TSCDelta=0 enmState=3 u64CpuHz=3500041448(*) cErrors=0
00:00:00.591152 TM: GIP - CPU: iCpuSet=0x3 idCpu=0x3 idApic=0x3 iGipCpu=0x6 i64TSCDelta=0 enmState=3 u64CpuHz=3500026949(*) cErrors=0
00:00:00.591161 TM: GIP - CPU: iCpuSet=0x4 idCpu=0x4 idApic=0x4 iGipCpu=0x1 i64TSCDelta=0 enmState=3 u64CpuHz=3499914037(*) cErrors=0
00:00:00.591169 TM: GIP - CPU: iCpuSet=0x5 idCpu=0x5 idApic=0x5 iGipCpu=0x5 i64TSCDelta=0 enmState=3 u64CpuHz=3500028882(*) cErrors=0
00:00:00.591177 TM: GIP - CPU: iCpuSet=0x6 idCpu=0x6 idApic=0x6 iGipCpu=0x7 i64TSCDelta=0 enmState=3 u64CpuHz=3500026536(*) cErrors=0
00:00:00.591185 TM: GIP - CPU: iCpuSet=0x7 idCpu=0x7 idApic=0x7 iGipCpu=0x2 i64TSCDelta=0 enmState=3 u64CpuHz=3500097968(*) cErrors=0
00:00:00.591247 TM: cTSCTicksPerSecond=3 500 024 594 (0xd09e2312) enmTSCMode=3 (Dynamic)
00:00:00.591250 TM: TSCTiedToExecution=false TSCNotTiedToHalt=false
00:00:00.592141 VMM: CoreCode: R3=00000000010c0000 R0=XXXXXXXXXXXXXXXX RC=a055b000 Phys=00000000cf4f3000 cb=0x1000
00:00:00.592501 IEM: TargetCpu=CURRENT, Microarch=Intel_Core7_IvyBridge
00:00:00.592677 GIM: Using provider 'KVM' (Implementation version: 0)
00:00:00.592697 CPUM: SetGuestCpuIdFeature: Enabled Hypervisor Present bit
00:00:00.592809 AIOMgr: Default manager type is 'Async'
00:00:00.592823 AIOMgr: Default file backend is 'NonBuffered'
00:00:00.593330 BlkCache: Cache successfully initialized. Cache size is 5242880 bytes
00:00:00.593357 BlkCache: Cache commit interval is 10000 ms
00:00:00.593367 BlkCache: Cache commit threshold is 2621440 bytes
00:00:00.894666 PcBios: [SMP] BIOS with 1 CPUs
00:00:00.894710 PcBios: Using the 386+ BIOS image.
00:00:00.894850 PcBios: MPS table at 000e1300
00:00:00.896096 PcBios: fCheckShutdownStatusForSoftReset=true   fClearShutdownStatusOnHardReset=true 
00:00:00.912572 SUP: Loaded VBoxDDR0.r0 (C:\Program Files\Oracle\VirtualBox\VBoxDDR0.r0) at 0xXXXXXXXXXXXXXXXX - ModuleInit at XXXXXXXXXXXXXXXX and ModuleTerm at XXXXXXXXXXXXXXXX using the native ring-0 loader
00:00:00.912592 SUP: windbg> .reload /f C:\Program Files\Oracle\VirtualBox\VBoxDDR0.r0=0xXXXXXXXXXXXXXXXX
00:00:00.912925 CPUM: SetGuestCpuIdFeature: Enabled xAPIC
00:00:00.912939 CPUM: SetGuestCpuIdFeature: Enabled x2APIC
00:00:00.913523 IOAPIC: Using implementation 2.0!
00:00:00.913616 PIT: mode=3 count=0x10000 (65536) - 18.20 Hz (ch=0)
00:00:00.928101 Shared Folders service loaded
00:00:00.933469 VGA: Using the 386+ BIOS image.
00:00:00.934827 DrvVD: Flushes will be ignored
00:00:00.934847 DrvVD: Async flushes will be passed to the disk
00:00:00.937435 VD: VDInit finished with VINF_SUCCESS
00:00:00.938464 AIOMgr: Endpoint for file 'C:\VirtualBox\VMs\ubuntu-server\ubuntu-server.vdi' (flags 000c0723) created successfully
00:00:00.957375 VD: Opening the disk took 20323364 ns
00:00:00.957489 AHCI: LUN#0: disk, PCHS=16383/16/63, total number of sectors 83886080
00:00:00.957979 AHCI#0: Reset the HBA
00:00:00.958006 VD#0: Cancelling all active requests
00:00:00.958522 PIIX3 ATA: LUN#0: no unit
00:00:00.958554 PIIX3 ATA: LUN#1: no unit
00:00:00.958870 DrvVD: Flushes will be ignored
00:00:00.958897 DrvVD: Async flushes will be passed to the disk
00:00:00.959158 PIIX3 ATA: LUN#2: CD/DVD, total number of sectors 0, passthrough disabled
00:00:00.959191 PIIX3 ATA: LUN#3: no unit
00:00:00.959226 PIIX3 ATA: Ctl#0: finished processing RESET
00:00:00.959253 PIIX3 ATA: Ctl#1: finished processing RESET
00:00:00.959346 E1000#0 Chip=82540EM LinkUpDelay=3000ms EthernetCRC=on GSO=enabled Itr=disabled ItrRx=enabled TID=disabled R0=enabled GC=enabled
00:00:00.967864 NAT: Guest address guess set to 10.0.2.15 by initialization
00:00:01.002422 NAT: DNS#0: 168.126.63.1
00:00:01.002445 NAT: DNS#1: 168.126.63.2
00:00:01.026255 NAT: Set redirect TCP 0.0.0.0:3000 -> 0.0.0.0:3000
00:00:01.026388 NAT: Set redirect TCP 0.0.0.0:8000 -> 0.0.0.0:8000
00:00:01.026509 NAT: Set redirect TCP 0.0.0.0:2222 -> 0.0.0.0:22
00:00:01.028015 Audio: Initializing DirectSound audio driver
00:00:01.098396 AC97: Reset
00:00:01.099248 VUSB: Attached 'HidMouse' to port 1 on RootHub#0 (FullSpeed)
00:00:01.099324 PGM: The CPU physical address width is 36 bits
00:00:01.099336 PGM: PGMR3InitFinalize: 4 MB PSE mask 0000000fffffffff
00:00:01.099590 TM: TMR3InitFinalize: fTSCModeSwitchAllowed=true 
00:00:01.132662 VMM: Thread-context hooks unavailable
00:00:01.133339 HM: fWorldSwitcher=0x0 (fIbpbOnVmExit=0 fIbpbOnVmEntry=0 fL1dFlushOnVmEntry=0); fL1dFlushOnSched=0
00:00:01.133353 HM: Using VT-x implementation 2.0
00:00:01.133354 HM: Host CR4                        = 0x506f8
00:00:01.133356 HM: Host EFER                       = 0xd01
00:00:01.133358 HM: MSR_IA32_SMM_MONITOR_CTL        = 0x0
00:00:01.133358 HM: MSR_IA32_FEATURE_CONTROL        = 0x5
00:00:01.133359 HM: MSR_IA32_VMX_BASIC_INFO         = 0xda040000000010
00:00:01.133361 HM:   VMCS id                         = 0x10
00:00:01.133362 HM:   VMCS size                       = 1024 bytes
00:00:01.133363 HM:   VMCS physical address limit     = None
00:00:01.133366 HM:   VMCS memory type                = 0x6
00:00:01.133368 HM:   Dual-monitor treatment support  = true 
00:00:01.133370 HM:   OUTS & INS instruction-info     = true 
00:00:01.133371 HM:   Supports true capability MSRs   = true 
00:00:01.133371 HM: Max resume loops                = 1024
00:00:01.133372 HM: MSR_IA32_VMX_PINBASED_CTLS      = 0x7f00000016
00:00:01.133373 HM:   EXT_INT_EXIT
00:00:01.133374 HM:   NMI_EXIT
00:00:01.133375 HM:   VIRTUAL_NMI
00:00:01.133375 HM:   PREEMPT_TIMER
00:00:01.133376 HM:   POSTED_INTR (must be cleared)
00:00:01.133377 HM: MSR_IA32_VMX_PROCBASED_CTLS     = 0xfff9fffe0401e172
00:00:01.133378 HM:   INT_WINDOW_EXIT
00:00:01.133379 HM:   USE_TSC_OFFSETTING
00:00:01.133379 HM:   HLT_EXIT
00:00:01.133380 HM:   INVLPG_EXIT
00:00:01.133380 HM:   MWAIT_EXIT
00:00:01.133381 HM:   RDPMC_EXIT
00:00:01.133382 HM:   RDTSC_EXIT
00:00:01.133382 HM:   CR3_LOAD_EXIT (must be set)
00:00:01.133383 HM:   CR3_STORE_EXIT (must be set)
00:00:01.133383 HM:   CR8_LOAD_EXIT
00:00:01.133384 HM:   CR8_STORE_EXIT
00:00:01.133384 HM:   USE_TPR_SHADOW
00:00:01.133385 HM:   NMI_WINDOW_EXIT
00:00:01.133386 HM:   MOV_DR_EXIT
00:00:01.133386 HM:   UNCOND_IO_EXIT
00:00:01.133387 HM:   USE_IO_BITMAPS
00:00:01.133387 HM:   MONITOR_TRAP_FLAG
00:00:01.133388 HM:   USE_MSR_BITMAPS
00:00:01.133388 HM:   MONITOR_EXIT
00:00:01.133389 HM:   PAUSE_EXIT
00:00:01.133390 HM:   USE_SECONDARY_EXEC_CTRL
00:00:01.133390 HM: MSR_IA32_VMX_PROCBASED_CTLS2    = 0x8ff00000000
00:00:01.133391 HM:   VIRT_APIC
00:00:01.133392 HM:   EPT
00:00:01.133393 HM:   DESCRIPTOR_TABLE_EXIT
00:00:01.133393 HM:   RDTSCP
00:00:01.133394 HM:   VIRT_X2APIC
00:00:01.133394 HM:   VPID
00:00:01.133395 HM:   WBINVD_EXIT
00:00:01.133395 HM:   UNRESTRICTED_GUEST
00:00:01.133396 HM:   APIC_REG_VIRT (must be cleared)
00:00:01.133398 HM:   VIRT_INTR_DELIVERY (must be cleared)
00:00:01.133399 HM:   PAUSE_LOOP_EXIT (must be cleared)
00:00:01.133399 HM:   RDRAND_EXIT
00:00:01.133400 HM:   INVPCID (must be cleared)
00:00:01.133401 HM:   VMFUNC (must be cleared)
00:00:01.133401 HM:   VMCS_SHADOWING (must be cleared)
00:00:01.133402 HM:   ENCLS_EXIT (must be cleared)
00:00:01.133403 HM:   RDSEED_EXIT (must be cleared)
00:00:01.133403 HM:   PML (must be cleared)
00:00:01.133404 HM:   EPT_VE (must be cleared)
00:00:01.133406 HM:   CONCEAL_FROM_PT (must be cleared)
00:00:01.133407 HM:   XSAVES_XRSTORS (must be cleared)
00:00:01.133407 HM:   TSC_SCALING (must be cleared)
00:00:01.133408 HM: MSR_IA32_VMX_ENTRY_CTLS         = 0xffff000011ff
00:00:01.133409 HM:   LOAD_DEBUG (must be set)
00:00:01.133410 HM:   IA32E_MODE_GUEST
00:00:01.133410 HM:   ENTRY_SMM
00:00:01.133411 HM:   DEACTIVATE_DUALMON
00:00:01.133412 HM:   LOAD_GUEST_PERF_MSR
00:00:01.133412 HM:   LOAD_GUEST_PAT_MSR
00:00:01.133413 HM:   LOAD_GUEST_EFER_MSR
00:00:01.133413 HM: MSR_IA32_VMX_EXIT_CTLS          = 0x7fffff00036dff
00:00:01.133415 HM:   SAVE_DEBUG (must be set)
00:00:01.133415 HM:   HOST_ADDR_SPACE_SIZE
00:00:01.133416 HM:   LOAD_PERF_MSR
00:00:01.133417 HM:   ACK_EXT_INT
00:00:01.133417 HM:   SAVE_GUEST_PAT_MSR
00:00:01.133418 HM:   LOAD_HOST_PAT_MSR
00:00:01.133418 HM:   SAVE_GUEST_EFER_MSR
00:00:01.133419 HM:   LOAD_HOST_EFER_MSR
00:00:01.133419 HM:   SAVE_VMX_PREEMPT_TIMER
00:00:01.133420 HM: MSR_IA32_VMX_EPT_VPID_CAP       = 0xf0106114141
00:00:01.133421 HM:   RWX_X_ONLY
00:00:01.133422 HM:   PAGE_WALK_LENGTH_4
00:00:01.133422 HM:   EMT_UC
00:00:01.133423 HM:   EMT_WB
00:00:01.133424 HM:   PDE_2M
00:00:01.133424 HM:   INVEPT
00:00:01.133425 HM:   INVEPT_SINGLE_CONTEXT
00:00:01.133425 HM:   INVEPT_ALL_CONTEXTS
00:00:01.133426 HM:   INVVPID
00:00:01.133426 HM:   INVVPID_INDIV_ADDR
00:00:01.133427 HM:   INVVPID_SINGLE_CONTEXT
00:00:01.133428 HM:   INVVPID_ALL_CONTEXTS
00:00:01.133428 HM:   INVVPID_SINGLE_CONTEXT_RETAIN_GLOBALS
00:00:01.133429 HM: MSR_IA32_VMX_MISC               = 0x100401e5
00:00:01.133430 HM:   PREEMPT_TSC_BIT                 = 0x5
00:00:01.133431 HM:   STORE_EFERLMA_VMEXIT            = true 
00:00:01.133432 HM:   ACTIVITY_STATES                 = 0x7
00:00:01.133432 HM:   CR3_TARGET                      = 0x4
00:00:01.133433 HM:   MAX_MSR                         = 512
00:00:01.133434 HM:   RDMSR_SMBASE_MSR_SMM            = false
00:00:01.133435 HM:   SMM_MONITOR_CTL_B2              = true 
00:00:01.133435 HM:   VMWRITE_VMEXIT_INFO             = false
00:00:01.133436 HM:   MSEG_ID                         = 0x0
00:00:01.133437 HM: MSR_IA32_VMX_CR0_FIXED0         = 0x80000021
00:00:01.133438 HM: MSR_IA32_VMX_CR0_FIXED1         = 0xffffffff
00:00:01.133439 HM: MSR_IA32_VMX_CR4_FIXED0         = 0x2000
00:00:01.133440 HM: MSR_IA32_VMX_CR4_FIXED1         = 0x1767ff
00:00:01.133441 HM: MSR_IA32_VMX_VMCS_ENUM          = 0x2a
00:00:01.133442 HM:   HIGHEST_INDEX                   = 0x15
00:00:01.133443 HM: APIC-access page physaddr       = 0x00000000cf4f2000
00:00:01.133444 HM: VCPU  0: MSR bitmap physaddr    = 0x00000000cf4f0000
00:00:01.133446 HM: VCPU  0: VMCS physaddr          = 0x00000000cf4f1000
00:00:01.133448 HM: Guest support: 32-bit and 64-bit
00:00:01.133456 HM: Supports VMCS EFER fields       = true 
00:00:01.133458 HM: Enabled VMX
00:00:01.133460 CPUM: SetGuestCpuIdFeature: Enabled SYSENTER/EXIT
00:00:01.133461 CPUM: SetGuestCpuIdFeature: Enabled PAE
00:00:01.133462 CPUM: SetGuestCpuIdFeature: Enabled LONG MODE
00:00:01.133463 CPUM: SetGuestCpuIdFeature: Enabled SYSCALL/RET
00:00:01.133464 CPUM: SetGuestCpuIdFeature: Enabled LAHF/SAHF
00:00:01.133464 CPUM: SetGuestCpuIdFeature: Enabled NX
00:00:01.133465 HM: Enabled nested paging
00:00:01.133466 HM:   EPT flush type                = VMXFLUSHEPT_SINGLE_CONTEXT
00:00:01.133466 HM: Enabled unrestricted guest execution
00:00:01.133467 HM: Enabled large page support
00:00:01.133468 HM: Enabled VPID
00:00:01.133468 HM:   VPID flush type               = VMXFLUSHVPID_SINGLE_CONTEXT
00:00:01.133469 HM: Enabled VMX-preemption timer (cPreemptTimerShift=5)
00:00:01.133470 HM: VT-x/AMD-V init method: LOCAL
00:00:01.133471 VMM: fUsePeriodicPreemptionTimers=false
00:00:01.133538 CPUM: Logical host processors: 8 present, 8 max, 8 online, online mask: 00000000000000ff
00:00:01.133541 CPUM: Physical host cores: 4
00:00:01.133542 ************************* CPUID dump ************************
00:00:01.133549          Raw Standard CPUID Leaves
00:00:01.133550      Leaf/sub-leaf  eax      ebx      ecx      edx
00:00:01.133552 Gst: 00000000/0000  0000000d 756e6547 6c65746e 49656e69
00:00:01.133555 Hst:                0000000d 756e6547 6c65746e 49656e69
00:00:01.133557 Gst: 00000001/0000  000306a9 00000800 d6ba220b 078bfbff
00:00:01.133559 Hst:                000306a9 00100800 7fbae3ff bfebfbff
00:00:01.133560 Gst: 00000002/0000  76035a01 00f0b2ff 00000000 00ca0000
00:00:01.133562 Hst:                76035a01 00f0b2ff 00000000 00ca0000
00:00:01.133564 Gst: 00000003/0000  00000000 00000000 00000000 00000000
00:00:01.133565 Hst:                00000000 00000000 00000000 00000000
00:00:01.133566 Gst: 00000004/0000  00000121 01c0003f 0000003f 00000000
00:00:01.133569 Hst:                1c004121 01c0003f 0000003f 00000000
00:00:01.133571 Gst: 00000004/0001  00000122 01c0003f 0000003f 00000000
00:00:01.133572 Hst:                1c004122 01c0003f 0000003f 00000000
00:00:01.133574 Gst: 00000004/0002  00000143 01c0003f 000001ff 00000000
00:00:01.133575 Hst:                1c004143 01c0003f 000001ff 00000000
00:00:01.133577 Gst: 00000004/0003  00000163 03c0003f 00001fff 00000006
00:00:01.133578 Hst:                1c03c163 03c0003f 00001fff 00000006
00:00:01.133580 Gst: 00000004/0004  00000000 00000000 00000000 00000000
00:00:01.133581 Hst:                00000000 00000000 00000000 00000000
00:00:01.133582 Gst: 00000005/0000  00000040 00000040 00000000 00000000
00:00:01.133583 Hst:                00000040 00000040 00000003 00001120
00:00:01.133585 Gst: 00000006/0000  00000000 00000000 00000000 00000000
00:00:01.133586 Hst:                00000077 00000002 00000009 00000000
00:00:01.133587 Gst: 00000007/0000  00000000 00000001 00000000 00000000
00:00:01.133588 Hst:                00000000 00000281 00000000 00000000
00:00:01.133590 Gst: 00000007/0001  00000000 00000000 00000000 00000000
00:00:01.133591 Hst:                00000000 00000000 00000000 00000000
00:00:01.133592 Gst: 00000008/0000  00000000 00000000 00000000 00000000
00:00:01.133593 Hst:                00000000 00000000 00000000 00000000
00:00:01.133594 Gst: 00000009/0000  00000000 00000000 00000000 00000000
00:00:01.133595 Hst:                00000000 00000000 00000000 00000000
00:00:01.133596 Gst: 0000000a/0000  00000000 00000000 00000000 00000000
00:00:01.133598 Hst:                07300403 00000000 00000000 00000603
00:00:01.133599 Gst: 0000000b/0000  00000000 00000001 00000100 00000000
00:00:01.133600 Hst:                00000001 00000002 00000100 00000000
00:00:01.133601 Gst: 0000000b/0001  00000001 00000001 00000201 00000000
00:00:01.133603 Hst:                00000004 00000008 00000201 00000000
00:00:01.133604 Gst: 0000000b/0002  00000000 00000000 00000002 00000000
00:00:01.133605 Hst:                00000000 00000000 00000002 00000000
00:00:01.133606 Gst: 0000000c/0000  00000000 00000000 00000000 00000000
00:00:01.133607 Hst:                00000000 00000000 00000000 00000000
00:00:01.133608 Gst: 0000000d/0000  00000007 00000340 00000340 00000000
00:00:01.133609 Hst:                00000007 00000340 00000340 00000000
00:00:01.133611 Gst: 0000000d/0001  00000000 00000000 00000000 00000000
00:00:01.133612 Hst:                00000001 00000000 00000000 00000000
00:00:01.133613 Gst: 0000000d/0002  00000100 00000240 00000000 00000000
00:00:01.133614 Hst:                00000100 00000240 00000000 00000000
00:00:01.133615 Gst: 0000000d/0003  00000000 00000000 00000000 00000000
00:00:01.133617 Hst:                00000000 00000000 00000000 00000000
00:00:01.133639                                Name: GenuineIntel
00:00:01.133641                            Supports: 0x00000000-0x0000000d
00:00:01.133644                              Family:  6 	Extended: 0 	Effective: 6
00:00:01.133646                               Model: 10 	Extended: 3 	Effective: 58
00:00:01.133648                            Stepping: 9
00:00:01.133649                                Type: 0 (primary)
00:00:01.133651                             APIC ID: 0x00
00:00:01.133652                        Logical CPUs: 0
00:00:01.133653                        CLFLUSH Size: 8
00:00:01.133654                            Brand ID: 0x00
00:00:01.133656 Features
00:00:01.133656   Mnemonic - Description                                  = guest (host)
00:00:01.133657   FPU - x87 FPU on Chip                                   = 1 (1)
00:00:01.133660   VME - Virtual 8086 Mode Enhancements                    = 1 (1)
00:00:01.133661   DE - Debugging extensions                               = 1 (1)
00:00:01.133663   PSE - Page Size Extension                               = 1 (1)
00:00:01.133665   TSC - Time Stamp Counter                                = 1 (1)
00:00:01.133667   MSR - Model Specific Registers                          = 1 (1)
00:00:01.133668   PAE - Physical Address Extension                        = 1 (1)
00:00:01.133670   MCE - Machine Check Exception                           = 1 (1)
00:00:01.133671   CX8 - CMPXCHG8B instruction                             = 1 (1)
00:00:01.133673   APIC - APIC On-Chip                                     = 1 (1)
00:00:01.133675   SEP - SYSENTER and SYSEXIT Present                      = 1 (1)
00:00:01.133676   MTRR - Memory Type Range Registers                      = 1 (1)
00:00:01.133678   PGE - PTE Global Bit                                    = 1 (1)
00:00:01.133680   MCA - Machine Check Architecture                        = 1 (1)
00:00:01.133681   CMOV - Conditional Move instructions                    = 1 (1)
00:00:01.133683   PAT - Page Attribute Table                              = 1 (1)
00:00:01.133684   PSE-36 - 36-bit Page Size Extension                     = 1 (1)
00:00:01.133686   PSN - Processor Serial Number                           = 0 (0)
00:00:01.133687   CLFSH - CLFLUSH instruction                             = 1 (1)
00:00:01.133689   DS - Debug Store                                        = 0 (1)
00:00:01.133691   ACPI - Thermal Mon. & Soft. Clock Ctrl.                 = 0 (1)
00:00:01.133692   MMX - Intel MMX Technology                              = 1 (1)
00:00:01.133694   FXSR - FXSAVE and FXRSTOR instructions                  = 1 (1)
00:00:01.133697   SSE - SSE support                                       = 1 (1)
00:00:01.133698   SSE2 - SSE2 support                                     = 1 (1)
00:00:01.133700   SS - Self Snoop                                         = 0 (1)
00:00:01.133702   HTT - Hyper-Threading Technology                        = 0 (1)
00:00:01.133703   TM - Therm. Monitor                                     = 0 (1)
00:00:01.133705   PBE - Pending Break Enabled                             = 0 (1)
00:00:01.133707   SSE3 - SSE3 support                                     = 1 (1)
00:00:01.133709   PCLMUL - PCLMULQDQ support (for AES-GCM)                = 1 (1)
00:00:01.133710   DTES64 - DS Area 64-bit Layout                          = 0 (1)
00:00:01.133712   MONITOR - MONITOR/MWAIT instructions                    = 1 (1)
00:00:01.133713   CPL-DS - CPL Qualified Debug Store                      = 0 (1)
00:00:01.133715   VMX - Virtual Machine Extensions                        = 0 (1)
00:00:01.133716   SMX - Safer Mode Extensions                             = 0 (1)
00:00:01.133718   EST - Enhanced SpeedStep Technology                     = 0 (1)
00:00:01.133719   TM2 - Terminal Monitor 2                                = 0 (1)
00:00:01.133721   SSSE3 - Supplemental Streaming SIMD Extensions 3        = 1 (1)
00:00:01.133722   CNTX-ID - L1 Context ID                                 = 0 (0)
00:00:01.133724   SDBG - Silicon Debug interface                          = 0 (0)
00:00:01.133725   FMA - Fused Multiply Add extensions                     = 0 (0)
00:00:01.133727   CX16 - CMPXCHG16B instruction                           = 1 (1)
00:00:01.133728   TPRUPDATE - xTPR Update Control                         = 0 (1)
00:00:01.133730   PDCM - Perf/Debug Capability MSR                        = 0 (1)
00:00:01.133732   PCID - Process Context Identifiers                      = 1 (1)
00:00:01.133733   DCA - Direct Cache Access                               = 0 (0)
00:00:01.133735   SSE4_1 - SSE4_1 support                                 = 1 (1)
00:00:01.133736   SSE4_2 - SSE4_2 support                                 = 1 (1)
00:00:01.133738   X2APIC - x2APIC support                                 = 1 (1)
00:00:01.133740   MOVBE - MOVBE instruction                               = 0 (0)
00:00:01.133741   POPCNT - POPCNT instruction                             = 1 (1)
00:00:01.133743   TSCDEADL - Time Stamp Counter Deadline                  = 0 (1)
00:00:01.133744   AES - AES instructions                                  = 1 (1)
00:00:01.133746   XSAVE - XSAVE instruction                               = 1 (1)
00:00:01.133748   OSXSAVE - OSXSAVE instruction                           = 0 (1)
00:00:01.133749   AVX - AVX support                                       = 1 (1)
00:00:01.133751   F16C - 16-bit floating point conversion instructions    = 0 (1)
00:00:01.133752   RDRAND - RDRAND instruction                             = 1 (1)
00:00:01.133754   HVP - Hypervisor Present (we're a guest)                = 1 (0)
00:00:01.133755 Structured Extended Feature Flags Enumeration (leaf 7):
00:00:01.133756   Mnemonic - Description                                  = guest (host)
00:00:01.133757   FSGSBASE - RDFSBASE/RDGSBASE/WRFSBASE/WRGSBASE instr.   = 1 (1)
00:00:01.133758   TSCADJUST - Supports MSR_IA32_TSC_ADJUST                = 0 (0)
00:00:01.133760   SGX - Supports Software Guard Extensions                = 0 (0)
00:00:01.133761   BMI1 - Advanced Bit Manipulation extension 1            = 0 (0)
00:00:01.133762   HLE - Hardware Lock Elision                             = 0 (0)
00:00:01.133764   AVX2 - Advanced Vector Extensions 2                     = 0 (0)
00:00:01.133766   FDP_EXCPTN_ONLY - FPU DP only updated on exceptions     = 0 (0)
00:00:01.133767   SMEP - Supervisor Mode Execution Prevention             = 0 (1)
00:00:01.133768   BMI2 - Advanced Bit Manipulation extension 2            = 0 (0)
00:00:01.133770   ERMS - Enhanced REP MOVSB/STOSB instructions            = 0 (1)
00:00:01.133771   INVPCID - INVPCID instruction                           = 0 (0)
00:00:01.133772   RTM - Restricted Transactional Memory                   = 0 (0)
00:00:01.133774   PQM - Platform Quality of Service Monitoring            = 0 (0)
00:00:01.133775   DEPFPU_CS_DS - Deprecates FPU CS, FPU DS values if set  = 0 (0)
00:00:01.133776   MPE - Intel Memory Protection Extensions                = 0 (0)
00:00:01.133778   PQE - Platform Quality of Service Enforcement           = 0 (0)
00:00:01.133779   AVX512F - AVX512 Foundation instructions                = 0 (0)
00:00:01.133781   RDSEED - RDSEED instruction                             = 0 (0)
00:00:01.133782   ADX - ADCX/ADOX instructions                            = 0 (0)
00:00:01.133784   SMAP - Supervisor Mode Access Prevention                = 0 (0)
00:00:01.133785   CLFLUSHOPT - CLFLUSHOPT (Cache Line Flush) instruction  = 0 (0)
00:00:01.133786   INTEL_PT - Intel Processor Trace                        = 0 (0)
00:00:01.133788   AVX512PF - AVX512 Prefetch instructions                 = 0 (0)
00:00:01.133790   AVX512ER - AVX512 Exponential & Reciprocal instructions = 0 (0)
00:00:01.133791   AVX512CD - AVX512 Conflict Detection instructions       = 0 (0)
00:00:01.133792   SHA - Secure Hash Algorithm extensions                  = 0 (0)
00:00:01.133794   PREFETCHWT1 - PREFETCHWT1 instruction                   = 0 (0)
00:00:01.133795   UMIP - User mode insturction prevention                 = 0 (0)
00:00:01.133797   PKU - Protection Key for Usermode pages                 = 0 (0)
00:00:01.133798   OSPKE - CR4.PKU mirror                                  = 0 (0)
00:00:01.133800   MAWAU - Value used by BNDLDX & BNDSTX                   = 0x0 (0x0)
00:00:01.133802   RDPID - Read processor ID support                       = 0 (0)
00:00:01.133803   SGX_LC - Supports SGX Launch Configuration              = 0 (0)
00:00:01.133805 Processor Extended State Enumeration (leaf 0xd):
00:00:01.133806    XSAVE area cur/max size by XCR0, guest: 0x340/0x340
00:00:01.133807     XSAVE area cur/max size by XCR0, host: 0x340/0x340
00:00:01.133808                    Valid XCR0 bits, guest: 0x00000000`00000007 ( x87 SSE YMM_Hi128 )
00:00:01.133811                     Valid XCR0 bits, host: 0x00000000`00000007 ( x87 SSE YMM_Hi128 )
00:00:01.133814                     XSAVE features, guest:
00:00:01.133816                      XSAVE features, host: XSAVEOPT
00:00:01.133817       XSAVE area cur size XCR0|XSS, guest: 0x0
00:00:01.133818        XSAVE area cur size XCR0|XSS, host: 0x0
00:00:01.133819                Valid IA32_XSS bits, guest: 0x00000000`00000000
00:00:01.133820                 Valid IA32_XSS bits, host: 0x00000000`00000000
00:00:01.133822   State #2, guest: off=0x0240, cb=0x0100 IA32_XSS-bit -- YMM_Hi128
00:00:01.133824   State #2, host:  off=0x0240, cb=0x0100 IA32_XSS-bit -- YMM_Hi128
00:00:01.133837          Raw Hypervisor CPUID Leaves
00:00:01.133838      Leaf/sub-leaf  eax      ebx      ecx      edx
00:00:01.133839 Gst: 40000000/0000  40000001 4b4d564b 564b4d56 0000004d
00:00:01.133841 Hst:                00000007 00000340 00000340 00000000
00:00:01.133842 Gst: 40000001/0000  01000089 00000000 00000000 00000000
00:00:01.133844 Hst:                00000007 00000340 00000340 00000000
00:00:01.133845          Raw Extended CPUID Leaves
00:00:01.133846      Leaf/sub-leaf  eax      ebx      ecx      edx
00:00:01.133846 Gst: 80000000/0000  80000008 00000000 00000000 00000000
00:00:01.133848 Hst:                80000008 00000000 00000000 00000000
00:00:01.133849 Gst: 80000001/0000  00000000 00000000 00000001 28100800
00:00:01.133851 Hst:                00000000 00000000 00000001 28100800
00:00:01.133852 Gst: 80000002/0000  20202020 6e492020 286c6574 58202952
00:00:01.133854 Hst:                20202020 6e492020 286c6574 58202952
00:00:01.133856 Gst: 80000003/0000  286e6f65 43202952 45205550 32312d33
00:00:01.133858 Hst:                286e6f65 43202952 45205550 32312d33
00:00:01.133860 Gst: 80000004/0000  56203037 20402032 30352e33 007a4847
00:00:01.133861 Hst:                56203037 20402032 30352e33 007a4847
00:00:01.133863 Gst: 80000005/0000  00000000 00000000 00000000 00000000
00:00:01.133864 Hst:                00000000 00000000 00000000 00000000
00:00:01.133865 Gst: 80000006/0000  00000000 00000000 01006040 00000000
00:00:01.133867 Hst:                00000000 00000000 01006040 00000000
00:00:01.133868 Gst: 80000007/0000  00000000 00000000 00000000 00000100
00:00:01.133869 Hst:                00000000 00000000 00000000 00000100
00:00:01.133871 Gst: 80000008/0000  00003024 00000000 00000000 00000000
00:00:01.133872 Hst:                00003024 00000000 00000000 00000000
00:00:01.133873 Ext Name:                        
00:00:01.133874 Ext Supports:                    0x80000000-0x80000008
00:00:01.133875 Family:                          0  	Extended: 0 	Effective: 0
00:00:01.133876 Model:                           0  	Extended: 0 	Effective: 0
00:00:01.133877 Stepping:                        0
00:00:01.133878 Brand ID:                        0x000
00:00:01.133879 Ext Features
00:00:01.133879   Mnemonic - Description                                  = guest (host)
00:00:01.133880   FPU - x87 FPU on Chip                                   = 0 (0)
00:00:01.133882   VME - Virtual 8086 Mode Enhancements                    = 0 (0)
00:00:01.133883   DE - Debugging extensions                               = 0 (0)
00:00:01.133885   PSE - Page Size Extension                               = 0 (0)
00:00:01.133887   TSC - Time Stamp Counter                                = 0 (0)
00:00:01.133888   MSR - K86 Model Specific Registers                      = 0 (0)
00:00:01.133890   PAE - Physical Address Extension                        = 0 (0)
00:00:01.133891   MCE - Machine Check Exception                           = 0 (0)
00:00:01.133893   CX8 - CMPXCHG8B instruction                             = 0 (0)
00:00:01.133894   APIC - APIC On-Chip                                     = 0 (0)
00:00:01.133896   SEP - SYSCALL/SYSRET                                    = 1 (1)
00:00:01.133898   MTRR - Memory Type Range Registers                      = 0 (0)
00:00:01.133899   PGE - PTE Global Bit                                    = 0 (0)
00:00:01.133901   MCA - Machine Check Architecture                        = 0 (0)
00:00:01.133902   CMOV - Conditional Move instructions                    = 0 (0)
00:00:01.133904   PAT - Page Attribute Table                              = 0 (0)
00:00:01.133905   PSE-36 - 36-bit Page Size Extension                     = 0 (0)
00:00:01.133907   NX - No-Execute/Execute-Disable                         = 1 (1)
00:00:01.133908   AXMMX - AMD Extensions to MMX instructions              = 0 (0)
00:00:01.133910   MMX - Intel MMX Technology                              = 0 (0)
00:00:01.133911   FXSR - FXSAVE and FXRSTOR Instructions                  = 0 (0)
00:00:01.133913   FFXSR - AMD fast FXSAVE and FXRSTOR instructions        = 0 (0)
00:00:01.133914   Page1GB - 1 GB large page                               = 0 (0)
00:00:01.133916   RDTSCP - RDTSCP instruction                             = 1 (1)
00:00:01.133917   LM - AMD64 Long Mode                                    = 1 (1)
00:00:01.133919   3DNOWEXT - AMD Extensions to 3DNow                      = 0 (0)
00:00:01.133920   3DNOW - AMD 3DNow                                       = 0 (0)
00:00:01.133922   LahfSahf - LAHF/SAHF support in 64-bit mode             = 1 (1)
00:00:01.133924   CmpLegacy - Core multi-processing legacy mode           = 0 (0)
00:00:01.133925   SVM - AMD Secure Virtual Machine extensions             = 0 (0)
00:00:01.133926   EXTAPIC - AMD Extended APIC registers                   = 0 (0)
00:00:01.133928   CR8L - AMD LOCK MOV CR0 means MOV CR8                   = 0 (0)
00:00:01.133929   ABM - AMD Advanced Bit Manipulation                     = 0 (0)
00:00:01.133931   SSE4A - SSE4A instructions                              = 0 (0)
00:00:01.133932   MISALIGNSSE - AMD Misaligned SSE mode                   = 0 (0)
00:00:01.133934   3DNOWPRF - AMD PREFETCH and PREFETCHW instructions      = 0 (0)
00:00:01.133935   OSVW - AMD OS Visible Workaround                        = 0 (0)
00:00:01.133936   IBS - Instruct Based Sampling                           = 0 (0)
00:00:01.133938   XOP - Extended Operation support                        = 0 (0)
00:00:01.133939   SKINIT - SKINIT, STGI, and DEV support                  = 0 (0)
00:00:01.133941   WDT - AMD Watchdog Timer support                        = 0 (0)
00:00:01.133942   LWP - Lightweight Profiling support                     = 0 (0)
00:00:01.133944   FMA4 - Four operand FMA instruction support             = 0 (0)
00:00:01.133945   NodeId - NodeId in MSR C001_100C                        = 0 (0)
00:00:01.133947   TBM - Trailing Bit Manipulation instructions            = 0 (0)
00:00:01.133948   TOPOEXT - Topology Extensions                           = 0 (0)
00:00:01.133950 Full Name:                       "      Intel(R) Xeon(R) CPU E3-1270 V2 @ 3.50GHz"
00:00:01.133951 TLB 2/4M Instr/Uni:              res0     0 entries
00:00:01.133952 TLB 2/4M Data:                   res0     0 entries
00:00:01.133953 TLB 4K Instr/Uni:                res0     0 entries
00:00:01.133954 TLB 4K Data:                     res0     0 entries
00:00:01.133955 L1 Instr Cache Line Size:        0 bytes
00:00:01.133955 L1 Instr Cache Lines Per Tag:    0
00:00:01.133956 L1 Instr Cache Associativity:    res0  
00:00:01.133957 L1 Instr Cache Size:             0 KB
00:00:01.133957 L1 Data Cache Line Size:         0 bytes
00:00:01.133958 L1 Data Cache Lines Per Tag:     0
00:00:01.133959 L1 Data Cache Associativity:     res0  
00:00:01.133959 L1 Data Cache Size:              0 KB
00:00:01.133962 L2 TLB 2/4M Instr/Uni:           off       0 entries
00:00:01.133963 L2 TLB 2/4M Data:                off       0 entries
00:00:01.133964 L2 TLB 4K Instr/Uni:             off       0 entries
00:00:01.133964 L2 TLB 4K Data:                  off       0 entries
00:00:01.133965 L2 Cache Line Size:              0 bytes
00:00:01.133966 L2 Cache Lines Per Tag:          0
00:00:01.133966 L2 Cache Associativity:          off   
00:00:01.133967 L2 Cache Size:                   0 KB
00:00:01.133968 APM Features:                    TscInvariant
00:00:01.133969 Host Invariant-TSC support:      true 
00:00:01.133970 Physical Address Width:          36 bits
00:00:01.133971 Virtual Address Width:           48 bits
00:00:01.133972 Guest Physical Address Width:    0 bits
00:00:01.133972 Physical Core Count:             1
00:00:01.133973 
00:00:01.133974 ******************** End of CPUID dump **********************
00:00:01.167820 PcBios: SATA LUN#0 LCHS=5221/255/63
00:00:01.167854 APIC: fPostedIntrsEnabled=false fVirtApicRegsEnabled=false fSupportsTscDeadline=false
00:00:01.167866 TMR3UtcNow: nsNow=1 756 282 430 795 338 200 nsPrev=0 -> cNsDelta=1 756 282 430 795 338 200 (offLag=0 offVirtualSync=0 offVirtualSyncGivenUp=0, NowAgain=1 756 282 430 795 338 200)
00:00:01.167884 VMEmt: Halt method global1 (5)
00:00:01.167904 VMEmt: HaltedGlobal1 config: cNsSpinBlockThresholdCfg=125000
00:00:01.167913 Changing the VM state from 'CREATING' to 'CREATED'
00:00:01.169682 Changing the VM state from 'CREATED' to 'POWERING_ON'
00:00:01.169725 AIOMgr: Endpoints without assigned bandwidth groups:
00:00:01.169736 AIOMgr:     C:\VirtualBox\VMs\ubuntu-server\ubuntu-server.vdi
00:00:01.169914 Changing the VM state from 'POWERING_ON' to 'RUNNING'
00:00:01.169929 Console: Machine state changed to 'Running'
00:00:01.173002 VMMDev: Guest Log: BIOS: VirtualBox 5.2.20
00:00:01.173144 PCI: setting up resources and interrupts
00:00:01.173991 PIT: mode=2 count=0x10000 (65536) - 18.20 Hz (ch=0)
00:00:01.191646 Display::handleDisplayResize: uScreenId=0 pvVRAM=0000000000000000 w=720 h=400 bpp=0 cbLine=0x0 flags=0x0
00:00:01.193955 VMMDev: Guest Log: CPUID EDX: 0x078bfbff
00:00:01.194080 PIIX3 ATA: Ctl#1: RESET, DevSel=0 AIOIf=0 CmdIf0=0x00 (-1 usec ago) CmdIf1=0x00 (-1 usec ago)
00:00:01.194136 PIIX3 ATA: Ctl#1: finished processing RESET
00:00:01.212160 AHCI#0: Reset the HBA
00:00:01.212182 VD#0: Cancelling all active requests
00:00:01.212275 AHCI#0: Port 0 reset
00:00:01.212332 VD#0: Cancelling all active requests
00:00:01.213500 VMMDev: Guest Log: BIOS: AHCI 0-P#0: PCHS=16383/16/63 LCHS=1024/255/63 0x0000000005000000 sectors
00:00:01.215500 PIT: mode=2 count=0x48d3 (18643) - 64.00 Hz (ch=0)
00:00:01.231626 Display::handleDisplayResize: uScreenId=0 pvVRAM=0000000006d70000 w=640 h=480 bpp=32 cbLine=0xA00 flags=0x0
00:00:03.700939 PIT: mode=2 count=0x10000 (65536) - 18.20 Hz (ch=0)
00:00:03.701487 VMMDev: Guest Log: BIOS: Boot : bseqnr=1, bootseq=0231
00:00:03.701923 VMMDev: Guest Log: BIOS: Boot from Floppy 0 failed
00:00:03.702401 VMMDev: Guest Log: BIOS: Boot : bseqnr=2, bootseq=0023
00:00:03.703475 VMMDev: Guest Log: BIOS: CDROM boot failure code : 0003
00:00:03.703869 VMMDev: Guest Log: BIOS: Boot from CD-ROM failed
00:00:03.704344 VMMDev: Guest Log: BIOS: Boot : bseqnr=3, bootseq=0002
00:00:03.708055 Display::handleDisplayResize: uScreenId=0 pvVRAM=0000000000000000 w=720 h=400 bpp=0 cbLine=0x0 flags=0x0
00:00:03.723550 VMMDev: Guest Log: BIOS: Booting from Hard Disk...
00:00:04.170030 Display::handleDisplayResize: uScreenId=0 pvVRAM=0000000006d70000 w=640 h=480 bpp=32 cbLine=0xA00 flags=0x0
00:00:04.190087 Display::handleDisplayResize: uScreenId=0 pvVRAM=0000000006e9c000 w=640 h=480 bpp=32 cbLine=0xA00 flags=0x0
00:00:05.190117 Display::handleDisplayResize: uScreenId=0 pvVRAM=0000000006d70000 w=640 h=480 bpp=32 cbLine=0xA00 flags=0x0
00:00:06.190246 Display::handleDisplayResize: uScreenId=0 pvVRAM=0000000006e9c000 w=640 h=480 bpp=32 cbLine=0xA00 flags=0x0
00:00:07.190413 Display::handleDisplayResize: uScreenId=0 pvVRAM=0000000006d70000 w=640 h=480 bpp=32 cbLine=0xA00 flags=0x0
00:00:08.190516 Display::handleDisplayResize: uScreenId=0 pvVRAM=0000000006e9c000 w=640 h=480 bpp=32 cbLine=0xA00 flags=0x0
00:00:09.190633 Display::handleDisplayResize: uScreenId=0 pvVRAM=0000000006d70000 w=640 h=480 bpp=32 cbLine=0xA00 flags=0x0
00:00:10.190761 Display::handleDisplayResize: uScreenId=0 pvVRAM=0000000006e9c000 w=640 h=480 bpp=32 cbLine=0xA00 flags=0x0
00:00:11.200882 Display::handleDisplayResize: uScreenId=0 pvVRAM=0000000006d70000 w=640 h=480 bpp=32 cbLine=0xA00 flags=0x0
00:00:12.201024 Display::handleDisplayResize: uScreenId=0 pvVRAM=0000000006e9c000 w=640 h=480 bpp=32 cbLine=0xA00 flags=0x0
00:00:13.201152 Display::handleDisplayResize: uScreenId=0 pvVRAM=0000000006d70000 w=640 h=480 bpp=32 cbLine=0xA00 flags=0x0
00:00:14.201281 Display::handleDisplayResize: uScreenId=0 pvVRAM=0000000006e9c000 w=640 h=480 bpp=32 cbLine=0xA00 flags=0x0
00:00:15.201432 Display::handleDisplayResize: uScreenId=0 pvVRAM=0000000006d70000 w=640 h=480 bpp=32 cbLine=0xA00 flags=0x0
00:00:16.201538 Display::handleDisplayResize: uScreenId=0 pvVRAM=0000000006e9c000 w=640 h=480 bpp=32 cbLine=0xA00 flags=0x0
00:00:17.201659 Display::handleDisplayResize: uScreenId=0 pvVRAM=0000000006d70000 w=640 h=480 bpp=32 cbLine=0xA00 flags=0x0
00:00:18.201319 Display::handleDisplayResize: uScreenId=0 pvVRAM=0000000006e9c000 w=640 h=480 bpp=32 cbLine=0xA00 flags=0x0
00:00:19.191913 Display::handleDisplayResize: uScreenId=0 pvVRAM=0000000006d70000 w=640 h=480 bpp=32 cbLine=0xA00 flags=0x0
00:00:20.212047 Display::handleDisplayResize: uScreenId=0 pvVRAM=0000000006e9c000 w=640 h=480 bpp=32 cbLine=0xA00 flags=0x0
00:00:21.212188 Display::handleDisplayResize: uScreenId=0 pvVRAM=0000000006d70000 w=640 h=480 bpp=32 cbLine=0xA00 flags=0x0
00:00:22.212294 Display::handleDisplayResize: uScreenId=0 pvVRAM=0000000006e9c000 w=640 h=480 bpp=32 cbLine=0xA00 flags=0x0
00:00:23.212423 Display::handleDisplayResize: uScreenId=0 pvVRAM=0000000006d70000 w=640 h=480 bpp=32 cbLine=0xA00 flags=0x0
00:00:24.212564 Display::handleDisplayResize: uScreenId=0 pvVRAM=0000000006e9c000 w=640 h=480 bpp=32 cbLine=0xA00 flags=0x0
00:00:25.212704 Display::handleDisplayResize: uScreenId=0 pvVRAM=0000000006d70000 w=640 h=480 bpp=32 cbLine=0xA00 flags=0x0
00:00:26.212829 Display::handleDisplayResize: uScreenId=0 pvVRAM=0000000006e9c000 w=640 h=480 bpp=32 cbLine=0xA00 flags=0x0
00:00:27.202953 Display::handleDisplayResize: uScreenId=0 pvVRAM=0000000006d70000 w=640 h=480 bpp=32 cbLine=0xA00 flags=0x0
00:00:28.203074 Display::handleDisplayResize: uScreenId=0 pvVRAM=0000000006e9c000 w=640 h=480 bpp=32 cbLine=0xA00 flags=0x0
00:00:29.203202 Display::handleDisplayResize: uScreenId=0 pvVRAM=0000000006d70000 w=640 h=480 bpp=32 cbLine=0xA00 flags=0x0
00:00:30.203336 Display::handleDisplayResize: uScreenId=0 pvVRAM=0000000006e9c000 w=640 h=480 bpp=32 cbLine=0xA00 flags=0x0
00:00:31.203436 Display::handleDisplayResize: uScreenId=0 pvVRAM=0000000006d70000 w=640 h=480 bpp=32 cbLine=0xA00 flags=0x0
00:00:32.223599 Display::handleDisplayResize: uScreenId=0 pvVRAM=0000000006e9c000 w=640 h=480 bpp=32 cbLine=0xA00 flags=0x0
00:00:33.223695 Display::handleDisplayResize: uScreenId=0 pvVRAM=0000000006d70000 w=640 h=480 bpp=32 cbLine=0xA00 flags=0x0
00:00:34.223846 Display::handleDisplayResize: uScreenId=0 pvVRAM=0000000006e9c000 w=640 h=480 bpp=32 cbLine=0xA00 flags=0x0
00:00:35.954059 Display::handleDisplayResize: uScreenId=0 pvVRAM=0000000000000000 w=720 h=400 bpp=0 cbLine=0x0 flags=0x0
00:00:36.311972 GIM: KVM: VCPU  0: Enabled system-time struct. at 0x0000000026602000 - u32TscScale=0x9248e134 i8TscShift=-1 uVersion=2 fFlags=0x1 uTsc=0x1ca310e8a5 uVirtNanoTS=0x82e9df5af
00:00:36.312016 TM: Switching TSC mode from 'Dynamic' to 'RealTscOffset'
00:00:36.336078 GIM: KVM: Enabled wall-clock struct. at 0x0000000026601000 - u32Sec=1756282465 u32Nano=963804000 uVersion=2
00:00:36.368468 PIT: mode=2 count=0x4a9 (1193) - 1000.15 Hz (ch=0)
00:00:36.368924 APIC0: Switched mode to x2APIC
00:00:36.514417 PIT: mode=0 count=0x10000 (65536) - 18.20 Hz (ch=0)
00:00:36.635556 OHCI: Software reset
00:00:36.716414 PIIX3 ATA: Ctl#0: RESET, DevSel=0 AIOIf=0 CmdIf0=0x00 (-1 usec ago) CmdIf1=0x00 (-1 usec ago)
00:00:36.716523 PIIX3 ATA: Ctl#0: finished processing RESET
00:00:36.716760 PIIX3 ATA: Ctl#1: RESET, DevSel=0 AIOIf=0 CmdIf0=0xa0 (-1 usec ago) CmdIf1=0x00 (-1 usec ago)
00:00:36.716831 PIIX3 ATA: Ctl#1: finished processing RESET
00:00:36.726419 OHCI: USB Reset
00:00:36.780232 OHCI: Software reset
00:00:36.780356 OHCI: USB Operational
00:00:36.894379 IEM: rdmsr(0xc0011029) -> #GP(0)
00:00:37.249715 AHCI#0: Reset the HBA
00:00:37.249747 VD#0: Cancelling all active requests
00:00:37.255165 AHCI#0: Port 0 reset
00:00:37.257417 VD#0: Cancelling all active requests
00:00:37.721334 VBVA: InfoScreen: [0] @0,0 1024x768, line 0x1000, BPP 32, flags 0x1
00:00:37.721384 Display::handleDisplayResize: uScreenId=0 pvVRAM=0000000006d70000 w=1024 h=768 bpp=32 cbLine=0x1000 flags=0x1
00:00:37.721632 VBVA: InfoScreen: [0] @0,0 1024x768, line 0x1000, BPP 32, flags 0x1
00:00:37.721654 Display::handleDisplayResize: uScreenId=0 pvVRAM=0000000006d70000 w=1024 h=768 bpp=32 cbLine=0x1000 flags=0x1
00:00:37.721971 VBVA: InfoScreen: [0] @0,0 1024x768, line 0x1000, BPP 32, flags 0x1
00:00:37.721993 Display::handleDisplayResize: uScreenId=0 pvVRAM=0000000006d70000 w=1024 h=768 bpp=32 cbLine=0x1000 flags=0x1
00:00:37.724541 VBVA: InfoScreen: [0] @0,0 1024x768, line 0x1000, BPP 32, flags 0x1
00:00:37.724581 Display::handleDisplayResize: uScreenId=0 pvVRAM=0000000006d70000 w=1024 h=768 bpp=32 cbLine=0x1000 flags=0x1
00:00:37.725648 VBVA: InfoScreen: [0] @0,0 1024x768, line 0x1000, BPP 32, flags 0x1
00:00:37.725672 Display::handleDisplayResize: uScreenId=0 pvVRAM=0000000006d70000 w=1024 h=768 bpp=32 cbLine=0x1000 flags=0x1
00:00:37.727580 VBVA: InfoScreen: [0] @0,0 1024x768, line 0x1000, BPP 32, flags 0x1
00:00:37.727612 Display::handleDisplayResize: uScreenId=0 pvVRAM=0000000006d70000 w=1024 h=768 bpp=32 cbLine=0x1000 flags=0x1
00:00:37.729469 VBVA: InfoScreen: [0] @0,0 1024x768, line 0x1000, BPP 32, flags 0x1
00:00:37.729493 Display::handleDisplayResize: uScreenId=0 pvVRAM=0000000006d70000 w=1024 h=768 bpp=32 cbLine=0x1000 flags=0x1
00:00:37.729684 VBVA: InfoScreen: [0] @0,0 1024x768, line 0x1000, BPP 32, flags 0x1
00:00:37.729705 Display::handleDisplayResize: uScreenId=0 pvVRAM=0000000006d70000 w=1024 h=768 bpp=32 cbLine=0x1000 flags=0x1
00:00:37.729922 VBVA: InfoScreen: [0] @0,0 1024x768, line 0x1000, BPP 32, flags 0x1
00:00:37.729942 Display::handleDisplayResize: uScreenId=0 pvVRAM=0000000006d70000 w=1024 h=768 bpp=32 cbLine=0x1000 flags=0x1
00:00:37.730113 VBVA: InfoScreen: [0] @0,0 1024x768, line 0x1000, BPP 32, flags 0x1
00:00:37.730132 Display::handleDisplayResize: uScreenId=0 pvVRAM=0000000006d70000 w=1024 h=768 bpp=32 cbLine=0x1000 flags=0x1
00:00:37.730398 VBVA: InfoScreen: [0] @0,0 1024x768, line 0x1000, BPP 32, flags 0x1
00:00:37.730418 Display::handleDisplayResize: uScreenId=0 pvVRAM=0000000006d70000 w=1024 h=768 bpp=32 cbLine=0x1000 flags=0x1
00:00:37.901970 VBVA: InfoScreen: [0] @0,0 1024x768, line 0x1000, BPP 32, flags 0x1
00:00:37.902022 Display::handleDisplayResize: uScreenId=0 pvVRAM=0000000006d70000 w=1024 h=768 bpp=32 cbLine=0x1000 flags=0x1
00:00:37.984421 VBVA: InfoScreen: [0] @0,0 1024x768, line 0x1000, BPP 32, flags 0x1
00:00:37.984467 Display::handleDisplayResize: uScreenId=0 pvVRAM=0000000006d70000 w=1024 h=768 bpp=32 cbLine=0x1000 flags=0x1
00:00:37.984966 VBVA: InfoScreen: [0] @0,0 1024x768, line 0x1000, BPP 32, flags 0x1
00:00:37.984991 Display::handleDisplayResize: uScreenId=0 pvVRAM=0000000006d70000 w=1024 h=768 bpp=32 cbLine=0x1000 flags=0x1
00:00:37.989604 VBVA: InfoScreen: [0] @0,0 1024x768, line 0x1000, BPP 32, flags 0x1
00:00:37.989631 Display::handleDisplayResize: uScreenId=0 pvVRAM=0000000006d70000 w=1024 h=768 bpp=32 cbLine=0x1000 flags=0x1
00:00:37.991741 VBVA: InfoScreen: [0] @0,0 1024x768, line 0x1000, BPP 32, flags 0x1
00:00:37.991784 Display::handleDisplayResize: uScreenId=0 pvVRAM=0000000006d70000 w=1024 h=768 bpp=32 cbLine=0x1000 flags=0x1
00:00:38.110454 VBVA: InfoScreen: [0] @0,0 1024x768, line 0x1000, BPP 32, flags 0x1
00:00:38.110491 Display::handleDisplayResize: uScreenId=0 pvVRAM=0000000006d70000 w=1024 h=768 bpp=32 cbLine=0x1000 flags=0x1
00:00:38.121030 VBVA: InfoScreen: [0] @0,0 1024x768, line 0x1000, BPP 32, flags 0x1
00:00:38.121057 Display::handleDisplayResize: uScreenId=0 pvVRAM=0000000006d70000 w=1024 h=768 bpp=32 cbLine=0x1000 flags=0x1
00:00:38.121487 VBVA: InfoScreen: [0] @0,0 1024x768, line 0x1000, BPP 32, flags 0x1
00:00:38.121510 Display::handleDisplayResize: uScreenId=0 pvVRAM=0000000006d70000 w=1024 h=768 bpp=32 cbLine=0x1000 flags=0x1
00:00:38.222022 VBVA: InfoScreen: [0] @0,0 1024x768, line 0x1000, BPP 32, flags 0x1
00:00:38.222063 Display::handleDisplayResize: uScreenId=0 pvVRAM=0000000006d70000 w=1024 h=768 bpp=32 cbLine=0x1000 flags=0x1
00:00:38.224382 VBVA: InfoScreen: [0] @0,0 1024x768, line 0x1000, BPP 32, flags 0x1
00:00:38.224404 Display::handleDisplayResize: uScreenId=0 pvVRAM=0000000006d70000 w=1024 h=768 bpp=32 cbLine=0x1000 flags=0x1
00:00:38.226544 VBVA: InfoScreen: [0] @0,0 1024x768, line 0x1000, BPP 32, flags 0x1
00:00:38.226565 Display::handleDisplayResize: uScreenId=0 pvVRAM=0000000006d70000 w=1024 h=768 bpp=32 cbLine=0x1000 flags=0x1
00:00:38.257524 VBVA: InfoScreen: [0] @0,0 1024x768, line 0x1000, BPP 32, flags 0x1
00:00:38.257562 Display::handleDisplayResize: uScreenId=0 pvVRAM=0000000006d70000 w=1024 h=768 bpp=32 cbLine=0x1000 flags=0x1
00:00:38.257743 VBVA: InfoScreen: [0] @0,0 1024x768, line 0x1000, BPP 32, flags 0x1
00:00:38.257761 Display::handleDisplayResize: uScreenId=0 pvVRAM=0000000006d70000 w=1024 h=768 bpp=32 cbLine=0x1000 flags=0x1
00:00:38.257933 VBVA: InfoScreen: [0] @0,0 1024x768, line 0x1000, BPP 32, flags 0x1
00:00:38.257950 Display::handleDisplayResize: uScreenId=0 pvVRAM=0000000006d70000 w=1024 h=768 bpp=32 cbLine=0x1000 flags=0x1
00:00:38.258059 VBVA: InfoScreen: [0] @0,0 1024x768, line 0x1000, BPP 32, flags 0x1
00:00:38.258074 Display::handleDisplayResize: uScreenId=0 pvVRAM=0000000006d70000 w=1024 h=768 bpp=32 cbLine=0x1000 flags=0x1
00:00:38.258180 VBVA: InfoScreen: [0] @0,0 1024x768, line 0x1000, BPP 32, flags 0x1
00:00:38.258195 Display::handleDisplayResize: uScreenId=0 pvVRAM=0000000006d70000 w=1024 h=768 bpp=32 cbLine=0x1000 flags=0x1
00:00:38.260198 VBVA: InfoScreen: [0] @0,0 1024x768, line 0x1000, BPP 32, flags 0x1
00:00:38.260218 Display::handleDisplayResize: uScreenId=0 pvVRAM=0000000006d70000 w=1024 h=768 bpp=32 cbLine=0x1000 flags=0x1
00:00:38.260342 VBVA: InfoScreen: [0] @0,0 1024x768, line 0x1000, BPP 32, flags 0x1
00:00:38.260357 Display::handleDisplayResize: uScreenId=0 pvVRAM=0000000006d70000 w=1024 h=768 bpp=32 cbLine=0x1000 flags=0x1
00:00:38.260466 VBVA: InfoScreen: [0] @0,0 1024x768, line 0x1000, BPP 32, flags 0x1
00:00:38.260481 Display::handleDisplayResize: uScreenId=0 pvVRAM=0000000006d70000 w=1024 h=768 bpp=32 cbLine=0x1000 flags=0x1
00:00:38.266472 VBVA: InfoScreen: [0] @0,0 1024x768, line 0x1000, BPP 32, flags 0x1
00:00:38.266493 Display::handleDisplayResize: uScreenId=0 pvVRAM=0000000006d70000 w=1024 h=768 bpp=32 cbLine=0x1000 flags=0x1
00:00:38.266608 VBVA: InfoScreen: [0] @0,0 1024x768, line 0x1000, BPP 32, flags 0x1
00:00:38.266624 Display::handleDisplayResize: uScreenId=0 pvVRAM=0000000006d70000 w=1024 h=768 bpp=32 cbLine=0x1000 flags=0x1
00:00:38.266732 VBVA: InfoScreen: [0] @0,0 1024x768, line 0x1000, BPP 32, flags 0x1
00:00:38.266747 Display::handleDisplayResize: uScreenId=0 pvVRAM=0000000006d70000 w=1024 h=768 bpp=32 cbLine=0x1000 flags=0x1
00:00:38.266896 VBVA: InfoScreen: [0] @0,0 1024x768, line 0x1000, BPP 32, flags 0x1
00:00:38.266912 Display::handleDisplayResize: uScreenId=0 pvVRAM=0000000006d70000 w=1024 h=768 bpp=32 cbLine=0x1000 flags=0x1
00:00:38.267026 VBVA: InfoScreen: [0] @0,0 1024x768, line 0x1000, BPP 32, flags 0x1
00:00:38.267041 Display::handleDisplayResize: uScreenId=0 pvVRAM=0000000006d70000 w=1024 h=768 bpp=32 cbLine=0x1000 flags=0x1
00:00:38.267205 VBVA: InfoScreen: [0] @0,0 1024x768, line 0x1000, BPP 32, flags 0x1
00:00:38.267221 Display::handleDisplayResize: uScreenId=0 pvVRAM=0000000006d70000 w=1024 h=768 bpp=32 cbLine=0x1000 flags=0x1
00:00:38.267347 VBVA: InfoScreen: [0] @0,0 1024x768, line 0x1000, BPP 32, flags 0x1
00:00:38.267365 Display::handleDisplayResize: uScreenId=0 pvVRAM=0000000006d70000 w=1024 h=768 bpp=32 cbLine=0x1000 flags=0x1
00:00:38.267916 VBVA: InfoScreen: [0] @0,0 1024x768, line 0x1000, BPP 32, flags 0x1
00:00:38.267933 Display::handleDisplayResize: uScreenId=0 pvVRAM=0000000006d70000 w=1024 h=768 bpp=32 cbLine=0x1000 flags=0x1
00:00:38.269062 VBVA: InfoScreen: [0] @0,0 1024x768, line 0x1000, BPP 32, flags 0x1
00:00:38.269079 Display::handleDisplayResize: uScreenId=0 pvVRAM=0000000006d70000 w=1024 h=768 bpp=32 cbLine=0x1000 flags=0x1
00:00:38.269190 VBVA: InfoScreen: [0] @0,0 1024x768, line 0x1000, BPP 32, flags 0x1
00:00:38.269205 Display::handleDisplayResize: uScreenId=0 pvVRAM=0000000006d70000 w=1024 h=768 bpp=32 cbLine=0x1000 flags=0x1
00:00:38.269314 VBVA: InfoScreen: [0] @0,0 1024x768, line 0x1000, BPP 32, flags 0x1
00:00:38.269329 Display::handleDisplayResize: uScreenId=0 pvVRAM=0000000006d70000 w=1024 h=768 bpp=32 cbLine=0x1000 flags=0x1
00:00:38.281410 VBVA: InfoScreen: [0] @0,0 1024x768, line 0x1000, BPP 32, flags 0x1
00:00:38.281432 Display::handleDisplayResize: uScreenId=0 pvVRAM=0000000006d70000 w=1024 h=768 bpp=32 cbLine=0x1000 flags=0x1
00:00:38.322178 VBVA: InfoScreen: [0] @0,0 1024x768, line 0x1000, BPP 32, flags 0x1
00:00:38.322222 Display::handleDisplayResize: uScreenId=0 pvVRAM=0000000006d70000 w=1024 h=768 bpp=32 cbLine=0x1000 flags=0x1
00:00:38.483385 VBVA: InfoScreen: [0] @0,0 1024x768, line 0x1000, BPP 32, flags 0x1
00:00:38.483426 Display::handleDisplayResize: uScreenId=0 pvVRAM=0000000006d70000 w=1024 h=768 bpp=32 cbLine=0x1000 flags=0x1
00:00:38.487046 VBVA: InfoScreen: [0] @0,0 1024x768, line 0x1000, BPP 32, flags 0x1
00:00:38.487065 Display::handleDisplayResize: uScreenId=0 pvVRAM=0000000006d70000 w=1024 h=768 bpp=32 cbLine=0x1000 flags=0x1
00:00:38.487162 VBVA: InfoScreen: [0] @0,0 1024x768, line 0x1000, BPP 32, flags 0x1
00:00:38.487175 Display::handleDisplayResize: uScreenId=0 pvVRAM=0000000006d70000 w=1024 h=768 bpp=32 cbLine=0x1000 flags=0x1
00:00:38.487277 VBVA: InfoScreen: [0] @0,0 1024x768, line 0x1000, BPP 32, flags 0x1
00:00:38.487290 Display::handleDisplayResize: uScreenId=0 pvVRAM=0000000006d70000 w=1024 h=768 bpp=32 cbLine=0x1000 flags=0x1
00:00:38.487392 VBVA: InfoScreen: [0] @0,0 1024x768, line 0x1000, BPP 32, flags 0x1
00:00:38.487405 Display::handleDisplayResize: uScreenId=0 pvVRAM=0000000006d70000 w=1024 h=768 bpp=32 cbLine=0x1000 flags=0x1
00:00:38.487494 VBVA: InfoScreen: [0] @0,0 1024x768, line 0x1000, BPP 32, flags 0x1
00:00:38.487506 Display::handleDisplayResize: uScreenId=0 pvVRAM=0000000006d70000 w=1024 h=768 bpp=32 cbLine=0x1000 flags=0x1
00:00:38.526534 VBVA: InfoScreen: [0] @0,0 1024x768, line 0x1000, BPP 32, flags 0x1
00:00:38.526567 Display::handleDisplayResize: uScreenId=0 pvVRAM=0000000006d70000 w=1024 h=768 bpp=32 cbLine=0x1000 flags=0x1
00:00:38.603760 VBVA: InfoScreen: [0] @0,0 1024x768, line 0x1000, BPP 32, flags 0x1
00:00:38.603799 Display::handleDisplayResize: uScreenId=0 pvVRAM=0000000006d70000 w=1024 h=768 bpp=32 cbLine=0x1000 flags=0x1
00:00:38.604021 VBVA: InfoScreen: [0] @0,0 1024x768, line 0x1000, BPP 32, flags 0x1
00:00:38.604043 Display::handleDisplayResize: uScreenId=0 pvVRAM=0000000006d70000 w=1024 h=768 bpp=32 cbLine=0x1000 flags=0x1
00:00:38.604186 VBVA: InfoScreen: [0] @0,0 1024x768, line 0x1000, BPP 32, flags 0x1
00:00:38.604205 Display::handleDisplayResize: uScreenId=0 pvVRAM=0000000006d70000 w=1024 h=768 bpp=32 cbLine=0x1000 flags=0x1
00:00:38.604362 VBVA: InfoScreen: [0] @0,0 1024x768, line 0x1000, BPP 32, flags 0x1
00:00:38.604381 Display::handleDisplayResize: uScreenId=0 pvVRAM=0000000006d70000 w=1024 h=768 bpp=32 cbLine=0x1000 flags=0x1
00:00:38.604522 VBVA: InfoScreen: [0] @0,0 1024x768, line 0x1000, BPP 32, flags 0x1
00:00:38.604541 Display::handleDisplayResize: uScreenId=0 pvVRAM=0000000006d70000 w=1024 h=768 bpp=32 cbLine=0x1000 flags=0x1
00:00:38.616172 VBVA: InfoScreen: [0] @0,0 1024x768, line 0x1000, BPP 32, flags 0x1
00:00:38.616205 Display::handleDisplayResize: uScreenId=0 pvVRAM=0000000006d70000 w=1024 h=768 bpp=32 cbLine=0x1000 flags=0x1
00:00:38.616366 VBVA: InfoScreen: [0] @0,0 1024x768, line 0x1000, BPP 32, flags 0x1
00:00:38.616387 Display::handleDisplayResize: uScreenId=0 pvVRAM=0000000006d70000 w=1024 h=768 bpp=32 cbLine=0x1000 flags=0x1
00:00:38.616532 VBVA: InfoScreen: [0] @0,0 1024x768, line 0x1000, BPP 32, flags 0x1
00:00:38.616551 Display::handleDisplayResize: uScreenId=0 pvVRAM=0000000006d70000 w=1024 h=768 bpp=32 cbLine=0x1000 flags=0x1
00:00:38.620808 VBVA: InfoScreen: [0] @0,0 1024x768, line 0x1000, BPP 32, flags 0x1
00:00:38.620840 Display::handleDisplayResize: uScreenId=0 pvVRAM=0000000006d70000 w=1024 h=768 bpp=32 cbLine=0x1000 flags=0x1
00:00:38.621034 VBVA: InfoScreen: [0] @0,0 1024x768, line 0x1000, BPP 32, flags 0x1
00:00:38.621063 Display::handleDisplayResize: uScreenId=0 pvVRAM=0000000006d70000 w=1024 h=768 bpp=32 cbLine=0x1000 flags=0x1
00:00:38.621281 VBVA: InfoScreen: [0] @0,0 1024x768, line 0x1000, BPP 32, flags 0x1
00:00:38.621302 Display::handleDisplayResize: uScreenId=0 pvVRAM=0000000006d70000 w=1024 h=768 bpp=32 cbLine=0x1000 flags=0x1
00:00:38.621557 VBVA: InfoScreen: [0] @0,0 1024x768, line 0x1000, BPP 32, flags 0x1
00:00:38.621578 Display::handleDisplayResize: uScreenId=0 pvVRAM=0000000006d70000 w=1024 h=768 bpp=32 cbLine=0x1000 flags=0x1
00:00:38.636129 VBVA: InfoScreen: [0] @0,0 1024x768, line 0x1000, BPP 32, flags 0x1
00:00:38.636162 Display::handleDisplayResize: uScreenId=0 pvVRAM=0000000006d70000 w=1024 h=768 bpp=32 cbLine=0x1000 flags=0x1
00:00:38.636498 VBVA: InfoScreen: [0] @0,0 1024x768, line 0x1000, BPP 32, flags 0x1
00:00:38.636519 Display::handleDisplayResize: uScreenId=0 pvVRAM=0000000006d70000 w=1024 h=768 bpp=32 cbLine=0x1000 flags=0x1
00:00:38.638003 VBVA: InfoScreen: [0] @0,0 1024x768, line 0x1000, BPP 32, flags 0x1
00:00:38.638027 Display::handleDisplayResize: uScreenId=0 pvVRAM=0000000006d70000 w=1024 h=768 bpp=32 cbLine=0x1000 flags=0x1
00:00:38.639786 AIOMgr: Async flushes not supported
00:00:38.657259 VBVA: InfoScreen: [0] @0,0 1024x768, line 0x1000, BPP 32, flags 0x1
00:00:38.657291 Display::handleDisplayResize: uScreenId=0 pvVRAM=0000000006d70000 w=1024 h=768 bpp=32 cbLine=0x1000 flags=0x1
00:00:38.657466 VBVA: InfoScreen: [0] @0,0 1024x768, line 0x1000, BPP 32, flags 0x1
00:00:38.657486 Display::handleDisplayResize: uScreenId=0 pvVRAM=0000000006d70000 w=1024 h=768 bpp=32 cbLine=0x1000 flags=0x1
00:00:38.657996 VBVA: InfoScreen: [0] @0,0 1024x768, line 0x1000, BPP 32, flags 0x1
00:00:38.658018 Display::handleDisplayResize: uScreenId=0 pvVRAM=0000000006d70000 w=1024 h=768 bpp=32 cbLine=0x1000 flags=0x1
00:00:38.658158 VBVA: InfoScreen: [0] @0,0 1024x768, line 0x1000, BPP 32, flags 0x1
00:00:38.658178 Display::handleDisplayResize: uScreenId=0 pvVRAM=0000000006d70000 w=1024 h=768 bpp=32 cbLine=0x1000 flags=0x1
00:00:38.659432 VBVA: InfoScreen: [0] @0,0 1024x768, line 0x1000, BPP 32, flags 0x1
00:00:38.659463 Display::handleDisplayResize: uScreenId=0 pvVRAM=0000000006d70000 w=1024 h=768 bpp=32 cbLine=0x1000 flags=0x1
00:00:38.659719 VBVA: InfoScreen: [0] @0,0 1024x768, line 0x1000, BPP 32, flags 0x1
00:00:38.659738 Display::handleDisplayResize: uScreenId=0 pvVRAM=0000000006d70000 w=1024 h=768 bpp=32 cbLine=0x1000 flags=0x1
00:00:38.720565 VBVA: InfoScreen: [0] @0,0 1024x768, line 0x1000, BPP 32, flags 0x1
00:00:38.720602 Display::handleDisplayResize: uScreenId=0 pvVRAM=0000000006d70000 w=1024 h=768 bpp=32 cbLine=0x1000 flags=0x1
00:00:38.722362 VBVA: InfoScreen: [0] @0,0 1024x768, line 0x1000, BPP 32, flags 0x1
00:00:38.722394 Display::handleDisplayResize: uScreenId=0 pvVRAM=0000000006d70000 w=1024 h=768 bpp=32 cbLine=0x1000 flags=0x1
00:00:38.730731 VBVA: InfoScreen: [0] @0,0 1024x768, line 0x1000, BPP 32, flags 0x1
00:00:38.730774 Display::handleDisplayResize: uScreenId=0 pvVRAM=0000000006d70000 w=1024 h=768 bpp=32 cbLine=0x1000 flags=0x1
00:00:38.734096 VBVA: InfoScreen: [0] @0,0 1024x768, line 0x1000, BPP 32, flags 0x1
00:00:38.734127 Display::handleDisplayResize: uScreenId=0 pvVRAM=0000000006d70000 w=1024 h=768 bpp=32 cbLine=0x1000 flags=0x1
00:00:38.753613 VBVA: InfoScreen: [0] @0,0 1024x768, line 0x1000, BPP 32, flags 0x1
00:00:38.753665 Display::handleDisplayResize: uScreenId=0 pvVRAM=0000000006d70000 w=1024 h=768 bpp=32 cbLine=0x1000 flags=0x1
00:00:38.757564 VBVA: InfoScreen: [0] @0,0 1024x768, line 0x1000, BPP 32, flags 0x1
00:00:38.757607 Display::handleDisplayResize: uScreenId=0 pvVRAM=0000000006d70000 w=1024 h=768 bpp=32 cbLine=0x1000 flags=0x1
00:00:38.758162 VBVA: InfoScreen: [0] @0,0 1024x768, line 0x1000, BPP 32, flags 0x1
00:00:38.758187 Display::handleDisplayResize: uScreenId=0 pvVRAM=0000000006d70000 w=1024 h=768 bpp=32 cbLine=0x1000 flags=0x1
00:00:38.794287 VBVA: InfoScreen: [0] @0,0 1024x768, line 0x1000, BPP 32, flags 0x1
00:00:38.794318 Display::handleDisplayResize: uScreenId=0 pvVRAM=0000000006d70000 w=1024 h=768 bpp=32 cbLine=0x1000 flags=0x1
00:00:38.795995 VBVA: InfoScreen: [0] @0,0 1024x768, line 0x1000, BPP 32, flags 0x1
00:00:38.796022 Display::handleDisplayResize: uScreenId=0 pvVRAM=0000000006d70000 w=1024 h=768 bpp=32 cbLine=0x1000 flags=0x1
00:00:38.808516 VBVA: InfoScreen: [0] @0,0 1024x768, line 0x1000, BPP 32, flags 0x1
00:00:38.808545 Display::handleDisplayResize: uScreenId=0 pvVRAM=0000000006d70000 w=1024 h=768 bpp=32 cbLine=0x1000 flags=0x1
00:00:38.808697 VBVA: InfoScreen: [0] @0,0 1024x768, line 0x1000, BPP 32, flags 0x1
00:00:38.808718 Display::handleDisplayResize: uScreenId=0 pvVRAM=0000000006d70000 w=1024 h=768 bpp=32 cbLine=0x1000 flags=0x1
00:00:38.808903 VBVA: InfoScreen: [0] @0,0 1024x768, line 0x1000, BPP 32, flags 0x1
00:00:38.808925 Display::handleDisplayResize: uScreenId=0 pvVRAM=0000000006d70000 w=1024 h=768 bpp=32 cbLine=0x1000 flags=0x1
00:00:38.809074 VBVA: InfoScreen: [0] @0,0 1024x768, line 0x1000, BPP 32, flags 0x1
00:00:38.809094 Display::handleDisplayResize: uScreenId=0 pvVRAM=0000000006d70000 w=1024 h=768 bpp=32 cbLine=0x1000 flags=0x1
00:00:38.810687 VBVA: InfoScreen: [0] @0,0 1024x768, line 0x1000, BPP 32, flags 0x1
00:00:38.810735 Display::handleDisplayResize: uScreenId=0 pvVRAM=0000000006d70000 w=1024 h=768 bpp=32 cbLine=0x1000 flags=0x1
00:00:38.811139 VBVA: InfoScreen: [0] @0,0 1024x768, line 0x1000, BPP 32, flags 0x1
00:00:38.811162 Display::handleDisplayResize: uScreenId=0 pvVRAM=0000000006d70000 w=1024 h=768 bpp=32 cbLine=0x1000 flags=0x1
00:00:38.811588 VBVA: InfoScreen: [0] @0,0 1024x768, line 0x1000, BPP 32, flags 0x1
00:00:38.811610 Display::handleDisplayResize: uScreenId=0 pvVRAM=0000000006d70000 w=1024 h=768 bpp=32 cbLine=0x1000 flags=0x1
00:00:38.913403 VBVA: InfoScreen: [0] @0,0 1024x768, line 0x1000, BPP 32, flags 0x1
00:00:38.913449 Display::handleDisplayResize: uScreenId=0 pvVRAM=0000000006d70000 w=1024 h=768 bpp=32 cbLine=0x1000 flags=0x1
00:00:38.913607 VBVA: InfoScreen: [0] @0,0 1024x768, line 0x1000, BPP 32, flags 0x1
00:00:38.913627 Display::handleDisplayResize: uScreenId=0 pvVRAM=0000000006d70000 w=1024 h=768 bpp=32 cbLine=0x1000 flags=0x1
00:00:38.913774 VBVA: InfoScreen: [0] @0,0 1024x768, line 0x1000, BPP 32, flags 0x1
00:00:38.913794 Display::handleDisplayResize: uScreenId=0 pvVRAM=0000000006d70000 w=1024 h=768 bpp=32 cbLine=0x1000 flags=0x1
00:00:38.913988 VBVA: InfoScreen: [0] @0,0 1024x768, line 0x1000, BPP 32, flags 0x1
00:00:38.914008 Display::handleDisplayResize: uScreenId=0 pvVRAM=0000000006d70000 w=1024 h=768 bpp=32 cbLine=0x1000 flags=0x1
00:00:38.915581 VBVA: InfoScreen: [0] @0,0 1024x768, line 0x1000, BPP 32, flags 0x1
00:00:38.915619 Display::handleDisplayResize: uScreenId=0 pvVRAM=0000000006d70000 w=1024 h=768 bpp=32 cbLine=0x1000 flags=0x1
00:00:38.942098 VBVA: InfoScreen: [0] @0,0 1024x768, line 0x1000, BPP 32, flags 0x1
00:00:38.942129 Display::handleDisplayResize: uScreenId=0 pvVRAM=0000000006d70000 w=1024 h=768 bpp=32 cbLine=0x1000 flags=0x1
00:00:39.150099 VBVA: InfoScreen: [0] @0,0 1024x768, line 0x1000, BPP 32, flags 0x1
00:00:39.150147 Display::handleDisplayResize: uScreenId=0 pvVRAM=0000000006d70000 w=1024 h=768 bpp=32 cbLine=0x1000 flags=0x1
00:00:39.357991 VBVA: InfoScreen: [0] @0,0 1024x768, line 0x1000, BPP 32, flags 0x1
00:00:39.358031 Display::handleDisplayResize: uScreenId=0 pvVRAM=0000000006d70000 w=1024 h=768 bpp=32 cbLine=0x1000 flags=0x1
00:00:39.566193 VBVA: InfoScreen: [0] @0,0 1024x768, line 0x1000, BPP 32, flags 0x1
00:00:39.566238 Display::handleDisplayResize: uScreenId=0 pvVRAM=0000000006d70000 w=1024 h=768 bpp=32 cbLine=0x1000 flags=0x1
00:00:39.709592 NAT: Link up
00:00:39.774205 VBVA: InfoScreen: [0] @0,0 1024x768, line 0x1000, BPP 32, flags 0x1
00:00:39.774236 Display::handleDisplayResize: uScreenId=0 pvVRAM=0000000006d70000 w=1024 h=768 bpp=32 cbLine=0x1000 flags=0x1
00:00:39.918762 VBVA: InfoScreen: [0] @0,0 1024x768, line 0x1000, BPP 32, flags 0x1
00:00:39.918816 Display::handleDisplayResize: uScreenId=0 pvVRAM=0000000006d70000 w=1024 h=768 bpp=32 cbLine=0x1000 flags=0x1
00:00:39.981982 VBVA: InfoScreen: [0] @0,0 1024x768, line 0x1000, BPP 32, flags 0x1
00:00:39.982034 Display::handleDisplayResize: uScreenId=0 pvVRAM=0000000006d70000 w=1024 h=768 bpp=32 cbLine=0x1000 flags=0x1
00:00:40.132344 VBVA: InfoScreen: [0] @0,0 1024x768, line 0x1000, BPP 32, flags 0x1
00:00:40.132398 Display::handleDisplayResize: uScreenId=0 pvVRAM=0000000006d70000 w=1024 h=768 bpp=32 cbLine=0x1000 flags=0x1
00:00:40.133888 VBVA: InfoScreen: [0] @0,0 1024x768, line 0x1000, BPP 32, flags 0x1
00:00:40.133920 Display::handleDisplayResize: uScreenId=0 pvVRAM=0000000006d70000 w=1024 h=768 bpp=32 cbLine=0x1000 flags=0x1
00:00:40.135653 VBVA: InfoScreen: [0] @0,0 1024x768, line 0x1000, BPP 32, flags 0x1
00:00:40.135684 Display::handleDisplayResize: uScreenId=0 pvVRAM=0000000006d70000 w=1024 h=768 bpp=32 cbLine=0x1000 flags=0x1
00:00:40.142123 VBVA: InfoScreen: [0] @0,0 1024x768, line 0x1000, BPP 32, flags 0x1
00:00:40.142163 Display::handleDisplayResize: uScreenId=0 pvVRAM=0000000006d70000 w=1024 h=768 bpp=32 cbLine=0x1000 flags=0x1
00:00:40.155731 VBVA: InfoScreen: [0] @0,0 1024x768, line 0x1000, BPP 32, flags 0x1
00:00:40.155780 Display::handleDisplayResize: uScreenId=0 pvVRAM=0000000006d70000 w=1024 h=768 bpp=32 cbLine=0x1000 flags=0x1
00:00:40.155962 VBVA: InfoScreen: [0] @0,0 1024x768, line 0x1000, BPP 32, flags 0x1
00:00:40.155982 Display::handleDisplayResize: uScreenId=0 pvVRAM=0000000006d70000 w=1024 h=768 bpp=32 cbLine=0x1000 flags=0x1
00:00:40.156155 VBVA: InfoScreen: [0] @0,0 1024x768, line 0x1000, BPP 32, flags 0x1
00:00:40.156174 Display::handleDisplayResize: uScreenId=0 pvVRAM=0000000006d70000 w=1024 h=768 bpp=32 cbLine=0x1000 flags=0x1
00:00:40.157658 VBVA: InfoScreen: [0] @0,0 1024x768, line 0x1000, BPP 32, flags 0x1
00:00:40.157685 Display::handleDisplayResize: uScreenId=0 pvVRAM=0000000006d70000 w=1024 h=768 bpp=32 cbLine=0x1000 flags=0x1
00:00:40.157872 VBVA: InfoScreen: [0] @0,0 1024x768, line 0x1000, BPP 32, flags 0x1
00:00:40.157891 Display::handleDisplayResize: uScreenId=0 pvVRAM=0000000006d70000 w=1024 h=768 bpp=32 cbLine=0x1000 flags=0x1
00:00:40.158472 VBVA: InfoScreen: [0] @0,0 1024x768, line 0x1000, BPP 32, flags 0x1
00:00:40.158493 Display::handleDisplayResize: uScreenId=0 pvVRAM=0000000006d70000 w=1024 h=768 bpp=32 cbLine=0x1000 flags=0x1
00:00:40.166592 VBVA: InfoScreen: [0] @0,0 1024x768, line 0x1000, BPP 32, flags 0x1
00:00:40.166637 Display::handleDisplayResize: uScreenId=0 pvVRAM=0000000006d70000 w=1024 h=768 bpp=32 cbLine=0x1000 flags=0x1
00:00:40.190274 VBVA: InfoScreen: [0] @0,0 1024x768, line 0x1000, BPP 32, flags 0x1
00:00:40.190308 Display::handleDisplayResize: uScreenId=0 pvVRAM=0000000006d70000 w=1024 h=768 bpp=32 cbLine=0x1000 flags=0x1
00:00:40.398320 VBVA: InfoScreen: [0] @0,0 1024x768, line 0x1000, BPP 32, flags 0x1
00:00:40.398364 Display::handleDisplayResize: uScreenId=0 pvVRAM=0000000006d70000 w=1024 h=768 bpp=32 cbLine=0x1000 flags=0x1
00:00:40.606341 VBVA: InfoScreen: [0] @0,0 1024x768, line 0x1000, BPP 32, flags 0x1
00:00:40.606386 Display::handleDisplayResize: uScreenId=0 pvVRAM=0000000006d70000 w=1024 h=768 bpp=32 cbLine=0x1000 flags=0x1
00:00:40.814571 VBVA: InfoScreen: [0] @0,0 1024x768, line 0x1000, BPP 32, flags 0x1
00:00:40.814630 Display::handleDisplayResize: uScreenId=0 pvVRAM=0000000006d70000 w=1024 h=768 bpp=32 cbLine=0x1000 flags=0x1
00:00:41.022434 VBVA: InfoScreen: [0] @0,0 1024x768, line 0x1000, BPP 32, flags 0x1
00:00:41.022468 Display::handleDisplayResize: uScreenId=0 pvVRAM=0000000006d70000 w=1024 h=768 bpp=32 cbLine=0x1000 flags=0x1
00:00:41.230238 VBVA: InfoScreen: [0] @0,0 1024x768, line 0x1000, BPP 32, flags 0x1
00:00:41.230276 Display::handleDisplayResize: uScreenId=0 pvVRAM=0000000006d70000 w=1024 h=768 bpp=32 cbLine=0x1000 flags=0x1
00:00:41.437993 VBVA: InfoScreen: [0] @0,0 1024x768, line 0x1000, BPP 32, flags 0x1
00:00:41.438033 Display::handleDisplayResize: uScreenId=0 pvVRAM=0000000006d70000 w=1024 h=768 bpp=32 cbLine=0x1000 flags=0x1
00:00:41.642977 VBVA: InfoScreen: [0] @0,0 1024x768, line 0x1000, BPP 32, flags 0x1
00:00:41.643032 Display::handleDisplayResize: uScreenId=0 pvVRAM=0000000006d70000 w=1024 h=768 bpp=32 cbLine=0x1000 flags=0x1
00:00:41.646440 VBVA: InfoScreen: [0] @0,0 1024x768, line 0x1000, BPP 32, flags 0x1
00:00:41.646470 Display::handleDisplayResize: uScreenId=0 pvVRAM=0000000006d70000 w=1024 h=768 bpp=32 cbLine=0x1000 flags=0x1
00:00:41.718674 VBVA: InfoScreen: [0] @0,0 1024x768, line 0x1000, BPP 32, flags 0x1
00:00:41.718733 Display::handleDisplayResize: uScreenId=0 pvVRAM=0000000006d70000 w=1024 h=768 bpp=32 cbLine=0x1000 flags=0x1
00:00:41.719234 VBVA: InfoScreen: [0] @0,0 1024x768, line 0x1000, BPP 32, flags 0x1
00:00:41.719253 Display::handleDisplayResize: uScreenId=0 pvVRAM=0000000006d70000 w=1024 h=768 bpp=32 cbLine=0x1000 flags=0x1
00:00:41.719411 VBVA: InfoScreen: [0] @0,0 1024x768, line 0x1000, BPP 32, flags 0x1
00:00:41.719431 Display::handleDisplayResize: uScreenId=0 pvVRAM=0000000006d70000 w=1024 h=768 bpp=32 cbLine=0x1000 flags=0x1
00:00:41.719591 VBVA: InfoScreen: [0] @0,0 1024x768, line 0x1000, BPP 32, flags 0x1
00:00:41.719610 Display::handleDisplayResize: uScreenId=0 pvVRAM=0000000006d70000 w=1024 h=768 bpp=32 cbLine=0x1000 flags=0x1
00:00:41.719765 VBVA: InfoScreen: [0] @0,0 1024x768, line 0x1000, BPP 32, flags 0x1
00:00:41.719784 Display::handleDisplayResize: uScreenId=0 pvVRAM=0000000006d70000 w=1024 h=768 bpp=32 cbLine=0x1000 flags=0x1
00:00:41.722007 VBVA: InfoScreen: [0] @0,0 1024x768, line 0x1000, BPP 32, flags 0x1
00:00:41.722043 Display::handleDisplayResize: uScreenId=0 pvVRAM=0000000006d70000 w=1024 h=768 bpp=32 cbLine=0x1000 flags=0x1
00:00:41.724971 VBVA: InfoScreen: [0] @0,0 1024x768, line 0x1000, BPP 32, flags 0x1
00:00:41.725013 Display::handleDisplayResize: uScreenId=0 pvVRAM=0000000006d70000 w=1024 h=768 bpp=32 cbLine=0x1000 flags=0x1
00:00:41.725165 VBVA: InfoScreen: [0] @0,0 1024x768, line 0x1000, BPP 32, flags 0x1
00:00:41.725184 Display::handleDisplayResize: uScreenId=0 pvVRAM=0000000006d70000 w=1024 h=768 bpp=32 cbLine=0x1000 flags=0x1
00:00:41.725372 VBVA: InfoScreen: [0] @0,0 1024x768, line 0x1000, BPP 32, flags 0x1
00:00:41.725391 Display::handleDisplayResize: uScreenId=0 pvVRAM=0000000006d70000 w=1024 h=768 bpp=32 cbLine=0x1000 flags=0x1
00:00:41.725531 VBVA: InfoScreen: [0] @0,0 1024x768, line 0x1000, BPP 32, flags 0x1
00:00:41.725549 Display::handleDisplayResize: uScreenId=0 pvVRAM=0000000006d70000 w=1024 h=768 bpp=32 cbLine=0x1000 flags=0x1
00:00:41.725700 VBVA: InfoScreen: [0] @0,0 1024x768, line 0x1000, BPP 32, flags 0x1
00:00:41.725719 Display::handleDisplayResize: uScreenId=0 pvVRAM=0000000006d70000 w=1024 h=768 bpp=32 cbLine=0x1000 flags=0x1
00:00:41.728513 VBVA: InfoScreen: [0] @0,0 1024x768, line 0x1000, BPP 32, flags 0x1
00:00:41.728544 Display::handleDisplayResize: uScreenId=0 pvVRAM=0000000006d70000 w=1024 h=768 bpp=32 cbLine=0x1000 flags=0x1
00:00:41.728860 VBVA: InfoScreen: [0] @0,0 1024x768, line 0x1000, BPP 32, flags 0x1
00:00:41.728880 Display::handleDisplayResize: uScreenId=0 pvVRAM=0000000006d70000 w=1024 h=768 bpp=32 cbLine=0x1000 flags=0x1
00:00:41.729042 VBVA: InfoScreen: [0] @0,0 1024x768, line 0x1000, BPP 32, flags 0x1
00:00:41.729066 Display::handleDisplayResize: uScreenId=0 pvVRAM=0000000006d70000 w=1024 h=768 bpp=32 cbLine=0x1000 flags=0x1
00:00:41.729207 VBVA: InfoScreen: [0] @0,0 1024x768, line 0x1000, BPP 32, flags 0x1
00:00:41.729226 Display::handleDisplayResize: uScreenId=0 pvVRAM=0000000006d70000 w=1024 h=768 bpp=32 cbLine=0x1000 flags=0x1
00:00:41.731582 VBVA: InfoScreen: [0] @0,0 1024x768, line 0x1000, BPP 32, flags 0x1
00:00:41.731611 Display::handleDisplayResize: uScreenId=0 pvVRAM=0000000006d70000 w=1024 h=768 bpp=32 cbLine=0x1000 flags=0x1
00:00:41.731965 VBVA: InfoScreen: [0] @0,0 1024x768, line 0x1000, BPP 32, flags 0x1
00:00:41.731986 Display::handleDisplayResize: uScreenId=0 pvVRAM=0000000006d70000 w=1024 h=768 bpp=32 cbLine=0x1000 flags=0x1
00:00:41.732160 VBVA: InfoScreen: [0] @0,0 1024x768, line 0x1000, BPP 32, flags 0x1
00:00:41.732179 Display::handleDisplayResize: uScreenId=0 pvVRAM=0000000006d70000 w=1024 h=768 bpp=32 cbLine=0x1000 flags=0x1
00:00:41.732335 VBVA: InfoScreen: [0] @0,0 1024x768, line 0x1000, BPP 32, flags 0x1
00:00:41.732353 Display::handleDisplayResize: uScreenId=0 pvVRAM=0000000006d70000 w=1024 h=768 bpp=32 cbLine=0x1000 flags=0x1
00:00:41.732505 VBVA: InfoScreen: [0] @0,0 1024x768, line 0x1000, BPP 32, flags 0x1
00:00:41.732524 Display::handleDisplayResize: uScreenId=0 pvVRAM=0000000006d70000 w=1024 h=768 bpp=32 cbLine=0x1000 flags=0x1
00:00:41.732663 VBVA: InfoScreen: [0] @0,0 1024x768, line 0x1000, BPP 32, flags 0x1
00:00:41.732682 Display::handleDisplayResize: uScreenId=0 pvVRAM=0000000006d70000 w=1024 h=768 bpp=32 cbLine=0x1000 flags=0x1
00:00:41.732862 VBVA: InfoScreen: [0] @0,0 1024x768, line 0x1000, BPP 32, flags 0x1
00:00:41.732881 Display::handleDisplayResize: uScreenId=0 pvVRAM=0000000006d70000 w=1024 h=768 bpp=32 cbLine=0x1000 flags=0x1
00:00:41.736293 VBVA: InfoScreen: [0] @0,0 1024x768, line 0x1000, BPP 32, flags 0x1
00:00:41.736323 Display::handleDisplayResize: uScreenId=0 pvVRAM=0000000006d70000 w=1024 h=768 bpp=32 cbLine=0x1000 flags=0x1
00:00:41.736565 VBVA: InfoScreen: [0] @0,0 1024x768, line 0x1000, BPP 32, flags 0x1
00:00:41.736582 Display::handleDisplayResize: uScreenId=0 pvVRAM=0000000006d70000 w=1024 h=768 bpp=32 cbLine=0x1000 flags=0x1
00:00:41.736715 VBVA: InfoScreen: [0] @0,0 1024x768, line 0x1000, BPP 32, flags 0x1
00:00:41.736731 Display::handleDisplayResize: uScreenId=0 pvVRAM=0000000006d70000 w=1024 h=768 bpp=32 cbLine=0x1000 flags=0x1
00:00:41.736883 VBVA: InfoScreen: [0] @0,0 1024x768, line 0x1000, BPP 32, flags 0x1
00:00:41.736900 Display::handleDisplayResize: uScreenId=0 pvVRAM=0000000006d70000 w=1024 h=768 bpp=32 cbLine=0x1000 flags=0x1
00:00:41.737018 VBVA: InfoScreen: [0] @0,0 1024x768, line 0x1000, BPP 32, flags 0x1
00:00:41.737034 Display::handleDisplayResize: uScreenId=0 pvVRAM=0000000006d70000 w=1024 h=768 bpp=32 cbLine=0x1000 flags=0x1
00:00:41.737150 VBVA: InfoScreen: [0] @0,0 1024x768, line 0x1000, BPP 32, flags 0x1
00:00:41.737165 Display::handleDisplayResize: uScreenId=0 pvVRAM=0000000006d70000 w=1024 h=768 bpp=32 cbLine=0x1000 flags=0x1
00:00:41.737286 VBVA: InfoScreen: [0] @0,0 1024x768, line 0x1000, BPP 32, flags 0x1
00:00:41.737301 Display::handleDisplayResize: uScreenId=0 pvVRAM=0000000006d70000 w=1024 h=768 bpp=32 cbLine=0x1000 flags=0x1
00:00:41.737416 VBVA: InfoScreen: [0] @0,0 1024x768, line 0x1000, BPP 32, flags 0x1
00:00:41.737431 Display::handleDisplayResize: uScreenId=0 pvVRAM=0000000006d70000 w=1024 h=768 bpp=32 cbLine=0x1000 flags=0x1
00:00:41.737564 VBVA: InfoScreen: [0] @0,0 1024x768, line 0x1000, BPP 32, flags 0x1
00:00:41.737580 Display::handleDisplayResize: uScreenId=0 pvVRAM=0000000006d70000 w=1024 h=768 bpp=32 cbLine=0x1000 flags=0x1
00:00:41.737696 VBVA: InfoScreen: [0] @0,0 1024x768, line 0x1000, BPP 32, flags 0x1
00:00:41.737711 Display::handleDisplayResize: uScreenId=0 pvVRAM=0000000006d70000 w=1024 h=768 bpp=32 cbLine=0x1000 flags=0x1
00:00:41.737865 VBVA: InfoScreen: [0] @0,0 1024x768, line 0x1000, BPP 32, flags 0x1
00:00:41.737887 Display::handleDisplayResize: uScreenId=0 pvVRAM=0000000006d70000 w=1024 h=768 bpp=32 cbLine=0x1000 flags=0x1
00:00:41.738011 VBVA: InfoScreen: [0] @0,0 1024x768, line 0x1000, BPP 32, flags 0x1
00:00:41.738027 Display::handleDisplayResize: uScreenId=0 pvVRAM=0000000006d70000 w=1024 h=768 bpp=32 cbLine=0x1000 flags=0x1
00:00:41.738142 VBVA: InfoScreen: [0] @0,0 1024x768, line 0x1000, BPP 32, flags 0x1
00:00:41.738158 Display::handleDisplayResize: uScreenId=0 pvVRAM=0000000006d70000 w=1024 h=768 bpp=32 cbLine=0x1000 flags=0x1
00:00:41.738274 VBVA: InfoScreen: [0] @0,0 1024x768, line 0x1000, BPP 32, flags 0x1
00:00:41.738290 Display::handleDisplayResize: uScreenId=0 pvVRAM=0000000006d70000 w=1024 h=768 bpp=32 cbLine=0x1000 flags=0x1
00:00:41.738403 VBVA: InfoScreen: [0] @0,0 1024x768, line 0x1000, BPP 32, flags 0x1
00:00:41.738418 Display::handleDisplayResize: uScreenId=0 pvVRAM=0000000006d70000 w=1024 h=768 bpp=32 cbLine=0x1000 flags=0x1
00:00:41.738531 VBVA: InfoScreen: [0] @0,0 1024x768, line 0x1000, BPP 32, flags 0x1
00:00:41.738546 Display::handleDisplayResize: uScreenId=0 pvVRAM=0000000006d70000 w=1024 h=768 bpp=32 cbLine=0x1000 flags=0x1
00:00:41.738659 VBVA: InfoScreen: [0] @0,0 1024x768, line 0x1000, BPP 32, flags 0x1
00:00:41.738674 Display::handleDisplayResize: uScreenId=0 pvVRAM=0000000006d70000 w=1024 h=768 bpp=32 cbLine=0x1000 flags=0x1
00:00:41.739775 VBVA: InfoScreen: [0] @0,0 1024x768, line 0x1000, BPP 32, flags 0x1
00:00:41.739801 Display::handleDisplayResize: uScreenId=0 pvVRAM=0000000006d70000 w=1024 h=768 bpp=32 cbLine=0x1000 flags=0x1
00:00:41.742029 VBVA: InfoScreen: [0] @0,0 1024x768, line 0x1000, BPP 32, flags 0x1
00:00:41.742060 Display::handleDisplayResize: uScreenId=0 pvVRAM=0000000006d70000 w=1024 h=768 bpp=32 cbLine=0x1000 flags=0x1
00:00:41.742331 VBVA: InfoScreen: [0] @0,0 1024x768, line 0x1000, BPP 32, flags 0x1
00:00:41.742349 Display::handleDisplayResize: uScreenId=0 pvVRAM=0000000006d70000 w=1024 h=768 bpp=32 cbLine=0x1000 flags=0x1
00:00:41.744370 VBVA: InfoScreen: [0] @0,0 1024x768, line 0x1000, BPP 32, flags 0x1
00:00:41.744395 Display::handleDisplayResize: uScreenId=0 pvVRAM=0000000006d70000 w=1024 h=768 bpp=32 cbLine=0x1000 flags=0x1
00:00:41.744628 VBVA: InfoScreen: [0] @0,0 1024x768, line 0x1000, BPP 32, flags 0x1
00:00:41.744645 Display::handleDisplayResize: uScreenId=0 pvVRAM=0000000006d70000 w=1024 h=768 bpp=32 cbLine=0x1000 flags=0x1
00:00:41.744778 VBVA: InfoScreen: [0] @0,0 1024x768, line 0x1000, BPP 32, flags 0x1
00:00:41.744795 Display::handleDisplayResize: uScreenId=0 pvVRAM=0000000006d70000 w=1024 h=768 bpp=32 cbLine=0x1000 flags=0x1
00:00:41.744934 VBVA: InfoScreen: [0] @0,0 1024x768, line 0x1000, BPP 32, flags 0x1
00:00:41.744950 Display::handleDisplayResize: uScreenId=0 pvVRAM=0000000006d70000 w=1024 h=768 bpp=32 cbLine=0x1000 flags=0x1
00:00:41.745066 VBVA: InfoScreen: [0] @0,0 1024x768, line 0x1000, BPP 32, flags 0x1
00:00:41.745081 Display::handleDisplayResize: uScreenId=0 pvVRAM=0000000006d70000 w=1024 h=768 bpp=32 cbLine=0x1000 flags=0x1
00:00:41.745202 VBVA: InfoScreen: [0] @0,0 1024x768, line 0x1000, BPP 32, flags 0x1
00:00:41.745218 Display::handleDisplayResize: uScreenId=0 pvVRAM=0000000006d70000 w=1024 h=768 bpp=32 cbLine=0x1000 flags=0x1
00:00:41.745347 VBVA: InfoScreen: [0] @0,0 1024x768, line 0x1000, BPP 32, flags 0x1
00:00:41.745362 Display::handleDisplayResize: uScreenId=0 pvVRAM=0000000006d70000 w=1024 h=768 bpp=32 cbLine=0x1000 flags=0x1
00:00:41.747431 VBVA: InfoScreen: [0] @0,0 1024x768, line 0x1000, BPP 32, flags 0x1
00:00:41.747455 Display::handleDisplayResize: uScreenId=0 pvVRAM=0000000006d70000 w=1024 h=768 bpp=32 cbLine=0x1000 flags=0x1
00:00:41.747679 VBVA: InfoScreen: [0] @0,0 1024x768, line 0x1000, BPP 32, flags 0x1
00:00:41.747696 Display::handleDisplayResize: uScreenId=0 pvVRAM=0000000006d70000 w=1024 h=768 bpp=32 cbLine=0x1000 flags=0x1
00:00:41.747860 VBVA: InfoScreen: [0] @0,0 1024x768, line 0x1000, BPP 32, flags 0x1
00:00:41.747877 Display::handleDisplayResize: uScreenId=0 pvVRAM=0000000006d70000 w=1024 h=768 bpp=32 cbLine=0x1000 flags=0x1
00:00:41.748004 VBVA: InfoScreen: [0] @0,0 1024x768, line 0x1000, BPP 32, flags 0x1
00:00:41.748023 Display::handleDisplayResize: uScreenId=0 pvVRAM=0000000006d70000 w=1024 h=768 bpp=32 cbLine=0x1000 flags=0x1
00:00:41.748139 VBVA: InfoScreen: [0] @0,0 1024x768, line 0x1000, BPP 32, flags 0x1
00:00:41.748154 Display::handleDisplayResize: uScreenId=0 pvVRAM=0000000006d70000 w=1024 h=768 bpp=32 cbLine=0x1000 flags=0x1
00:00:41.748271 VBVA: InfoScreen: [0] @0,0 1024x768, line 0x1000, BPP 32, flags 0x1
00:00:41.748287 Display::handleDisplayResize: uScreenId=0 pvVRAM=0000000006d70000 w=1024 h=768 bpp=32 cbLine=0x1000 flags=0x1
00:00:41.748401 VBVA: InfoScreen: [0] @0,0 1024x768, line 0x1000, BPP 32, flags 0x1
00:00:41.748417 Display::handleDisplayResize: uScreenId=0 pvVRAM=0000000006d70000 w=1024 h=768 bpp=32 cbLine=0x1000 flags=0x1
00:00:41.748544 VBVA: InfoScreen: [0] @0,0 1024x768, line 0x1000, BPP 32, flags 0x1
00:00:41.748560 Display::handleDisplayResize: uScreenId=0 pvVRAM=0000000006d70000 w=1024 h=768 bpp=32 cbLine=0x1000 flags=0x1
00:00:41.749727 VBVA: InfoScreen: [0] @0,0 1024x768, line 0x1000, BPP 32, flags 0x1
00:00:41.749749 Display::handleDisplayResize: uScreenId=0 pvVRAM=0000000006d70000 w=1024 h=768 bpp=32 cbLine=0x1000 flags=0x1
00:00:41.749887 VBVA: InfoScreen: [0] @0,0 1024x768, line 0x1000, BPP 32, flags 0x1
00:00:41.749903 Display::handleDisplayResize: uScreenId=0 pvVRAM=0000000006d70000 w=1024 h=768 bpp=32 cbLine=0x1000 flags=0x1
00:00:41.751781 VBVA: InfoScreen: [0] @0,0 1024x768, line 0x1000, BPP 32, flags 0x1
00:00:41.751804 Display::handleDisplayResize: uScreenId=0 pvVRAM=0000000006d70000 w=1024 h=768 bpp=32 cbLine=0x1000 flags=0x1
00:00:41.751953 VBVA: InfoScreen: [0] @0,0 1024x768, line 0x1000, BPP 32, flags 0x1
00:00:41.751969 Display::handleDisplayResize: uScreenId=0 pvVRAM=0000000006d70000 w=1024 h=768 bpp=32 cbLine=0x1000 flags=0x1
00:00:41.752090 VBVA: InfoScreen: [0] @0,0 1024x768, line 0x1000, BPP 32, flags 0x1
00:00:41.752106 Display::handleDisplayResize: uScreenId=0 pvVRAM=0000000006d70000 w=1024 h=768 bpp=32 cbLine=0x1000 flags=0x1
00:00:41.752221 VBVA: InfoScreen: [0] @0,0 1024x768, line 0x1000, BPP 32, flags 0x1
00:00:41.752237 Display::handleDisplayResize: uScreenId=0 pvVRAM=0000000006d70000 w=1024 h=768 bpp=32 cbLine=0x1000 flags=0x1
00:00:41.752356 VBVA: InfoScreen: [0] @0,0 1024x768, line 0x1000, BPP 32, flags 0x1
00:00:41.752371 Display::handleDisplayResize: uScreenId=0 pvVRAM=0000000006d70000 w=1024 h=768 bpp=32 cbLine=0x1000 flags=0x1
00:00:41.752498 VBVA: InfoScreen: [0] @0,0 1024x768, line 0x1000, BPP 32, flags 0x1
00:00:41.752514 Display::handleDisplayResize: uScreenId=0 pvVRAM=0000000006d70000 w=1024 h=768 bpp=32 cbLine=0x1000 flags=0x1
00:00:41.752630 VBVA: InfoScreen: [0] @0,0 1024x768, line 0x1000, BPP 32, flags 0x1
00:00:41.752645 Display::handleDisplayResize: uScreenId=0 pvVRAM=0000000006d70000 w=1024 h=768 bpp=32 cbLine=0x1000 flags=0x1
00:00:41.754323 VBVA: InfoScreen: [0] @0,0 1024x768, line 0x1000, BPP 32, flags 0x1
00:00:41.754349 Display::handleDisplayResize: uScreenId=0 pvVRAM=0000000006d70000 w=1024 h=768 bpp=32 cbLine=0x1000 flags=0x1
00:00:41.754578 VBVA: InfoScreen: [0] @0,0 1024x768, line 0x1000, BPP 32, flags 0x1
00:00:41.754594 Display::handleDisplayResize: uScreenId=0 pvVRAM=0000000006d70000 w=1024 h=768 bpp=32 cbLine=0x1000 flags=0x1
00:00:41.754739 VBVA: InfoScreen: [0] @0,0 1024x768, line 0x1000, BPP 32, flags 0x1
00:00:41.754756 Display::handleDisplayResize: uScreenId=0 pvVRAM=0000000006d70000 w=1024 h=768 bpp=32 cbLine=0x1000 flags=0x1
00:00:41.754893 VBVA: InfoScreen: [0] @0,0 1024x768, line 0x1000, BPP 32, flags 0x1
00:00:41.754909 Display::handleDisplayResize: uScreenId=0 pvVRAM=0000000006d70000 w=1024 h=768 bpp=32 cbLine=0x1000 flags=0x1
00:00:41.755024 VBVA: InfoScreen: [0] @0,0 1024x768, line 0x1000, BPP 32, flags 0x1
00:00:41.755039 Display::handleDisplayResize: uScreenId=0 pvVRAM=0000000006d70000 w=1024 h=768 bpp=32 cbLine=0x1000 flags=0x1
00:00:41.757206 VBVA: InfoScreen: [0] @0,0 1024x768, line 0x1000, BPP 32, flags 0x1
00:00:41.757241 Display::handleDisplayResize: uScreenId=0 pvVRAM=0000000006d70000 w=1024 h=768 bpp=32 cbLine=0x1000 flags=0x1
00:00:41.757474 VBVA: InfoScreen: [0] @0,0 1024x768, line 0x1000, BPP 32, flags 0x1
00:00:41.757492 Display::handleDisplayResize: uScreenId=0 pvVRAM=0000000006d70000 w=1024 h=768 bpp=32 cbLine=0x1000 flags=0x1
00:00:41.757625 VBVA: InfoScreen: [0] @0,0 1024x768, line 0x1000, BPP 32, flags 0x1
00:00:41.757641 Display::handleDisplayResize: uScreenId=0 pvVRAM=0000000006d70000 w=1024 h=768 bpp=32 cbLine=0x1000 flags=0x1
00:00:41.757808 VBVA: InfoScreen: [0] @0,0 1024x768, line 0x1000, BPP 32, flags 0x1
00:00:41.757825 Display::handleDisplayResize: uScreenId=0 pvVRAM=0000000006d70000 w=1024 h=768 bpp=32 cbLine=0x1000 flags=0x1
00:00:41.757944 VBVA: InfoScreen: [0] @0,0 1024x768, line 0x1000, BPP 32, flags 0x1
00:00:41.757959 Display::handleDisplayResize: uScreenId=0 pvVRAM=0000000006d70000 w=1024 h=768 bpp=32 cbLine=0x1000 flags=0x1
00:00:41.758073 VBVA: InfoScreen: [0] @0,0 1024x768, line 0x1000, BPP 32, flags 0x1
00:00:41.758088 Display::handleDisplayResize: uScreenId=0 pvVRAM=0000000006d70000 w=1024 h=768 bpp=32 cbLine=0x1000 flags=0x1
00:00:41.758203 VBVA: InfoScreen: [0] @0,0 1024x768, line 0x1000, BPP 32, flags 0x1
00:00:41.758218 Display::handleDisplayResize: uScreenId=0 pvVRAM=0000000006d70000 w=1024 h=768 bpp=32 cbLine=0x1000 flags=0x1
00:00:41.760393 VBVA: InfoScreen: [0] @0,0 1024x768, line 0x1000, BPP 32, flags 0x1
00:00:41.760420 Display::handleDisplayResize: uScreenId=0 pvVRAM=0000000006d70000 w=1024 h=768 bpp=32 cbLine=0x1000 flags=0x1
00:00:41.760660 VBVA: InfoScreen: [0] @0,0 1024x768, line 0x1000, BPP 32, flags 0x1
00:00:41.760677 Display::handleDisplayResize: uScreenId=0 pvVRAM=0000000006d70000 w=1024 h=768 bpp=32 cbLine=0x1000 flags=0x1
00:00:41.760827 VBVA: InfoScreen: [0] @0,0 1024x768, line 0x1000, BPP 32, flags 0x1
00:00:41.760844 Display::handleDisplayResize: uScreenId=0 pvVRAM=0000000006d70000 w=1024 h=768 bpp=32 cbLine=0x1000 flags=0x1
00:00:41.760964 VBVA: InfoScreen: [0] @0,0 1024x768, line 0x1000, BPP 32, flags 0x1
00:00:41.760980 Display::handleDisplayResize: uScreenId=0 pvVRAM=0000000006d70000 w=1024 h=768 bpp=32 cbLine=0x1000 flags=0x1
00:00:41.761096 VBVA: InfoScreen: [0] @0,0 1024x768, line 0x1000, BPP 32, flags 0x1
00:00:41.761112 Display::handleDisplayResize: uScreenId=0 pvVRAM=0000000006d70000 w=1024 h=768 bpp=32 cbLine=0x1000 flags=0x1
00:00:41.761230 VBVA: InfoScreen: [0] @0,0 1024x768, line 0x1000, BPP 32, flags 0x1
00:00:41.761247 Display::handleDisplayResize: uScreenId=0 pvVRAM=0000000006d70000 w=1024 h=768 bpp=32 cbLine=0x1000 flags=0x1
00:00:41.761366 VBVA: InfoScreen: [0] @0,0 1024x768, line 0x1000, BPP 32, flags 0x1
00:00:41.761381 Display::handleDisplayResize: uScreenId=0 pvVRAM=0000000006d70000 w=1024 h=768 bpp=32 cbLine=0x1000 flags=0x1
00:00:41.761507 VBVA: InfoScreen: [0] @0,0 1024x768, line 0x1000, BPP 32, flags 0x1
00:00:41.761523 Display::handleDisplayResize: uScreenId=0 pvVRAM=0000000006d70000 w=1024 h=768 bpp=32 cbLine=0x1000 flags=0x1
00:00:41.762740 VBVA: InfoScreen: [0] @0,0 1024x768, line 0x1000, BPP 32, flags 0x1
00:00:41.762760 Display::handleDisplayResize: uScreenId=0 pvVRAM=0000000006d70000 w=1024 h=768 bpp=32 cbLine=0x1000 flags=0x1
00:00:41.762899 VBVA: InfoScreen: [0] @0,0 1024x768, line 0x1000, BPP 32, flags 0x1
00:00:41.762915 Display::handleDisplayResize: uScreenId=0 pvVRAM=0000000006d70000 w=1024 h=768 bpp=32 cbLine=0x1000 flags=0x1
00:00:41.763039 VBVA: InfoScreen: [0] @0,0 1024x768, line 0x1000, BPP 32, flags 0x1
00:00:41.763054 Display::handleDisplayResize: uScreenId=0 pvVRAM=0000000006d70000 w=1024 h=768 bpp=32 cbLine=0x1000 flags=0x1
00:00:41.764648 VBVA: InfoScreen: [0] @0,0 1024x768, line 0x1000, BPP 32, flags 0x1
00:00:41.764671 Display::handleDisplayResize: uScreenId=0 pvVRAM=0000000006d70000 w=1024 h=768 bpp=32 cbLine=0x1000 flags=0x1
00:00:41.764943 VBVA: InfoScreen: [0] @0,0 1024x768, line 0x1000, BPP 32, flags 0x1
00:00:41.764967 Display::handleDisplayResize: uScreenId=0 pvVRAM=0000000006d70000 w=1024 h=768 bpp=32 cbLine=0x1000 flags=0x1
00:00:41.765091 VBVA: InfoScreen: [0] @0,0 1024x768, line 0x1000, BPP 32, flags 0x1
00:00:41.765107 Display::handleDisplayResize: uScreenId=0 pvVRAM=0000000006d70000 w=1024 h=768 bpp=32 cbLine=0x1000 flags=0x1
00:00:41.765225 VBVA: InfoScreen: [0] @0,0 1024x768, line 0x1000, BPP 32, flags 0x1
00:00:41.765241 Display::handleDisplayResize: uScreenId=0 pvVRAM=0000000006d70000 w=1024 h=768 bpp=32 cbLine=0x1000 flags=0x1
00:00:41.766827 VBVA: InfoScreen: [0] @0,0 1024x768, line 0x1000, BPP 32, flags 0x1
00:00:41.766849 Display::handleDisplayResize: uScreenId=0 pvVRAM=0000000006d70000 w=1024 h=768 bpp=32 cbLine=0x1000 flags=0x1
00:00:41.768217 VBVA: InfoScreen: [0] @0,0 1024x768, line 0x1000, BPP 32, flags 0x1
00:00:41.768241 Display::handleDisplayResize: uScreenId=0 pvVRAM=0000000006d70000 w=1024 h=768 bpp=32 cbLine=0x1000 flags=0x1
00:00:41.769789 VBVA: InfoScreen: [0] @0,0 1024x768, line 0x1000, BPP 32, flags 0x1
00:00:41.769811 Display::handleDisplayResize: uScreenId=0 pvVRAM=0000000006d70000 w=1024 h=768 bpp=32 cbLine=0x1000 flags=0x1
00:00:41.771275 VBVA: InfoScreen: [0] @0,0 1024x768, line 0x1000, BPP 32, flags 0x1
00:00:41.771297 Display::handleDisplayResize: uScreenId=0 pvVRAM=0000000006d70000 w=1024 h=768 bpp=32 cbLine=0x1000 flags=0x1
00:00:41.772783 VBVA: InfoScreen: [0] @0,0 1024x768, line 0x1000, BPP 32, flags 0x1
00:00:41.772804 Display::handleDisplayResize: uScreenId=0 pvVRAM=0000000006d70000 w=1024 h=768 bpp=32 cbLine=0x1000 flags=0x1
00:00:41.774385 VBVA: InfoScreen: [0] @0,0 1024x768, line 0x1000, BPP 32, flags 0x1
00:00:41.774406 Display::handleDisplayResize: uScreenId=0 pvVRAM=0000000006d70000 w=1024 h=768 bpp=32 cbLine=0x1000 flags=0x1
00:00:41.774623 VBVA: InfoScreen: [0] @0,0 1024x768, line 0x1000, BPP 32, flags 0x1
00:00:41.774640 Display::handleDisplayResize: uScreenId=0 pvVRAM=0000000006d70000 w=1024 h=768 bpp=32 cbLine=0x1000 flags=0x1
00:00:41.774793 VBVA: InfoScreen: [0] @0,0 1024x768, line 0x1000, BPP 32, flags 0x1
00:00:41.774809 Display::handleDisplayResize: uScreenId=0 pvVRAM=0000000006d70000 w=1024 h=768 bpp=32 cbLine=0x1000 flags=0x1
00:00:41.777158 VBVA: InfoScreen: [0] @0,0 1024x768, line 0x1000, BPP 32, flags 0x1
00:00:41.777180 Display::handleDisplayResize: uScreenId=0 pvVRAM=0000000006d70000 w=1024 h=768 bpp=32 cbLine=0x1000 flags=0x1
00:00:41.777411 VBVA: InfoScreen: [0] @0,0 1024x768, line 0x1000, BPP 32, flags 0x1
00:00:41.777428 Display::handleDisplayResize: uScreenId=0 pvVRAM=0000000006d70000 w=1024 h=768 bpp=32 cbLine=0x1000 flags=0x1
00:00:41.777560 VBVA: InfoScreen: [0] @0,0 1024x768, line 0x1000, BPP 32, flags 0x1
00:00:41.777576 Display::handleDisplayResize: uScreenId=0 pvVRAM=0000000006d70000 w=1024 h=768 bpp=32 cbLine=0x1000 flags=0x1
00:00:41.777706 VBVA: InfoScreen: [0] @0,0 1024x768, line 0x1000, BPP 32, flags 0x1
00:00:41.777722 Display::handleDisplayResize: uScreenId=0 pvVRAM=0000000006d70000 w=1024 h=768 bpp=32 cbLine=0x1000 flags=0x1
00:00:41.777883 VBVA: InfoScreen: [0] @0,0 1024x768, line 0x1000, BPP 32, flags 0x1
00:00:41.777900 Display::handleDisplayResize: uScreenId=0 pvVRAM=0000000006d70000 w=1024 h=768 bpp=32 cbLine=0x1000 flags=0x1
00:00:41.778015 VBVA: InfoScreen: [0] @0,0 1024x768, line 0x1000, BPP 32, flags 0x1
00:00:41.778031 Display::handleDisplayResize: uScreenId=0 pvVRAM=0000000006d70000 w=1024 h=768 bpp=32 cbLine=0x1000 flags=0x1
00:00:41.778148 VBVA: InfoScreen: [0] @0,0 1024x768, line 0x1000, BPP 32, flags 0x1
00:00:41.778163 Display::handleDisplayResize: uScreenId=0 pvVRAM=0000000006d70000 w=1024 h=768 bpp=32 cbLine=0x1000 flags=0x1
00:00:41.778278 VBVA: InfoScreen: [0] @0,0 1024x768, line 0x1000, BPP 32, flags 0x1
00:00:41.778293 Display::handleDisplayResize: uScreenId=0 pvVRAM=0000000006d70000 w=1024 h=768 bpp=32 cbLine=0x1000 flags=0x1
00:00:41.778408 VBVA: InfoScreen: [0] @0,0 1024x768, line 0x1000, BPP 32, flags 0x1
00:00:41.778430 Display::handleDisplayResize: uScreenId=0 pvVRAM=0000000006d70000 w=1024 h=768 bpp=32 cbLine=0x1000 flags=0x1
00:00:41.778562 VBVA: InfoScreen: [0] @0,0 1024x768, line 0x1000, BPP 32, flags 0x1
00:00:41.778578 Display::handleDisplayResize: uScreenId=0 pvVRAM=0000000006d70000 w=1024 h=768 bpp=32 cbLine=0x1000 flags=0x1
00:00:41.779690 VBVA: InfoScreen: [0] @0,0 1024x768, line 0x1000, BPP 32, flags 0x1
00:00:41.779707 Display::handleDisplayResize: uScreenId=0 pvVRAM=0000000006d70000 w=1024 h=768 bpp=32 cbLine=0x1000 flags=0x1
00:00:41.779865 VBVA: InfoScreen: [0] @0,0 1024x768, line 0x1000, BPP 32, flags 0x1
00:00:41.779881 Display::handleDisplayResize: uScreenId=0 pvVRAM=0000000006d70000 w=1024 h=768 bpp=32 cbLine=0x1000 flags=0x1
00:00:41.781756 VBVA: InfoScreen: [0] @0,0 1024x768, line 0x1000, BPP 32, flags 0x1
00:00:41.781776 Display::handleDisplayResize: uScreenId=0 pvVRAM=0000000006d70000 w=1024 h=768 bpp=32 cbLine=0x1000 flags=0x1
00:00:41.781915 VBVA: InfoScreen: [0] @0,0 1024x768, line 0x1000, BPP 32, flags 0x1
00:00:41.781932 Display::handleDisplayResize: uScreenId=0 pvVRAM=0000000006d70000 w=1024 h=768 bpp=32 cbLine=0x1000 flags=0x1
00:00:41.782049 VBVA: InfoScreen: [0] @0,0 1024x768, line 0x1000, BPP 32, flags 0x1
00:00:41.782065 Display::handleDisplayResize: uScreenId=0 pvVRAM=0000000006d70000 w=1024 h=768 bpp=32 cbLine=0x1000 flags=0x1
00:00:41.782179 VBVA: InfoScreen: [0] @0,0 1024x768, line 0x1000, BPP 32, flags 0x1
00:00:41.782195 Display::handleDisplayResize: uScreenId=0 pvVRAM=0000000006d70000 w=1024 h=768 bpp=32 cbLine=0x1000 flags=0x1
00:00:41.782333 VBVA: InfoScreen: [0] @0,0 1024x768, line 0x1000, BPP 32, flags 0x1
00:00:41.782349 Display::handleDisplayResize: uScreenId=0 pvVRAM=0000000006d70000 w=1024 h=768 bpp=32 cbLine=0x1000 flags=0x1
00:00:41.782480 VBVA: InfoScreen: [0] @0,0 1024x768, line 0x1000, BPP 32, flags 0x1
00:00:41.782496 Display::handleDisplayResize: uScreenId=0 pvVRAM=0000000006d70000 w=1024 h=768 bpp=32 cbLine=0x1000 flags=0x1
00:00:41.782614 VBVA: InfoScreen: [0] @0,0 1024x768, line 0x1000, BPP 32, flags 0x1
00:00:41.782629 Display::handleDisplayResize: uScreenId=0 pvVRAM=0000000006d70000 w=1024 h=768 bpp=32 cbLine=0x1000 flags=0x1
00:00:41.782742 VBVA: InfoScreen: [0] @0,0 1024x768, line 0x1000, BPP 32, flags 0x1
00:00:41.782759 Display::handleDisplayResize: uScreenId=0 pvVRAM=0000000006d70000 w=1024 h=768 bpp=32 cbLine=0x1000 flags=0x1
00:00:41.784882 VBVA: InfoScreen: [0] @0,0 1024x768, line 0x1000, BPP 32, flags 0x1
00:00:41.784903 Display::handleDisplayResize: uScreenId=0 pvVRAM=0000000006d70000 w=1024 h=768 bpp=32 cbLine=0x1000 flags=0x1
00:00:41.785114 VBVA: InfoScreen: [0] @0,0 1024x768, line 0x1000, BPP 32, flags 0x1
00:00:41.785131 Display::handleDisplayResize: uScreenId=0 pvVRAM=0000000006d70000 w=1024 h=768 bpp=32 cbLine=0x1000 flags=0x1
00:00:41.785272 VBVA: InfoScreen: [0] @0,0 1024x768, line 0x1000, BPP 32, flags 0x1
00:00:41.785288 Display::handleDisplayResize: uScreenId=0 pvVRAM=0000000006d70000 w=1024 h=768 bpp=32 cbLine=0x1000 flags=0x1
00:00:41.785407 VBVA: InfoScreen: [0] @0,0 1024x768, line 0x1000, BPP 32, flags 0x1
00:00:41.785422 Display::handleDisplayResize: uScreenId=0 pvVRAM=0000000006d70000 w=1024 h=768 bpp=32 cbLine=0x1000 flags=0x1
00:00:41.785550 VBVA: InfoScreen: [0] @0,0 1024x768, line 0x1000, BPP 32, flags 0x1
00:00:41.785566 Display::handleDisplayResize: uScreenId=0 pvVRAM=0000000006d70000 w=1024 h=768 bpp=32 cbLine=0x1000 flags=0x1
00:00:41.785685 VBVA: InfoScreen: [0] @0,0 1024x768, line 0x1000, BPP 32, flags 0x1
00:00:41.785701 Display::handleDisplayResize: uScreenId=0 pvVRAM=0000000006d70000 w=1024 h=768 bpp=32 cbLine=0x1000 flags=0x1
00:00:41.785848 VBVA: InfoScreen: [0] @0,0 1024x768, line 0x1000, BPP 32, flags 0x1
00:00:41.785864 Display::handleDisplayResize: uScreenId=0 pvVRAM=0000000006d70000 w=1024 h=768 bpp=32 cbLine=0x1000 flags=0x1
00:00:41.785982 VBVA: InfoScreen: [0] @0,0 1024x768, line 0x1000, BPP 32, flags 0x1
00:00:41.785997 Display::handleDisplayResize: uScreenId=0 pvVRAM=0000000006d70000 w=1024 h=768 bpp=32 cbLine=0x1000 flags=0x1
00:00:41.788426 VBVA: InfoScreen: [0] @0,0 1024x768, line 0x1000, BPP 32, flags 0x1
00:00:41.788453 Display::handleDisplayResize: uScreenId=0 pvVRAM=0000000006d70000 w=1024 h=768 bpp=32 cbLine=0x1000 flags=0x1
00:00:41.788681 VBVA: InfoScreen: [0] @0,0 1024x768, line 0x1000, BPP 32, flags 0x1
00:00:41.788698 Display::handleDisplayResize: uScreenId=0 pvVRAM=0000000006d70000 w=1024 h=768 bpp=32 cbLine=0x1000 flags=0x1
00:00:41.788849 VBVA: InfoScreen: [0] @0,0 1024x768, line 0x1000, BPP 32, flags 0x1
00:00:41.788866 Display::handleDisplayResize: uScreenId=0 pvVRAM=0000000006d70000 w=1024 h=768 bpp=32 cbLine=0x1000 flags=0x1
00:00:41.788985 VBVA: InfoScreen: [0] @0,0 1024x768, line 0x1000, BPP 32, flags 0x1
00:00:41.789000 Display::handleDisplayResize: uScreenId=0 pvVRAM=0000000006d70000 w=1024 h=768 bpp=32 cbLine=0x1000 flags=0x1
00:00:41.789114 VBVA: InfoScreen: [0] @0,0 1024x768, line 0x1000, BPP 32, flags 0x1
00:00:41.789129 Display::handleDisplayResize: uScreenId=0 pvVRAM=0000000006d70000 w=1024 h=768 bpp=32 cbLine=0x1000 flags=0x1
00:00:41.789243 VBVA: InfoScreen: [0] @0,0 1024x768, line 0x1000, BPP 32, flags 0x1
00:00:41.789259 Display::handleDisplayResize: uScreenId=0 pvVRAM=0000000006d70000 w=1024 h=768 bpp=32 cbLine=0x1000 flags=0x1
00:00:41.789375 VBVA: InfoScreen: [0] @0,0 1024x768, line 0x1000, BPP 32, flags 0x1
00:00:41.789390 Display::handleDisplayResize: uScreenId=0 pvVRAM=0000000006d70000 w=1024 h=768 bpp=32 cbLine=0x1000 flags=0x1
00:00:41.789504 VBVA: InfoScreen: [0] @0,0 1024x768, line 0x1000, BPP 32, flags 0x1
00:00:41.789519 Display::handleDisplayResize: uScreenId=0 pvVRAM=0000000006d70000 w=1024 h=768 bpp=32 cbLine=0x1000 flags=0x1
00:00:41.789631 VBVA: InfoScreen: [0] @0,0 1024x768, line 0x1000, BPP 32, flags 0x1
00:00:41.789646 Display::handleDisplayResize: uScreenId=0 pvVRAM=0000000006d70000 w=1024 h=768 bpp=32 cbLine=0x1000 flags=0x1
00:00:41.789760 VBVA: InfoScreen: [0] @0,0 1024x768, line 0x1000, BPP 32, flags 0x1
00:00:41.789775 Display::handleDisplayResize: uScreenId=0 pvVRAM=0000000006d70000 w=1024 h=768 bpp=32 cbLine=0x1000 flags=0x1
00:00:41.789909 VBVA: InfoScreen: [0] @0,0 1024x768, line 0x1000, BPP 32, flags 0x1
00:00:41.789925 Display::handleDisplayResize: uScreenId=0 pvVRAM=0000000006d70000 w=1024 h=768 bpp=32 cbLine=0x1000 flags=0x1
00:00:41.790041 VBVA: InfoScreen: [0] @0,0 1024x768, line 0x1000, BPP 32, flags 0x1
00:00:41.790056 Display::handleDisplayResize: uScreenId=0 pvVRAM=0000000006d70000 w=1024 h=768 bpp=32 cbLine=0x1000 flags=0x1
00:00:41.792492 VBVA: InfoScreen: [0] @0,0 1024x768, line 0x1000, BPP 32, flags 0x1
00:00:41.792512 Display::handleDisplayResize: uScreenId=0 pvVRAM=0000000006d70000 w=1024 h=768 bpp=32 cbLine=0x1000 flags=0x1
00:00:41.792735 VBVA: InfoScreen: [0] @0,0 1024x768, line 0x1000, BPP 32, flags 0x1
00:00:41.792753 Display::handleDisplayResize: uScreenId=0 pvVRAM=0000000006d70000 w=1024 h=768 bpp=32 cbLine=0x1000 flags=0x1
00:00:41.792904 VBVA: InfoScreen: [0] @0,0 1024x768, line 0x1000, BPP 32, flags 0x1
00:00:41.792920 Display::handleDisplayResize: uScreenId=0 pvVRAM=0000000006d70000 w=1024 h=768 bpp=32 cbLine=0x1000 flags=0x1
00:00:41.793040 VBVA: InfoScreen: [0] @0,0 1024x768, line 0x1000, BPP 32, flags 0x1
00:00:41.793055 Display::handleDisplayResize: uScreenId=0 pvVRAM=0000000006d70000 w=1024 h=768 bpp=32 cbLine=0x1000 flags=0x1
00:00:41.793171 VBVA: InfoScreen: [0] @0,0 1024x768, line 0x1000, BPP 32, flags 0x1
00:00:41.793186 Display::handleDisplayResize: uScreenId=0 pvVRAM=0000000006d70000 w=1024 h=768 bpp=32 cbLine=0x1000 flags=0x1
00:00:41.793301 VBVA: InfoScreen: [0] @0,0 1024x768, line 0x1000, BPP 32, flags 0x1
00:00:41.793316 Display::handleDisplayResize: uScreenId=0 pvVRAM=0000000006d70000 w=1024 h=768 bpp=32 cbLine=0x1000 flags=0x1
00:00:41.793434 VBVA: InfoScreen: [0] @0,0 1024x768, line 0x1000, BPP 32, flags 0x1
00:00:41.793450 Display::handleDisplayResize: uScreenId=0 pvVRAM=0000000006d70000 w=1024 h=768 bpp=32 cbLine=0x1000 flags=0x1
00:00:41.793576 VBVA: InfoScreen: [0] @0,0 1024x768, line 0x1000, BPP 32, flags 0x1
00:00:41.793598 Display::handleDisplayResize: uScreenId=0 pvVRAM=0000000006d70000 w=1024 h=768 bpp=32 cbLine=0x1000 flags=0x1
00:00:41.793718 VBVA: InfoScreen: [0] @0,0 1024x768, line 0x1000, BPP 32, flags 0x1
00:00:41.793734 Display::handleDisplayResize: uScreenId=0 pvVRAM=0000000006d70000 w=1024 h=768 bpp=32 cbLine=0x1000 flags=0x1
00:00:41.793869 VBVA: InfoScreen: [0] @0,0 1024x768, line 0x1000, BPP 32, flags 0x1
00:00:41.793885 Display::handleDisplayResize: uScreenId=0 pvVRAM=0000000006d70000 w=1024 h=768 bpp=32 cbLine=0x1000 flags=0x1
00:00:41.794001 VBVA: InfoScreen: [0] @0,0 1024x768, line 0x1000, BPP 32, flags 0x1
00:00:41.794016 Display::handleDisplayResize: uScreenId=0 pvVRAM=0000000006d70000 w=1024 h=768 bpp=32 cbLine=0x1000 flags=0x1
00:00:41.796934 VBVA: InfoScreen: [0] @0,0 1024x768, line 0x1000, BPP 32, flags 0x1
00:00:41.796952 Display::handleDisplayResize: uScreenId=0 pvVRAM=0000000006d70000 w=1024 h=768 bpp=32 cbLine=0x1000 flags=0x1
00:00:41.809373 VBVA: InfoScreen: [0] @0,0 1024x768, line 0x1000, BPP 32, flags 0x1
00:00:41.809411 Display::handleDisplayResize: uScreenId=0 pvVRAM=0000000006d70000 w=1024 h=768 bpp=32 cbLine=0x1000 flags=0x1
00:00:41.809649 VBVA: InfoScreen: [0] @0,0 1024x768, line 0x1000, BPP 32, flags 0x1
00:00:41.809668 Display::handleDisplayResize: uScreenId=0 pvVRAM=0000000006d70000 w=1024 h=768 bpp=32 cbLine=0x1000 flags=0x1
00:00:41.809835 VBVA: InfoScreen: [0] @0,0 1024x768, line 0x1000, BPP 32, flags 0x1
00:00:41.809852 Display::handleDisplayResize: uScreenId=0 pvVRAM=0000000006d70000 w=1024 h=768 bpp=32 cbLine=0x1000 flags=0x1
00:00:41.809979 VBVA: InfoScreen: [0] @0,0 1024x768, line 0x1000, BPP 32, flags 0x1
00:00:41.809995 Display::handleDisplayResize: uScreenId=0 pvVRAM=0000000006d70000 w=1024 h=768 bpp=32 cbLine=0x1000 flags=0x1
00:00:41.810111 VBVA: InfoScreen: [0] @0,0 1024x768, line 0x1000, BPP 32, flags 0x1
00:00:41.810127 Display::handleDisplayResize: uScreenId=0 pvVRAM=0000000006d70000 w=1024 h=768 bpp=32 cbLine=0x1000 flags=0x1
00:00:41.810243 VBVA: InfoScreen: [0] @0,0 1024x768, line 0x1000, BPP 32, flags 0x1
00:00:41.810263 Display::handleDisplayResize: uScreenId=0 pvVRAM=0000000006d70000 w=1024 h=768 bpp=32 cbLine=0x1000 flags=0x1
00:00:41.810417 VBVA: InfoScreen: [0] @0,0 1024x768, line 0x1000, BPP 32, flags 0x1
00:00:41.810904 Display::handleDisplayResize: uScreenId=0 pvVRAM=0000000006d70000 w=1024 h=768 bpp=32 cbLine=0x1000 flags=0x1
00:00:41.812921 VBVA: InfoScreen: [0] @0,0 1024x768, line 0x1000, BPP 32, flags 0x1
00:00:41.812944 Display::handleDisplayResize: uScreenId=0 pvVRAM=0000000006d70000 w=1024 h=768 bpp=32 cbLine=0x1000 flags=0x1
00:00:41.814642 VBVA: InfoScreen: [0] @0,0 1024x768, line 0x1000, BPP 32, flags 0x1
00:00:41.814664 Display::handleDisplayResize: uScreenId=0 pvVRAM=0000000006d70000 w=1024 h=768 bpp=32 cbLine=0x1000 flags=0x1
00:00:41.814977 VBVA: InfoScreen: [0] @0,0 1024x768, line 0x1000, BPP 32, flags 0x1
00:00:41.814997 Display::handleDisplayResize: uScreenId=0 pvVRAM=0000000006d70000 w=1024 h=768 bpp=32 cbLine=0x1000 flags=0x1
00:00:41.815140 VBVA: InfoScreen: [0] @0,0 1024x768, line 0x1000, BPP 32, flags 0x1
00:00:41.815159 Display::handleDisplayResize: uScreenId=0 pvVRAM=0000000006d70000 w=1024 h=768 bpp=32 cbLine=0x1000 flags=0x1
00:00:41.815300 VBVA: InfoScreen: [0] @0,0 1024x768, line 0x1000, BPP 32, flags 0x1
00:00:41.815319 Display::handleDisplayResize: uScreenId=0 pvVRAM=0000000006d70000 w=1024 h=768 bpp=32 cbLine=0x1000 flags=0x1
00:00:41.816874 VBVA: InfoScreen: [0] @0,0 1024x768, line 0x1000, BPP 32, flags 0x1
00:00:41.816897 Display::handleDisplayResize: uScreenId=0 pvVRAM=0000000006d70000 w=1024 h=768 bpp=32 cbLine=0x1000 flags=0x1
00:00:41.817041 VBVA: InfoScreen: [0] @0,0 1024x768, line 0x1000, BPP 32, flags 0x1
00:00:41.817060 Display::handleDisplayResize: uScreenId=0 pvVRAM=0000000006d70000 w=1024 h=768 bpp=32 cbLine=0x1000 flags=0x1
00:00:41.817198 VBVA: InfoScreen: [0] @0,0 1024x768, line 0x1000, BPP 32, flags 0x1
00:00:41.817224 Display::handleDisplayResize: uScreenId=0 pvVRAM=0000000006d70000 w=1024 h=768 bpp=32 cbLine=0x1000 flags=0x1
00:00:41.818941 VBVA: InfoScreen: [0] @0,0 1024x768, line 0x1000, BPP 32, flags 0x1
00:00:41.818969 Display::handleDisplayResize: uScreenId=0 pvVRAM=0000000006d70000 w=1024 h=768 bpp=32 cbLine=0x1000 flags=0x1
00:00:41.840658 VBVA: InfoScreen: [0] @0,0 1024x768, line 0x1000, BPP 32, flags 0x1
00:00:41.840697 Display::handleDisplayResize: uScreenId=0 pvVRAM=0000000006d70000 w=1024 h=768 bpp=32 cbLine=0x1000 flags=0x1
00:00:41.844428 VBVA: InfoScreen: [0] @0,0 1024x768, line 0x1000, BPP 32, flags 0x1
00:00:41.844460 Display::handleDisplayResize: uScreenId=0 pvVRAM=0000000006d70000 w=1024 h=768 bpp=32 cbLine=0x1000 flags=0x1
00:00:41.847009 VBVA: InfoScreen: [0] @0,0 1024x768, line 0x1000, BPP 32, flags 0x1
00:00:41.847040 Display::handleDisplayResize: uScreenId=0 pvVRAM=0000000006d70000 w=1024 h=768 bpp=32 cbLine=0x1000 flags=0x1
00:00:41.853956 VBVA: InfoScreen: [0] @0,0 1024x768, line 0x1000, BPP 32, flags 0x1
00:00:41.853992 Display::handleDisplayResize: uScreenId=0 pvVRAM=0000000006d70000 w=1024 h=768 bpp=32 cbLine=0x1000 flags=0x1
00:00:41.855854 VBVA: InfoScreen: [0] @0,0 1024x768, line 0x1000, BPP 32, flags 0x1
00:00:41.855884 Display::handleDisplayResize: uScreenId=0 pvVRAM=0000000006d70000 w=1024 h=768 bpp=32 cbLine=0x1000 flags=0x1
00:00:41.860479 VBVA: InfoScreen: [0] @0,0 1024x768, line 0x1000, BPP 32, flags 0x1
00:00:41.860513 Display::handleDisplayResize: uScreenId=0 pvVRAM=0000000006d70000 w=1024 h=768 bpp=32 cbLine=0x1000 flags=0x1
00:00:41.862994 VBVA: InfoScreen: [0] @0,0 1024x768, line 0x1000, BPP 32, flags 0x1
00:00:41.863026 Display::handleDisplayResize: uScreenId=0 pvVRAM=0000000006d70000 w=1024 h=768 bpp=32 cbLine=0x1000 flags=0x1
00:00:41.871650 VBVA: InfoScreen: [0] @0,0 1024x768, line 0x1000, BPP 32, flags 0x1
00:00:41.871692 Display::handleDisplayResize: uScreenId=0 pvVRAM=0000000006d70000 w=1024 h=768 bpp=32 cbLine=0x1000 flags=0x1
00:00:41.875638 VBVA: InfoScreen: [0] @0,0 1024x768, line 0x1000, BPP 32, flags 0x1
00:00:41.875670 Display::handleDisplayResize: uScreenId=0 pvVRAM=0000000006d70000 w=1024 h=768 bpp=32 cbLine=0x1000 flags=0x1
00:00:41.875912 VBVA: InfoScreen: [0] @0,0 1024x768, line 0x1000, BPP 32, flags 0x1
00:00:41.875934 Display::handleDisplayResize: uScreenId=0 pvVRAM=0000000006d70000 w=1024 h=768 bpp=32 cbLine=0x1000 flags=0x1
00:00:41.879155 VBVA: InfoScreen: [0] @0,0 1024x768, line 0x1000, BPP 32, flags 0x1
00:00:41.879186 Display::handleDisplayResize: uScreenId=0 pvVRAM=0000000006d70000 w=1024 h=768 bpp=32 cbLine=0x1000 flags=0x1
00:00:41.893615 VBVA: InfoScreen: [0] @0,0 1024x768, line 0x1000, BPP 32, flags 0x1
00:00:41.893664 Display::handleDisplayResize: uScreenId=0 pvVRAM=0000000006d70000 w=1024 h=768 bpp=32 cbLine=0x1000 flags=0x1
00:00:41.898339 VBVA: InfoScreen: [0] @0,0 1024x768, line 0x1000, BPP 32, flags 0x1
00:00:41.898377 Display::handleDisplayResize: uScreenId=0 pvVRAM=0000000006d70000 w=1024 h=768 bpp=32 cbLine=0x1000 flags=0x1
00:00:41.918432 VBVA: InfoScreen: [0] @0,0 1024x768, line 0x1000, BPP 32, flags 0x1
00:00:41.918478 Display::handleDisplayResize: uScreenId=0 pvVRAM=0000000006d70000 w=1024 h=768 bpp=32 cbLine=0x1000 flags=0x1
00:00:41.923385 VBVA: InfoScreen: [0] @0,0 1024x768, line 0x1000, BPP 32, flags 0x1
00:00:41.923418 Display::handleDisplayResize: uScreenId=0 pvVRAM=0000000006d70000 w=1024 h=768 bpp=32 cbLine=0x1000 flags=0x1
00:00:41.936123 VBVA: InfoScreen: [0] @0,0 1024x768, line 0x1000, BPP 32, flags 0x1
00:00:41.936165 Display::handleDisplayResize: uScreenId=0 pvVRAM=0000000006d70000 w=1024 h=768 bpp=32 cbLine=0x1000 flags=0x1
00:00:41.937525 VBVA: InfoScreen: [0] @0,0 1024x768, line 0x1000, BPP 32, flags 0x1
00:00:41.937554 Display::handleDisplayResize: uScreenId=0 pvVRAM=0000000006d70000 w=1024 h=768 bpp=32 cbLine=0x1000 flags=0x1
00:00:41.938268 VBVA: InfoScreen: [0] @0,0 1024x768, line 0x1000, BPP 32, flags 0x1
00:00:41.938292 Display::handleDisplayResize: uScreenId=0 pvVRAM=0000000006d70000 w=1024 h=768 bpp=32 cbLine=0x1000 flags=0x1
00:00:41.939160 VBVA: InfoScreen: [0] @0,0 1024x768, line 0x1000, BPP 32, flags 0x1
00:00:41.939187 Display::handleDisplayResize: uScreenId=0 pvVRAM=0000000006d70000 w=1024 h=768 bpp=32 cbLine=0x1000 flags=0x1
00:00:41.940701 VBVA: InfoScreen: [0] @0,0 1024x768, line 0x1000, BPP 32, flags 0x1
00:00:41.940726 Display::handleDisplayResize: uScreenId=0 pvVRAM=0000000006d70000 w=1024 h=768 bpp=32 cbLine=0x1000 flags=0x1
00:00:41.954919 VBVA: InfoScreen: [0] @0,0 1024x768, line 0x1000, BPP 32, flags 0x1
00:00:41.954961 Display::handleDisplayResize: uScreenId=0 pvVRAM=0000000006d70000 w=1024 h=768 bpp=32 cbLine=0x1000 flags=0x1
00:00:41.955527 VBVA: InfoScreen: [0] @0,0 1024x768, line 0x1000, BPP 32, flags 0x1
00:00:41.955551 Display::handleDisplayResize: uScreenId=0 pvVRAM=0000000006d70000 w=1024 h=768 bpp=32 cbLine=0x1000 flags=0x1
00:00:41.968717 VBVA: InfoScreen: [0] @0,0 1024x768, line 0x1000, BPP 32, flags 0x1
00:00:41.968758 Display::handleDisplayResize: uScreenId=0 pvVRAM=0000000006d70000 w=1024 h=768 bpp=32 cbLine=0x1000 flags=0x1
00:00:41.970047 VBVA: InfoScreen: [0] @0,0 1024x768, line 0x1000, BPP 32, flags 0x1
00:00:41.970071 Display::handleDisplayResize: uScreenId=0 pvVRAM=0000000006d70000 w=1024 h=768 bpp=32 cbLine=0x1000 flags=0x1
00:00:41.970195 VBVA: InfoScreen: [0] @0,0 1024x768, line 0x1000, BPP 32, flags 0x1
00:00:41.970212 Display::handleDisplayResize: uScreenId=0 pvVRAM=0000000006d70000 w=1024 h=768 bpp=32 cbLine=0x1000 flags=0x1
00:00:41.970333 VBVA: InfoScreen: [0] @0,0 1024x768, line 0x1000, BPP 32, flags 0x1
00:00:41.970349 Display::handleDisplayResize: uScreenId=0 pvVRAM=0000000006d70000 w=1024 h=768 bpp=32 cbLine=0x1000 flags=0x1
00:00:41.972353 VBVA: InfoScreen: [0] @0,0 1024x768, line 0x1000, BPP 32, flags 0x1
00:00:41.972376 Display::handleDisplayResize: uScreenId=0 pvVRAM=0000000006d70000 w=1024 h=768 bpp=32 cbLine=0x1000 flags=0x1
00:00:41.982460 VBVA: InfoScreen: [0] @0,0 1024x768, line 0x1000, BPP 32, flags 0x1
00:00:41.982498 Display::handleDisplayResize: uScreenId=0 pvVRAM=0000000006d70000 w=1024 h=768 bpp=32 cbLine=0x1000 flags=0x1
00:00:41.985372 VBVA: InfoScreen: [0] @0,0 1024x768, line 0x1000, BPP 32, flags 0x1
00:00:41.985401 Display::handleDisplayResize: uScreenId=0 pvVRAM=0000000006d70000 w=1024 h=768 bpp=32 cbLine=0x1000 flags=0x1
00:00:41.999518 VBVA: InfoScreen: [0] @0,0 1024x768, line 0x1000, BPP 32, flags 0x1
00:00:41.999560 Display::handleDisplayResize: uScreenId=0 pvVRAM=0000000006d70000 w=1024 h=768 bpp=32 cbLine=0x1000 flags=0x1
00:00:42.002345 VBVA: InfoScreen: [0] @0,0 1024x768, line 0x1000, BPP 32, flags 0x1
00:00:42.002373 Display::handleDisplayResize: uScreenId=0 pvVRAM=0000000006d70000 w=1024 h=768 bpp=32 cbLine=0x1000 flags=0x1
00:00:42.011372 VBVA: InfoScreen: [0] @0,0 1024x768, line 0x1000, BPP 32, flags 0x1
00:00:42.011410 Display::handleDisplayResize: uScreenId=0 pvVRAM=0000000006d70000 w=1024 h=768 bpp=32 cbLine=0x1000 flags=0x1
00:00:42.012633 VBVA: InfoScreen: [0] @0,0 1024x768, line 0x1000, BPP 32, flags 0x1
00:00:42.012657 Display::handleDisplayResize: uScreenId=0 pvVRAM=0000000006d70000 w=1024 h=768 bpp=32 cbLine=0x1000 flags=0x1
00:00:42.013230 VBVA: InfoScreen: [0] @0,0 1024x768, line 0x1000, BPP 32, flags 0x1
00:00:42.013251 Display::handleDisplayResize: uScreenId=0 pvVRAM=0000000006d70000 w=1024 h=768 bpp=32 cbLine=0x1000 flags=0x1
00:00:42.014776 VBVA: InfoScreen: [0] @0,0 1024x768, line 0x1000, BPP 32, flags 0x1
00:00:42.014798 Display::handleDisplayResize: uScreenId=0 pvVRAM=0000000006d70000 w=1024 h=768 bpp=32 cbLine=0x1000 flags=0x1
00:00:42.023850 VBVA: InfoScreen: [0] @0,0 1024x768, line 0x1000, BPP 32, flags 0x1
00:00:42.023886 Display::handleDisplayResize: uScreenId=0 pvVRAM=0000000006d70000 w=1024 h=768 bpp=32 cbLine=0x1000 flags=0x1
00:00:42.026317 VBVA: InfoScreen: [0] @0,0 1024x768, line 0x1000, BPP 32, flags 0x1
00:00:42.026346 Display::handleDisplayResize: uScreenId=0 pvVRAM=0000000006d70000 w=1024 h=768 bpp=32 cbLine=0x1000 flags=0x1
00:00:42.028928 VBVA: InfoScreen: [0] @0,0 1024x768, line 0x1000, BPP 32, flags 0x1
00:00:42.028962 Display::handleDisplayResize: uScreenId=0 pvVRAM=0000000006d70000 w=1024 h=768 bpp=32 cbLine=0x1000 flags=0x1
00:00:42.036333 VBVA: InfoScreen: [0] @0,0 1024x768, line 0x1000, BPP 32, flags 0x1
00:00:42.036366 Display::handleDisplayResize: uScreenId=0 pvVRAM=0000000006d70000 w=1024 h=768 bpp=32 cbLine=0x1000 flags=0x1
00:00:42.039308 VBVA: InfoScreen: [0] @0,0 1024x768, line 0x1000, BPP 32, flags 0x1
00:00:42.039336 Display::handleDisplayResize: uScreenId=0 pvVRAM=0000000006d70000 w=1024 h=768 bpp=32 cbLine=0x1000 flags=0x1
00:00:42.061405 VBVA: InfoScreen: [0] @0,0 1024x768, line 0x1000, BPP 32, flags 0x1
00:00:42.061447 Display::handleDisplayResize: uScreenId=0 pvVRAM=0000000006d70000 w=1024 h=768 bpp=32 cbLine=0x1000 flags=0x1
00:00:42.061928 VBVA: InfoScreen: [0] @0,0 1024x768, line 0x1000, BPP 32, flags 0x1
00:00:42.061951 Display::handleDisplayResize: uScreenId=0 pvVRAM=0000000006d70000 w=1024 h=768 bpp=32 cbLine=0x1000 flags=0x1
00:00:42.063683 VBVA: InfoScreen: [0] @0,0 1024x768, line 0x1000, BPP 32, flags 0x1
00:00:42.063708 Display::handleDisplayResize: uScreenId=0 pvVRAM=0000000006d70000 w=1024 h=768 bpp=32 cbLine=0x1000 flags=0x1
00:00:42.073338 VBVA: InfoScreen: [0] @0,0 1024x768, line 0x1000, BPP 32, flags 0x1
00:00:42.073373 Display::handleDisplayResize: uScreenId=0 pvVRAM=0000000006d70000 w=1024 h=768 bpp=32 cbLine=0x1000 flags=0x1
00:00:42.076966 VBVA: InfoScreen: [0] @0,0 1024x768, line 0x1000, BPP 32, flags 0x1
00:00:42.076998 Display::handleDisplayResize: uScreenId=0 pvVRAM=0000000006d70000 w=1024 h=768 bpp=32 cbLine=0x1000 flags=0x1
00:00:42.096942 VBVA: InfoScreen: [0] @0,0 1024x768, line 0x1000, BPP 32, flags 0x1
00:00:42.096981 Display::handleDisplayResize: uScreenId=0 pvVRAM=0000000006d70000 w=1024 h=768 bpp=32 cbLine=0x1000 flags=0x1
00:00:42.097507 VBVA: InfoScreen: [0] @0,0 1024x768, line 0x1000, BPP 32, flags 0x1
00:00:42.097530 Display::handleDisplayResize: uScreenId=0 pvVRAM=0000000006d70000 w=1024 h=768 bpp=32 cbLine=0x1000 flags=0x1
00:00:42.125149 VBVA: InfoScreen: [0] @0,0 1024x768, line 0x1000, BPP 32, flags 0x1
00:00:42.125190 Display::handleDisplayResize: uScreenId=0 pvVRAM=0000000006d70000 w=1024 h=768 bpp=32 cbLine=0x1000 flags=0x1
00:00:42.125681 VBVA: InfoScreen: [0] @0,0 1024x768, line 0x1000, BPP 32, flags 0x1
00:00:42.125704 Display::handleDisplayResize: uScreenId=0 pvVRAM=0000000006d70000 w=1024 h=768 bpp=32 cbLine=0x1000 flags=0x1
00:00:42.132579 VBVA: InfoScreen: [0] @0,0 1024x768, line 0x1000, BPP 32, flags 0x1
00:00:42.132614 Display::handleDisplayResize: uScreenId=0 pvVRAM=0000000006d70000 w=1024 h=768 bpp=32 cbLine=0x1000 flags=0x1
00:00:42.134593 VBVA: InfoScreen: [0] @0,0 1024x768, line 0x1000, BPP 32, flags 0x1
00:00:42.134619 Display::handleDisplayResize: uScreenId=0 pvVRAM=0000000006d70000 w=1024 h=768 bpp=32 cbLine=0x1000 flags=0x1
00:00:42.137280 VBVA: InfoScreen: [0] @0,0 1024x768, line 0x1000, BPP 32, flags 0x1
00:00:42.137307 Display::handleDisplayResize: uScreenId=0 pvVRAM=0000000006d70000 w=1024 h=768 bpp=32 cbLine=0x1000 flags=0x1
00:00:42.150359 VBVA: InfoScreen: [0] @0,0 1024x768, line 0x1000, BPP 32, flags 0x1
00:00:42.150397 Display::handleDisplayResize: uScreenId=0 pvVRAM=0000000006d70000 w=1024 h=768 bpp=32 cbLine=0x1000 flags=0x1
00:00:42.151010 VBVA: InfoScreen: [0] @0,0 1024x768, line 0x1000, BPP 32, flags 0x1
00:00:42.151030 Display::handleDisplayResize: uScreenId=0 pvVRAM=0000000006d70000 w=1024 h=768 bpp=32 cbLine=0x1000 flags=0x1
00:00:42.151135 VBVA: InfoScreen: [0] @0,0 1024x768, line 0x1000, BPP 32, flags 0x1
00:00:42.151149 Display::handleDisplayResize: uScreenId=0 pvVRAM=0000000006d70000 w=1024 h=768 bpp=32 cbLine=0x1000 flags=0x1
00:00:42.151248 VBVA: InfoScreen: [0] @0,0 1024x768, line 0x1000, BPP 32, flags 0x1
00:00:42.151261 Display::handleDisplayResize: uScreenId=0 pvVRAM=0000000006d70000 w=1024 h=768 bpp=32 cbLine=0x1000 flags=0x1
00:00:42.151371 VBVA: InfoScreen: [0] @0,0 1024x768, line 0x1000, BPP 32, flags 0x1
00:00:42.151391 Display::handleDisplayResize: uScreenId=0 pvVRAM=0000000006d70000 w=1024 h=768 bpp=32 cbLine=0x1000 flags=0x1
00:00:42.153168 VBVA: InfoScreen: [0] @0,0 1024x768, line 0x1000, BPP 32, flags 0x1
00:00:42.153186 Display::handleDisplayResize: uScreenId=0 pvVRAM=0000000006d70000 w=1024 h=768 bpp=32 cbLine=0x1000 flags=0x1
00:00:42.154917 VBVA: InfoScreen: [0] @0,0 1024x768, line 0x1000, BPP 32, flags 0x1
00:00:42.154939 Display::handleDisplayResize: uScreenId=0 pvVRAM=0000000006d70000 w=1024 h=768 bpp=32 cbLine=0x1000 flags=0x1
00:00:42.156223 VBVA: InfoScreen: [0] @0,0 1024x768, line 0x1000, BPP 32, flags 0x1
00:00:42.156242 Display::handleDisplayResize: uScreenId=0 pvVRAM=0000000006d70000 w=1024 h=768 bpp=32 cbLine=0x1000 flags=0x1
00:00:42.156346 VBVA: InfoScreen: [0] @0,0 1024x768, line 0x1000, BPP 32, flags 0x1
00:00:42.156360 Display::handleDisplayResize: uScreenId=0 pvVRAM=0000000006d70000 w=1024 h=768 bpp=32 cbLine=0x1000 flags=0x1
00:00:42.157788 VBVA: InfoScreen: [0] @0,0 1024x768, line 0x1000, BPP 32, flags 0x1
00:00:42.157808 Display::handleDisplayResize: uScreenId=0 pvVRAM=0000000006d70000 w=1024 h=768 bpp=32 cbLine=0x1000 flags=0x1
00:00:42.159551 VBVA: InfoScreen: [0] @0,0 1024x768, line 0x1000, BPP 32, flags 0x1
00:00:42.159571 Display::handleDisplayResize: uScreenId=0 pvVRAM=0000000006d70000 w=1024 h=768 bpp=32 cbLine=0x1000 flags=0x1
00:00:42.162334 VBVA: InfoScreen: [0] @0,0 1024x768, line 0x1000, BPP 32, flags 0x1
00:00:42.162358 Display::handleDisplayResize: uScreenId=0 pvVRAM=0000000006d70000 w=1024 h=768 bpp=32 cbLine=0x1000 flags=0x1
00:00:42.162954 VBVA: InfoScreen: [0] @0,0 1024x768, line 0x1000, BPP 32, flags 0x1
00:00:42.162971 Display::handleDisplayResize: uScreenId=0 pvVRAM=0000000006d70000 w=1024 h=768 bpp=32 cbLine=0x1000 flags=0x1
00:00:42.163069 VBVA: InfoScreen: [0] @0,0 1024x768, line 0x1000, BPP 32, flags 0x1
00:00:42.163083 Display::handleDisplayResize: uScreenId=0 pvVRAM=0000000006d70000 w=1024 h=768 bpp=32 cbLine=0x1000 flags=0x1
00:00:42.163178 VBVA: InfoScreen: [0] @0,0 1024x768, line 0x1000, BPP 32, flags 0x1
00:00:42.163191 Display::handleDisplayResize: uScreenId=0 pvVRAM=0000000006d70000 w=1024 h=768 bpp=32 cbLine=0x1000 flags=0x1
00:00:42.163284 VBVA: InfoScreen: [0] @0,0 1024x768, line 0x1000, BPP 32, flags 0x1
00:00:42.163298 Display::handleDisplayResize: uScreenId=0 pvVRAM=0000000006d70000 w=1024 h=768 bpp=32 cbLine=0x1000 flags=0x1
00:00:42.163392 VBVA: InfoScreen: [0] @0,0 1024x768, line 0x1000, BPP 32, flags 0x1
00:00:42.163405 Display::handleDisplayResize: uScreenId=0 pvVRAM=0000000006d70000 w=1024 h=768 bpp=32 cbLine=0x1000 flags=0x1
00:00:42.163498 VBVA: InfoScreen: [0] @0,0 1024x768, line 0x1000, BPP 32, flags 0x1
00:00:42.163511 Display::handleDisplayResize: uScreenId=0 pvVRAM=0000000006d70000 w=1024 h=768 bpp=32 cbLine=0x1000 flags=0x1
00:00:42.163607 VBVA: InfoScreen: [0] @0,0 1024x768, line 0x1000, BPP 32, flags 0x1
00:00:42.163619 Display::handleDisplayResize: uScreenId=0 pvVRAM=0000000006d70000 w=1024 h=768 bpp=32 cbLine=0x1000 flags=0x1
00:00:42.163712 VBVA: InfoScreen: [0] @0,0 1024x768, line 0x1000, BPP 32, flags 0x1
00:00:42.163725 Display::handleDisplayResize: uScreenId=0 pvVRAM=0000000006d70000 w=1024 h=768 bpp=32 cbLine=0x1000 flags=0x1
00:00:42.163841 VBVA: InfoScreen: [0] @0,0 1024x768, line 0x1000, BPP 32, flags 0x1
00:00:42.163854 Display::handleDisplayResize: uScreenId=0 pvVRAM=0000000006d70000 w=1024 h=768 bpp=32 cbLine=0x1000 flags=0x1
00:00:42.163955 VBVA: InfoScreen: [0] @0,0 1024x768, line 0x1000, BPP 32, flags 0x1
00:00:42.163968 Display::handleDisplayResize: uScreenId=0 pvVRAM=0000000006d70000 w=1024 h=768 bpp=32 cbLine=0x1000 flags=0x1
00:00:42.166058 VBVA: InfoScreen: [0] @0,0 1024x768, line 0x1000, BPP 32, flags 0x1
00:00:42.166080 Display::handleDisplayResize: uScreenId=0 pvVRAM=0000000006d70000 w=1024 h=768 bpp=32 cbLine=0x1000 flags=0x1
00:00:42.169275 VBVA: InfoScreen: [0] @0,0 1024x768, line 0x1000, BPP 32, flags 0x1
00:00:42.169301 Display::handleDisplayResize: uScreenId=0 pvVRAM=0000000006d70000 w=1024 h=768 bpp=32 cbLine=0x1000 flags=0x1
00:00:42.171673 VBVA: InfoScreen: [0] @0,0 1024x768, line 0x1000, BPP 32, flags 0x1
00:00:42.171700 Display::handleDisplayResize: uScreenId=0 pvVRAM=0000000006d70000 w=1024 h=768 bpp=32 cbLine=0x1000 flags=0x1
00:00:42.173096 VBVA: InfoScreen: [0] @0,0 1024x768, line 0x1000, BPP 32, flags 0x1
00:00:42.173116 Display::handleDisplayResize: uScreenId=0 pvVRAM=0000000006d70000 w=1024 h=768 bpp=32 cbLine=0x1000 flags=0x1
00:00:42.173220 VBVA: InfoScreen: [0] @0,0 1024x768, line 0x1000, BPP 32, flags 0x1
00:00:42.173233 Display::handleDisplayResize: uScreenId=0 pvVRAM=0000000006d70000 w=1024 h=768 bpp=32 cbLine=0x1000 flags=0x1
00:00:42.173334 VBVA: InfoScreen: [0] @0,0 1024x768, line 0x1000, BPP 32, flags 0x1
00:00:42.173347 Display::handleDisplayResize: uScreenId=0 pvVRAM=0000000006d70000 w=1024 h=768 bpp=32 cbLine=0x1000 flags=0x1
00:00:42.173442 VBVA: InfoScreen: [0] @0,0 1024x768, line 0x1000, BPP 32, flags 0x1
00:00:42.173455 Display::handleDisplayResize: uScreenId=0 pvVRAM=0000000006d70000 w=1024 h=768 bpp=32 cbLine=0x1000 flags=0x1
00:00:42.174080 VBVA: InfoScreen: [0] @0,0 1024x768, line 0x1000, BPP 32, flags 0x1
00:00:42.174094 Display::handleDisplayResize: uScreenId=0 pvVRAM=0000000006d70000 w=1024 h=768 bpp=32 cbLine=0x1000 flags=0x1
00:00:42.175128 VBVA: InfoScreen: [0] @0,0 1024x768, line 0x1000, BPP 32, flags 0x1
00:00:42.175145 Display::handleDisplayResize: uScreenId=0 pvVRAM=0000000006d70000 w=1024 h=768 bpp=32 cbLine=0x1000 flags=0x1
00:00:42.178256 VBVA: InfoScreen: [0] @0,0 1024x768, line 0x1000, BPP 32, flags 0x1
00:00:42.178279 Display::handleDisplayResize: uScreenId=0 pvVRAM=0000000006d70000 w=1024 h=768 bpp=32 cbLine=0x1000 flags=0x1
00:00:42.181169 VBVA: InfoScreen: [0] @0,0 1024x768, line 0x1000, BPP 32, flags 0x1
00:00:42.181193 Display::handleDisplayResize: uScreenId=0 pvVRAM=0000000006d70000 w=1024 h=768 bpp=32 cbLine=0x1000 flags=0x1
00:00:42.182238 VBVA: InfoScreen: [0] @0,0 1024x768, line 0x1000, BPP 32, flags 0x1
00:00:42.182257 Display::handleDisplayResize: uScreenId=0 pvVRAM=0000000006d70000 w=1024 h=768 bpp=32 cbLine=0x1000 flags=0x1
00:00:42.183107 VBVA: InfoScreen: [0] @0,0 1024x768, line 0x1000, BPP 32, flags 0x1
00:00:42.183124 Display::handleDisplayResize: uScreenId=0 pvVRAM=0000000006d70000 w=1024 h=768 bpp=32 cbLine=0x1000 flags=0x1
00:00:42.185431 VBVA: InfoScreen: [0] @0,0 1024x768, line 0x1000, BPP 32, flags 0x1
00:00:42.185453 Display::handleDisplayResize: uScreenId=0 pvVRAM=0000000006d70000 w=1024 h=768 bpp=32 cbLine=0x1000 flags=0x1
00:00:42.188377 VBVA: InfoScreen: [0] @0,0 1024x768, line 0x1000, BPP 32, flags 0x1
00:00:42.188402 Display::handleDisplayResize: uScreenId=0 pvVRAM=0000000006d70000 w=1024 h=768 bpp=32 cbLine=0x1000 flags=0x1
00:00:42.191262 VBVA: InfoScreen: [0] @0,0 1024x768, line 0x1000, BPP 32, flags 0x1
00:00:42.191288 Display::handleDisplayResize: uScreenId=0 pvVRAM=0000000006d70000 w=1024 h=768 bpp=32 cbLine=0x1000 flags=0x1
00:00:42.193418 VBVA: InfoScreen: [0] @0,0 1024x768, line 0x1000, BPP 32, flags 0x1
00:00:42.193442 Display::handleDisplayResize: uScreenId=0 pvVRAM=0000000006d70000 w=1024 h=768 bpp=32 cbLine=0x1000 flags=0x1
00:00:42.196277 VBVA: InfoScreen: [0] @0,0 1024x768, line 0x1000, BPP 32, flags 0x1
00:00:42.196303 Display::handleDisplayResize: uScreenId=0 pvVRAM=0000000006d70000 w=1024 h=768 bpp=32 cbLine=0x1000 flags=0x1
00:00:42.197109 VBVA: InfoScreen: [0] @0,0 1024x768, line 0x1000, BPP 32, flags 0x1
00:00:42.197128 Display::handleDisplayResize: uScreenId=0 pvVRAM=0000000006d70000 w=1024 h=768 bpp=32 cbLine=0x1000 flags=0x1
00:00:42.197232 VBVA: InfoScreen: [0] @0,0 1024x768, line 0x1000, BPP 32, flags 0x1
00:00:42.197246 Display::handleDisplayResize: uScreenId=0 pvVRAM=0000000006d70000 w=1024 h=768 bpp=32 cbLine=0x1000 flags=0x1
00:00:42.197346 VBVA: InfoScreen: [0] @0,0 1024x768, line 0x1000, BPP 32, flags 0x1
00:00:42.197359 Display::handleDisplayResize: uScreenId=0 pvVRAM=0000000006d70000 w=1024 h=768 bpp=32 cbLine=0x1000 flags=0x1
00:00:42.197464 VBVA: InfoScreen: [0] @0,0 1024x768, line 0x1000, BPP 32, flags 0x1
00:00:42.197481 Display::handleDisplayResize: uScreenId=0 pvVRAM=0000000006d70000 w=1024 h=768 bpp=32 cbLine=0x1000 flags=0x1
00:00:42.197579 VBVA: InfoScreen: [0] @0,0 1024x768, line 0x1000, BPP 32, flags 0x1
00:00:42.197592 Display::handleDisplayResize: uScreenId=0 pvVRAM=0000000006d70000 w=1024 h=768 bpp=32 cbLine=0x1000 flags=0x1
00:00:42.197693 VBVA: InfoScreen: [0] @0,0 1024x768, line 0x1000, BPP 32, flags 0x1
00:00:42.197706 Display::handleDisplayResize: uScreenId=0 pvVRAM=0000000006d70000 w=1024 h=768 bpp=32 cbLine=0x1000 flags=0x1
00:00:42.199262 VBVA: InfoScreen: [0] @0,0 1024x768, line 0x1000, BPP 32, flags 0x1
00:00:42.199281 Display::handleDisplayResize: uScreenId=0 pvVRAM=0000000006d70000 w=1024 h=768 bpp=32 cbLine=0x1000 flags=0x1
00:00:42.202271 VBVA: InfoScreen: [0] @0,0 1024x768, line 0x1000, BPP 32, flags 0x1
00:00:42.202294 Display::handleDisplayResize: uScreenId=0 pvVRAM=0000000006d70000 w=1024 h=768 bpp=32 cbLine=0x1000 flags=0x1
00:00:42.205268 VBVA: InfoScreen: [0] @0,0 1024x768, line 0x1000, BPP 32, flags 0x1
00:00:42.205292 Display::handleDisplayResize: uScreenId=0 pvVRAM=0000000006d70000 w=1024 h=768 bpp=32 cbLine=0x1000 flags=0x1
00:00:42.206014 VBVA: InfoScreen: [0] @0,0 1024x768, line 0x1000, BPP 32, flags 0x1
00:00:42.206033 Display::handleDisplayResize: uScreenId=0 pvVRAM=0000000006d70000 w=1024 h=768 bpp=32 cbLine=0x1000 flags=0x1
00:00:42.206134 VBVA: InfoScreen: [0] @0,0 1024x768, line 0x1000, BPP 32, flags 0x1
00:00:42.206148 Display::handleDisplayResize: uScreenId=0 pvVRAM=0000000006d70000 w=1024 h=768 bpp=32 cbLine=0x1000 flags=0x1
00:00:42.206247 VBVA: InfoScreen: [0] @0,0 1024x768, line 0x1000, BPP 32, flags 0x1
00:00:42.206260 Display::handleDisplayResize: uScreenId=0 pvVRAM=0000000006d70000 w=1024 h=768 bpp=32 cbLine=0x1000 flags=0x1
00:00:42.207156 VBVA: InfoScreen: [0] @0,0 1024x768, line 0x1000, BPP 32, flags 0x1
00:00:42.207172 Display::handleDisplayResize: uScreenId=0 pvVRAM=0000000006d70000 w=1024 h=768 bpp=32 cbLine=0x1000 flags=0x1
00:00:42.211233 VBVA: InfoScreen: [0] @0,0 1024x768, line 0x1000, BPP 32, flags 0x1
00:00:42.211258 Display::handleDisplayResize: uScreenId=0 pvVRAM=0000000006d70000 w=1024 h=768 bpp=32 cbLine=0x1000 flags=0x1
00:00:42.220434 VBVA: InfoScreen: [0] @0,0 1024x768, line 0x1000, BPP 32, flags 0x1
00:00:42.220467 Display::handleDisplayResize: uScreenId=0 pvVRAM=0000000006d70000 w=1024 h=768 bpp=32 cbLine=0x1000 flags=0x1
00:00:42.221922 VBVA: InfoScreen: [0] @0,0 1024x768, line 0x1000, BPP 32, flags 0x1
00:00:42.221946 Display::handleDisplayResize: uScreenId=0 pvVRAM=0000000006d70000 w=1024 h=768 bpp=32 cbLine=0x1000 flags=0x1
00:00:42.224089 VBVA: InfoScreen: [0] @0,0 1024x768, line 0x1000, BPP 32, flags 0x1
00:00:42.224117 Display::handleDisplayResize: uScreenId=0 pvVRAM=0000000006d70000 w=1024 h=768 bpp=32 cbLine=0x1000 flags=0x1
00:00:42.227683 VBVA: InfoScreen: [0] @0,0 1024x768, line 0x1000, BPP 32, flags 0x1
00:00:42.227715 Display::handleDisplayResize: uScreenId=0 pvVRAM=0000000006d70000 w=1024 h=768 bpp=32 cbLine=0x1000 flags=0x1
00:00:42.228211 VBVA: InfoScreen: [0] @0,0 1024x768, line 0x1000, BPP 32, flags 0x1
00:00:42.228231 Display::handleDisplayResize: uScreenId=0 pvVRAM=0000000006d70000 w=1024 h=768 bpp=32 cbLine=0x1000 flags=0x1
00:00:42.228969 VBVA: InfoScreen: [0] @0,0 1024x768, line 0x1000, BPP 32, flags 0x1
00:00:42.228989 Display::handleDisplayResize: uScreenId=0 pvVRAM=0000000006d70000 w=1024 h=768 bpp=32 cbLine=0x1000 flags=0x1
00:00:42.243772 VBVA: InfoScreen: [0] @0,0 1024x768, line 0x1000, BPP 32, flags 0x1
00:00:42.243808 Display::handleDisplayResize: uScreenId=0 pvVRAM=0000000006d70000 w=1024 h=768 bpp=32 cbLine=0x1000 flags=0x1
00:00:42.244384 VBVA: InfoScreen: [0] @0,0 1024x768, line 0x1000, BPP 32, flags 0x1
00:00:42.244406 Display::handleDisplayResize: uScreenId=0 pvVRAM=0000000006d70000 w=1024 h=768 bpp=32 cbLine=0x1000 flags=0x1
00:00:42.254635 VBVA: InfoScreen: [0] @0,0 1024x768, line 0x1000, BPP 32, flags 0x1
00:00:42.254675 Display::handleDisplayResize: uScreenId=0 pvVRAM=0000000006d70000 w=1024 h=768 bpp=32 cbLine=0x1000 flags=0x1
00:00:42.260449 VBVA: InfoScreen: [0] @0,0 1024x768, line 0x1000, BPP 32, flags 0x1
00:00:42.260479 Display::handleDisplayResize: uScreenId=0 pvVRAM=0000000006d70000 w=1024 h=768 bpp=32 cbLine=0x1000 flags=0x1
00:00:42.269952 VBVA: InfoScreen: [0] @0,0 1024x768, line 0x1000, BPP 32, flags 0x1
00:00:42.269984 Display::handleDisplayResize: uScreenId=0 pvVRAM=0000000006d70000 w=1024 h=768 bpp=32 cbLine=0x1000 flags=0x1
00:00:42.276364 VBVA: InfoScreen: [0] @0,0 1024x768, line 0x1000, BPP 32, flags 0x1
00:00:42.276397 Display::handleDisplayResize: uScreenId=0 pvVRAM=0000000006d70000 w=1024 h=768 bpp=32 cbLine=0x1000 flags=0x1
00:00:42.279062 VBVA: InfoScreen: [0] @0,0 1024x768, line 0x1000, BPP 32, flags 0x1
00:00:42.279088 Display::handleDisplayResize: uScreenId=0 pvVRAM=0000000006d70000 w=1024 h=768 bpp=32 cbLine=0x1000 flags=0x1
00:00:42.284286 VBVA: InfoScreen: [0] @0,0 1024x768, line 0x1000, BPP 32, flags 0x1
00:00:42.284317 Display::handleDisplayResize: uScreenId=0 pvVRAM=0000000006d70000 w=1024 h=768 bpp=32 cbLine=0x1000 flags=0x1
00:00:42.287300 VBVA: InfoScreen: [0] @0,0 1024x768, line 0x1000, BPP 32, flags 0x1
00:00:42.287325 Display::handleDisplayResize: uScreenId=0 pvVRAM=0000000006d70000 w=1024 h=768 bpp=32 cbLine=0x1000 flags=0x1
00:00:42.289751 VBVA: InfoScreen: [0] @0,0 1024x768, line 0x1000, BPP 32, flags 0x1
00:00:42.289773 Display::handleDisplayResize: uScreenId=0 pvVRAM=0000000006d70000 w=1024 h=768 bpp=32 cbLine=0x1000 flags=0x1
00:00:42.291971 VBVA: InfoScreen: [0] @0,0 1024x768, line 0x1000, BPP 32, flags 0x1
00:00:42.291995 Display::handleDisplayResize: uScreenId=0 pvVRAM=0000000006d70000 w=1024 h=768 bpp=32 cbLine=0x1000 flags=0x1
00:00:42.298690 VBVA: InfoScreen: [0] @0,0 1024x768, line 0x1000, BPP 32, flags 0x1
00:00:42.298722 Display::handleDisplayResize: uScreenId=0 pvVRAM=0000000006d70000 w=1024 h=768 bpp=32 cbLine=0x1000 flags=0x1
00:00:42.298991 VBVA: InfoScreen: [0] @0,0 1024x768, line 0x1000, BPP 32, flags 0x1
00:00:42.299007 Display::handleDisplayResize: uScreenId=0 pvVRAM=0000000006d70000 w=1024 h=768 bpp=32 cbLine=0x1000 flags=0x1
00:00:42.299150 VBVA: InfoScreen: [0] @0,0 1024x768, line 0x1000, BPP 32, flags 0x1
00:00:42.299164 Display::handleDisplayResize: uScreenId=0 pvVRAM=0000000006d70000 w=1024 h=768 bpp=32 cbLine=0x1000 flags=0x1
00:00:42.300264 VBVA: InfoScreen: [0] @0,0 1024x768, line 0x1000, BPP 32, flags 0x1
00:00:42.300279 Display::handleDisplayResize: uScreenId=0 pvVRAM=0000000006d70000 w=1024 h=768 bpp=32 cbLine=0x1000 flags=0x1
00:00:42.311011 VBVA: InfoScreen: [0] @0,0 1024x768, line 0x1000, BPP 32, flags 0x1
00:00:42.311042 Display::handleDisplayResize: uScreenId=0 pvVRAM=0000000006d70000 w=1024 h=768 bpp=32 cbLine=0x1000 flags=0x1
00:00:42.311527 VBVA: InfoScreen: [0] @0,0 1024x768, line 0x1000, BPP 32, flags 0x1
00:00:42.311546 Display::handleDisplayResize: uScreenId=0 pvVRAM=0000000006d70000 w=1024 h=768 bpp=32 cbLine=0x1000 flags=0x1
00:00:42.321297 VBVA: InfoScreen: [0] @0,0 1024x768, line 0x1000, BPP 32, flags 0x1
00:00:42.321330 Display::handleDisplayResize: uScreenId=0 pvVRAM=0000000006d70000 w=1024 h=768 bpp=32 cbLine=0x1000 flags=0x1
00:00:42.322440 VBVA: InfoScreen: [0] @0,0 1024x768, line 0x1000, BPP 32, flags 0x1
00:00:42.322459 Display::handleDisplayResize: uScreenId=0 pvVRAM=0000000006d70000 w=1024 h=768 bpp=32 cbLine=0x1000 flags=0x1
00:00:42.364886 VBVA: InfoScreen: [0] @0,0 1024x768, line 0x1000, BPP 32, flags 0x1
00:00:42.364937 Display::handleDisplayResize: uScreenId=0 pvVRAM=0000000006d70000 w=1024 h=768 bpp=32 cbLine=0x1000 flags=0x1
00:00:42.369221 VBVA: InfoScreen: [0] @0,0 1024x768, line 0x1000, BPP 32, flags 0x1
00:00:42.369258 Display::handleDisplayResize: uScreenId=0 pvVRAM=0000000006d70000 w=1024 h=768 bpp=32 cbLine=0x1000 flags=0x1
00:00:42.375989 VBVA: InfoScreen: [0] @0,0 1024x768, line 0x1000, BPP 32, flags 0x1
00:00:42.376033 Display::handleDisplayResize: uScreenId=0 pvVRAM=0000000006d70000 w=1024 h=768 bpp=32 cbLine=0x1000 flags=0x1
00:00:42.378939 VBVA: InfoScreen: [0] @0,0 1024x768, line 0x1000, BPP 32, flags 0x1
00:00:42.378977 Display::handleDisplayResize: uScreenId=0 pvVRAM=0000000006d70000 w=1024 h=768 bpp=32 cbLine=0x1000 flags=0x1
00:00:42.381507 VBVA: InfoScreen: [0] @0,0 1024x768, line 0x1000, BPP 32, flags 0x1
00:00:42.381539 Display::handleDisplayResize: uScreenId=0 pvVRAM=0000000006d70000 w=1024 h=768 bpp=32 cbLine=0x1000 flags=0x1
00:00:42.385534 VBVA: InfoScreen: [0] @0,0 1024x768, line 0x1000, BPP 32, flags 0x1
00:00:42.385568 Display::handleDisplayResize: uScreenId=0 pvVRAM=0000000006d70000 w=1024 h=768 bpp=32 cbLine=0x1000 flags=0x1
00:00:42.388925 VBVA: InfoScreen: [0] @0,0 1024x768, line 0x1000, BPP 32, flags 0x1
00:00:42.388961 Display::handleDisplayResize: uScreenId=0 pvVRAM=0000000006d70000 w=1024 h=768 bpp=32 cbLine=0x1000 flags=0x1
00:00:42.392571 VBVA: InfoScreen: [0] @0,0 1024x768, line 0x1000, BPP 32, flags 0x1
00:00:42.392608 Display::handleDisplayResize: uScreenId=0 pvVRAM=0000000006d70000 w=1024 h=768 bpp=32 cbLine=0x1000 flags=0x1
00:00:42.395111 VBVA: InfoScreen: [0] @0,0 1024x768, line 0x1000, BPP 32, flags 0x1
00:00:42.395143 Display::handleDisplayResize: uScreenId=0 pvVRAM=0000000006d70000 w=1024 h=768 bpp=32 cbLine=0x1000 flags=0x1
00:00:42.444077 VBVA: InfoScreen: [0] @0,0 1024x768, line 0x1000, BPP 32, flags 0x1
00:00:42.444123 Display::handleDisplayResize: uScreenId=0 pvVRAM=0000000006d70000 w=1024 h=768 bpp=32 cbLine=0x1000 flags=0x1
00:00:42.444286 VBVA: InfoScreen: [0] @0,0 1024x768, line 0x1000, BPP 32, flags 0x1
00:00:42.444308 Display::handleDisplayResize: uScreenId=0 pvVRAM=0000000006d70000 w=1024 h=768 bpp=32 cbLine=0x1000 flags=0x1
00:00:42.444473 VBVA: InfoScreen: [0] @0,0 1024x768, line 0x1000, BPP 32, flags 0x1
00:00:42.444494 Display::handleDisplayResize: uScreenId=0 pvVRAM=0000000006d70000 w=1024 h=768 bpp=32 cbLine=0x1000 flags=0x1
00:00:42.445030 VBVA: InfoScreen: [0] @0,0 1024x768, line 0x1000, BPP 32, flags 0x1
00:00:42.445053 Display::handleDisplayResize: uScreenId=0 pvVRAM=0000000006d70000 w=1024 h=768 bpp=32 cbLine=0x1000 flags=0x1
00:00:42.445198 VBVA: InfoScreen: [0] @0,0 1024x768, line 0x1000, BPP 32, flags 0x1
00:00:42.445217 Display::handleDisplayResize: uScreenId=0 pvVRAM=0000000006d70000 w=1024 h=768 bpp=32 cbLine=0x1000 flags=0x1
00:00:42.446387 VBVA: InfoScreen: [0] @0,0 1024x768, line 0x1000, BPP 32, flags 0x1
00:00:42.446410 Display::handleDisplayResize: uScreenId=0 pvVRAM=0000000006d70000 w=1024 h=768 bpp=32 cbLine=0x1000 flags=0x1
00:00:42.446995 VBVA: InfoScreen: [0] @0,0 1024x768, line 0x1000, BPP 32, flags 0x1
00:00:42.447016 Display::handleDisplayResize: uScreenId=0 pvVRAM=0000000006d70000 w=1024 h=768 bpp=32 cbLine=0x1000 flags=0x1
00:00:42.447922 VBVA: InfoScreen: [0] @0,0 1024x768, line 0x1000, BPP 32, flags 0x1
00:00:42.447944 Display::handleDisplayResize: uScreenId=0 pvVRAM=0000000006d70000 w=1024 h=768 bpp=32 cbLine=0x1000 flags=0x1
00:00:42.478037 VBVA: InfoScreen: [0] @0,0 1024x768, line 0x1000, BPP 32, flags 0x1
00:00:42.478070 Display::handleDisplayResize: uScreenId=0 pvVRAM=0000000006d70000 w=1024 h=768 bpp=32 cbLine=0x1000 flags=0x1
00:00:42.478362 VBVA: InfoScreen: [0] @0,0 1024x768, line 0x1000, BPP 32, flags 0x1
00:00:42.478381 Display::handleDisplayResize: uScreenId=0 pvVRAM=0000000006d70000 w=1024 h=768 bpp=32 cbLine=0x1000 flags=0x1
00:00:42.478505 VBVA: InfoScreen: [0] @0,0 1024x768, line 0x1000, BPP 32, flags 0x1
00:00:42.478521 Display::handleDisplayResize: uScreenId=0 pvVRAM=0000000006d70000 w=1024 h=768 bpp=32 cbLine=0x1000 flags=0x1
00:00:42.478643 VBVA: InfoScreen: [0] @0,0 1024x768, line 0x1000, BPP 32, flags 0x1
00:00:42.478658 Display::handleDisplayResize: uScreenId=0 pvVRAM=0000000006d70000 w=1024 h=768 bpp=32 cbLine=0x1000 flags=0x1
00:00:42.481485 VBVA: InfoScreen: [0] @0,0 1024x768, line 0x1000, BPP 32, flags 0x1
00:00:42.481525 Display::handleDisplayResize: uScreenId=0 pvVRAM=0000000006d70000 w=1024 h=768 bpp=32 cbLine=0x1000 flags=0x1
00:00:42.487620 VBVA: InfoScreen: [0] @0,0 1024x768, line 0x1000, BPP 32, flags 0x1
00:00:42.487661 Display::handleDisplayResize: uScreenId=0 pvVRAM=0000000006d70000 w=1024 h=768 bpp=32 cbLine=0x1000 flags=0x1
00:00:42.497934 VBVA: InfoScreen: [0] @0,0 1024x768, line 0x1000, BPP 32, flags 0x1
00:00:42.497964 Display::handleDisplayResize: uScreenId=0 pvVRAM=0000000006d70000 w=1024 h=768 bpp=32 cbLine=0x1000 flags=0x1
00:00:42.498463 VBVA: InfoScreen: [0] @0,0 1024x768, line 0x1000, BPP 32, flags 0x1
00:00:42.498485 Display::handleDisplayResize: uScreenId=0 pvVRAM=0000000006d70000 w=1024 h=768 bpp=32 cbLine=0x1000 flags=0x1
00:00:42.498615 VBVA: InfoScreen: [0] @0,0 1024x768, line 0x1000, BPP 32, flags 0x1
00:00:42.498633 Display::handleDisplayResize: uScreenId=0 pvVRAM=0000000006d70000 w=1024 h=768 bpp=32 cbLine=0x1000 flags=0x1
00:00:42.498752 VBVA: InfoScreen: [0] @0,0 1024x768, line 0x1000, BPP 32, flags 0x1
00:00:42.498769 Display::handleDisplayResize: uScreenId=0 pvVRAM=0000000006d70000 w=1024 h=768 bpp=32 cbLine=0x1000 flags=0x1
00:00:42.498996 VBVA: InfoScreen: [0] @0,0 1024x768, line 0x1000, BPP 32, flags 0x1
00:00:42.499014 Display::handleDisplayResize: uScreenId=0 pvVRAM=0000000006d70000 w=1024 h=768 bpp=32 cbLine=0x1000 flags=0x1
00:00:42.500446 VBVA: InfoScreen: [0] @0,0 1024x768, line 0x1000, BPP 32, flags 0x1
00:00:42.500468 Display::handleDisplayResize: uScreenId=0 pvVRAM=0000000006d70000 w=1024 h=768 bpp=32 cbLine=0x1000 flags=0x1
00:00:42.504982 VBVA: InfoScreen: [0] @0,0 1024x768, line 0x1000, BPP 32, flags 0x1
00:00:42.505015 Display::handleDisplayResize: uScreenId=0 pvVRAM=0000000006d70000 w=1024 h=768 bpp=32 cbLine=0x1000 flags=0x1
00:00:42.505254 VBVA: InfoScreen: [0] @0,0 1024x768, line 0x1000, BPP 32, flags 0x1
00:00:42.505273 Display::handleDisplayResize: uScreenId=0 pvVRAM=0000000006d70000 w=1024 h=768 bpp=32 cbLine=0x1000 flags=0x1
00:00:42.510732 VBVA: InfoScreen: [0] @0,0 1024x768, line 0x1000, BPP 32, flags 0x1
00:00:42.510761 Display::handleDisplayResize: uScreenId=0 pvVRAM=0000000006d70000 w=1024 h=768 bpp=32 cbLine=0x1000 flags=0x1
00:00:42.512159 VBVA: InfoScreen: [0] @0,0 1024x768, line 0x1000, BPP 32, flags 0x1
00:00:42.512183 Display::handleDisplayResize: uScreenId=0 pvVRAM=0000000006d70000 w=1024 h=768 bpp=32 cbLine=0x1000 flags=0x1
00:00:42.615283 VBVA: InfoScreen: [0] @0,0 1024x768, line 0x1000, BPP 32, flags 0x1
00:00:42.615315 Display::handleDisplayResize: uScreenId=0 pvVRAM=0000000006d70000 w=1024 h=768 bpp=32 cbLine=0x1000 flags=0x1
00:00:42.628967 VBVA: InfoScreen: [0] @0,0 1024x768, line 0x1000, BPP 32, flags 0x1
00:00:42.628996 Display::handleDisplayResize: uScreenId=0 pvVRAM=0000000006d70000 w=1024 h=768 bpp=32 cbLine=0x1000 flags=0x1
00:00:42.630534 VBVA: InfoScreen: [0] @0,0 1024x768, line 0x1000, BPP 32, flags 0x1
00:00:42.630572 Display::handleDisplayResize: uScreenId=0 pvVRAM=0000000006d70000 w=1024 h=768 bpp=32 cbLine=0x1000 flags=0x1
00:00:42.672946 VBVA: InfoScreen: [0] @0,0 1024x768, line 0x1000, BPP 32, flags 0x1
00:00:42.672987 Display::handleDisplayResize: uScreenId=0 pvVRAM=0000000006d70000 w=1024 h=768 bpp=32 cbLine=0x1000 flags=0x1
00:00:42.686009 VBVA: InfoScreen: [0] @0,0 1024x768, line 0x1000, BPP 32, flags 0x1
00:00:42.686032 Display::handleDisplayResize: uScreenId=0 pvVRAM=0000000006d70000 w=1024 h=768 bpp=32 cbLine=0x1000 flags=0x1
00:00:42.723426 VBVA: InfoScreen: [0] @0,0 1024x768, line 0x1000, BPP 32, flags 0x1
00:00:42.723465 Display::handleDisplayResize: uScreenId=0 pvVRAM=0000000006d70000 w=1024 h=768 bpp=32 cbLine=0x1000 flags=0x1
00:00:42.726024 VBVA: InfoScreen: [0] @0,0 1024x768, line 0x1000, BPP 32, flags 0x1
00:00:42.726041 Display::handleDisplayResize: uScreenId=0 pvVRAM=0000000006d70000 w=1024 h=768 bpp=32 cbLine=0x1000 flags=0x1
00:00:42.732261 VBVA: InfoScreen: [0] @0,0 1024x768, line 0x1000, BPP 32, flags 0x1
00:00:42.732282 Display::handleDisplayResize: uScreenId=0 pvVRAM=0000000006d70000 w=1024 h=768 bpp=32 cbLine=0x1000 flags=0x1
00:00:42.732399 VBVA: InfoScreen: [0] @0,0 1024x768, line 0x1000, BPP 32, flags 0x1
00:00:42.732419 Display::handleDisplayResize: uScreenId=0 pvVRAM=0000000006d70000 w=1024 h=768 bpp=32 cbLine=0x1000 flags=0x1
00:00:42.732537 VBVA: InfoScreen: [0] @0,0 1024x768, line 0x1000, BPP 32, flags 0x1
00:00:42.732551 Display::handleDisplayResize: uScreenId=0 pvVRAM=0000000006d70000 w=1024 h=768 bpp=32 cbLine=0x1000 flags=0x1
00:00:42.732669 VBVA: InfoScreen: [0] @0,0 1024x768, line 0x1000, BPP 32, flags 0x1
00:00:42.732683 Display::handleDisplayResize: uScreenId=0 pvVRAM=0000000006d70000 w=1024 h=768 bpp=32 cbLine=0x1000 flags=0x1
00:00:42.732811 VBVA: InfoScreen: [0] @0,0 1024x768, line 0x1000, BPP 32, flags 0x1
00:00:42.732824 Display::handleDisplayResize: uScreenId=0 pvVRAM=0000000006d70000 w=1024 h=768 bpp=32 cbLine=0x1000 flags=0x1
00:00:42.732953 VBVA: InfoScreen: [0] @0,0 1024x768, line 0x1000, BPP 32, flags 0x1
00:00:42.732966 Display::handleDisplayResize: uScreenId=0 pvVRAM=0000000006d70000 w=1024 h=768 bpp=32 cbLine=0x1000 flags=0x1
00:00:42.734278 VBVA: InfoScreen: [0] @0,0 1024x768, line 0x1000, BPP 32, flags 0x1
00:00:42.734305 Display::handleDisplayResize: uScreenId=0 pvVRAM=0000000006d70000 w=1024 h=768 bpp=32 cbLine=0x1000 flags=0x1
00:00:42.762746 VBVA: InfoScreen: [0] @0,0 1024x768, line 0x1000, BPP 32, flags 0x1
00:00:42.762782 Display::handleDisplayResize: uScreenId=0 pvVRAM=0000000006d70000 w=1024 h=768 bpp=32 cbLine=0x1000 flags=0x1
00:00:42.764395 VBVA: InfoScreen: [0] @0,0 1024x768, line 0x1000, BPP 32, flags 0x1
00:00:42.764425 Display::handleDisplayResize: uScreenId=0 pvVRAM=0000000006d70000 w=1024 h=768 bpp=32 cbLine=0x1000 flags=0x1
00:00:42.787762 VBVA: InfoScreen: [0] @0,0 1024x768, line 0x1000, BPP 32, flags 0x1
00:00:42.787801 Display::handleDisplayResize: uScreenId=0 pvVRAM=0000000006d70000 w=1024 h=768 bpp=32 cbLine=0x1000 flags=0x1
00:00:42.790451 VBVA: InfoScreen: [0] @0,0 1024x768, line 0x1000, BPP 32, flags 0x1
00:00:42.790489 Display::handleDisplayResize: uScreenId=0 pvVRAM=0000000006d70000 w=1024 h=768 bpp=32 cbLine=0x1000 flags=0x1
00:00:42.804453 VBVA: InfoScreen: [0] @0,0 1024x768, line 0x1000, BPP 32, flags 0x1
00:00:42.804498 Display::handleDisplayResize: uScreenId=0 pvVRAM=0000000006d70000 w=1024 h=768 bpp=32 cbLine=0x1000 flags=0x1
00:00:42.814478 VBVA: InfoScreen: [0] @0,0 1024x768, line 0x1000, BPP 32, flags 0x1
00:00:42.814514 Display::handleDisplayResize: uScreenId=0 pvVRAM=0000000006d70000 w=1024 h=768 bpp=32 cbLine=0x1000 flags=0x1
00:00:42.894028 VBVA: InfoScreen: [0] @0,0 1024x768, line 0x1000, BPP 32, flags 0x1
00:00:42.894066 Display::handleDisplayResize: uScreenId=0 pvVRAM=0000000006d70000 w=1024 h=768 bpp=32 cbLine=0x1000 flags=0x1
00:00:43.027633 VBVA: InfoScreen: [0] @0,0 1024x768, line 0x1000, BPP 32, flags 0x1
00:00:43.027672 Display::handleDisplayResize: uScreenId=0 pvVRAM=0000000006d70000 w=1024 h=768 bpp=32 cbLine=0x1000 flags=0x1
00:00:43.027877 VBVA: InfoScreen: [0] @0,0 1024x768, line 0x1000, BPP 32, flags 0x1
00:00:43.027902 Display::handleDisplayResize: uScreenId=0 pvVRAM=0000000006d70000 w=1024 h=768 bpp=32 cbLine=0x1000 flags=0x1
00:00:43.028060 VBVA: InfoScreen: [0] @0,0 1024x768, line 0x1000, BPP 32, flags 0x1
00:00:43.028080 Display::handleDisplayResize: uScreenId=0 pvVRAM=0000000006d70000 w=1024 h=768 bpp=32 cbLine=0x1000 flags=0x1
00:00:43.029516 VBVA: InfoScreen: [0] @0,0 1024x768, line 0x1000, BPP 32, flags 0x1
00:00:43.029548 Display::handleDisplayResize: uScreenId=0 pvVRAM=0000000006d70000 w=1024 h=768 bpp=32 cbLine=0x1000 flags=0x1
00:00:43.030617 VBVA: InfoScreen: [0] @0,0 1024x768, line 0x1000, BPP 32, flags 0x1
00:00:43.030640 Display::handleDisplayResize: uScreenId=0 pvVRAM=0000000006d70000 w=1024 h=768 bpp=32 cbLine=0x1000 flags=0x1
00:00:43.031174 VBVA: InfoScreen: [0] @0,0 1024x768, line 0x1000, BPP 32, flags 0x1
00:00:43.031195 Display::handleDisplayResize: uScreenId=0 pvVRAM=0000000006d70000 w=1024 h=768 bpp=32 cbLine=0x1000 flags=0x1
00:00:43.081940 VBVA: InfoScreen: [0] @0,0 1024x768, line 0x1000, BPP 32, flags 0x1
00:00:43.081973 Display::handleDisplayResize: uScreenId=0 pvVRAM=0000000006d70000 w=1024 h=768 bpp=32 cbLine=0x1000 flags=0x1
00:00:43.082150 VBVA: InfoScreen: [0] @0,0 1024x768, line 0x1000, BPP 32, flags 0x1
00:00:43.082175 Display::handleDisplayResize: uScreenId=0 pvVRAM=0000000006d70000 w=1024 h=768 bpp=32 cbLine=0x1000 flags=0x1
00:00:43.083766 VBVA: InfoScreen: [0] @0,0 1024x768, line 0x1000, BPP 32, flags 0x1
00:00:43.083800 Display::handleDisplayResize: uScreenId=0 pvVRAM=0000000006d70000 w=1024 h=768 bpp=32 cbLine=0x1000 flags=0x1
00:00:43.085318 VBVA: InfoScreen: [0] @0,0 1024x768, line 0x1000, BPP 32, flags 0x1
00:00:43.085342 Display::handleDisplayResize: uScreenId=0 pvVRAM=0000000006d70000 w=1024 h=768 bpp=32 cbLine=0x1000 flags=0x1
00:00:43.102090 VBVA: InfoScreen: [0] @0,0 1024x768, line 0x1000, BPP 32, flags 0x1
00:00:43.102120 Display::handleDisplayResize: uScreenId=0 pvVRAM=0000000006d70000 w=1024 h=768 bpp=32 cbLine=0x1000 flags=0x1
00:00:43.310177 VBVA: InfoScreen: [0] @0,0 1024x768, line 0x1000, BPP 32, flags 0x1
00:00:43.310221 Display::handleDisplayResize: uScreenId=0 pvVRAM=0000000006d70000 w=1024 h=768 bpp=32 cbLine=0x1000 flags=0x1
00:00:43.393985 VBVA: InfoScreen: [0] @0,0 1024x768, line 0x1000, BPP 32, flags 0x1
00:00:43.394033 Display::handleDisplayResize: uScreenId=0 pvVRAM=0000000006d70000 w=1024 h=768 bpp=32 cbLine=0x1000 flags=0x1
00:00:43.396897 VBVA: InfoScreen: [0] @0,0 1024x768, line 0x1000, BPP 32, flags 0x1
00:00:43.396938 Display::handleDisplayResize: uScreenId=0 pvVRAM=0000000006d70000 w=1024 h=768 bpp=32 cbLine=0x1000 flags=0x1
00:00:43.397127 VBVA: InfoScreen: [0] @0,0 1024x768, line 0x1000, BPP 32, flags 0x1
00:00:43.397147 Display::handleDisplayResize: uScreenId=0 pvVRAM=0000000006d70000 w=1024 h=768 bpp=32 cbLine=0x1000 flags=0x1
00:00:43.397291 VBVA: InfoScreen: [0] @0,0 1024x768, line 0x1000, BPP 32, flags 0x1
00:00:43.397311 Display::handleDisplayResize: uScreenId=0 pvVRAM=0000000006d70000 w=1024 h=768 bpp=32 cbLine=0x1000 flags=0x1
00:00:43.397474 VBVA: InfoScreen: [0] @0,0 1024x768, line 0x1000, BPP 32, flags 0x1
00:00:43.397494 Display::handleDisplayResize: uScreenId=0 pvVRAM=0000000006d70000 w=1024 h=768 bpp=32 cbLine=0x1000 flags=0x1
00:00:43.398447 VBVA: InfoScreen: [0] @0,0 1024x768, line 0x1000, BPP 32, flags 0x1
00:00:43.398470 Display::handleDisplayResize: uScreenId=0 pvVRAM=0000000006d70000 w=1024 h=768 bpp=32 cbLine=0x1000 flags=0x1
00:00:43.519048 VBVA: InfoScreen: [0] @0,0 1024x768, line 0x1000, BPP 32, flags 0x1
00:00:43.519085 Display::handleDisplayResize: uScreenId=0 pvVRAM=0000000006d70000 w=1024 h=768 bpp=32 cbLine=0x1000 flags=0x1
00:00:43.726211 VBVA: InfoScreen: [0] @0,0 1024x768, line 0x1000, BPP 32, flags 0x1
00:00:43.726253 Display::handleDisplayResize: uScreenId=0 pvVRAM=0000000006d70000 w=1024 h=768 bpp=32 cbLine=0x1000 flags=0x1
00:00:43.934202 VBVA: InfoScreen: [0] @0,0 1024x768, line 0x1000, BPP 32, flags 0x1
00:00:43.934234 Display::handleDisplayResize: uScreenId=0 pvVRAM=0000000006d70000 w=1024 h=768 bpp=32 cbLine=0x1000 flags=0x1
00:00:44.057832 VBVA: InfoScreen: [0] @0,0 1024x768, line 0x1000, BPP 32, flags 0x1
00:00:44.057886 Display::handleDisplayResize: uScreenId=0 pvVRAM=0000000006d70000 w=1024 h=768 bpp=32 cbLine=0x1000 flags=0x1
00:00:44.061402 VBVA: InfoScreen: [0] @0,0 1024x768, line 0x1000, BPP 32, flags 0x1
00:00:44.061437 Display::handleDisplayResize: uScreenId=0 pvVRAM=0000000006d70000 w=1024 h=768 bpp=32 cbLine=0x1000 flags=0x1
00:00:44.062794 VBVA: InfoScreen: [0] @0,0 1024x768, line 0x1000, BPP 32, flags 0x1
00:00:44.062830 Display::handleDisplayResize: uScreenId=0 pvVRAM=0000000006d70000 w=1024 h=768 bpp=32 cbLine=0x1000 flags=0x1
00:00:44.065689 VBVA: InfoScreen: [0] @0,0 1024x768, line 0x1000, BPP 32, flags 0x1
00:00:44.065726 Display::handleDisplayResize: uScreenId=0 pvVRAM=0000000006d70000 w=1024 h=768 bpp=32 cbLine=0x1000 flags=0x1
00:00:44.068499 VBVA: InfoScreen: [0] @0,0 1024x768, line 0x1000, BPP 32, flags 0x1
00:00:44.068545 Display::handleDisplayResize: uScreenId=0 pvVRAM=0000000006d70000 w=1024 h=768 bpp=32 cbLine=0x1000 flags=0x1
00:00:44.069866 VBVA: InfoScreen: [0] @0,0 1024x768, line 0x1000, BPP 32, flags 0x1
00:00:44.069897 Display::handleDisplayResize: uScreenId=0 pvVRAM=0000000006d70000 w=1024 h=768 bpp=32 cbLine=0x1000 flags=0x1
00:00:44.142220 VBVA: InfoScreen: [0] @0,0 1024x768, line 0x1000, BPP 32, flags 0x1
00:00:44.142255 Display::handleDisplayResize: uScreenId=0 pvVRAM=0000000006d70000 w=1024 h=768 bpp=32 cbLine=0x1000 flags=0x1
00:00:44.162283 VBVA: InfoScreen: [0] @0,0 1024x768, line 0x1000, BPP 32, flags 0x1
00:00:44.162313 Display::handleDisplayResize: uScreenId=0 pvVRAM=0000000006d70000 w=1024 h=768 bpp=32 cbLine=0x1000 flags=0x1
00:00:44.164773 VBVA: InfoScreen: [0] @0,0 1024x768, line 0x1000, BPP 32, flags 0x1
00:00:44.164810 Display::handleDisplayResize: uScreenId=0 pvVRAM=0000000006d70000 w=1024 h=768 bpp=32 cbLine=0x1000 flags=0x1
00:00:44.166477 VBVA: InfoScreen: [0] @0,0 1024x768, line 0x1000, BPP 32, flags 0x1
00:00:44.166502 Display::handleDisplayResize: uScreenId=0 pvVRAM=0000000006d70000 w=1024 h=768 bpp=32 cbLine=0x1000 flags=0x1
00:00:44.350250 VBVA: InfoScreen: [0] @0,0 1024x768, line 0x1000, BPP 32, flags 0x1
00:00:44.350288 Display::handleDisplayResize: uScreenId=0 pvVRAM=0000000006d70000 w=1024 h=768 bpp=32 cbLine=0x1000 flags=0x1
00:00:44.558246 VBVA: InfoScreen: [0] @0,0 1024x768, line 0x1000, BPP 32, flags 0x1
00:00:44.558280 Display::handleDisplayResize: uScreenId=0 pvVRAM=0000000006d70000 w=1024 h=768 bpp=32 cbLine=0x1000 flags=0x1
00:00:44.766293 VBVA: InfoScreen: [0] @0,0 1024x768, line 0x1000, BPP 32, flags 0x1
00:00:44.766332 Display::handleDisplayResize: uScreenId=0 pvVRAM=0000000006d70000 w=1024 h=768 bpp=32 cbLine=0x1000 flags=0x1
00:00:44.974313 VBVA: InfoScreen: [0] @0,0 1024x768, line 0x1000, BPP 32, flags 0x1
00:00:44.974350 Display::handleDisplayResize: uScreenId=0 pvVRAM=0000000006d70000 w=1024 h=768 bpp=32 cbLine=0x1000 flags=0x1
00:00:45.051598 VMMDev: Guest Log: vboxguest: host-version: 5.2.20r125813 0x1
00:00:45.051657 VMMDev: Guest Additions information report: Version 6.0.0 r127566 '6.0.0'
00:00:45.051699 VMMDev: Guest Additions information report: Interface = 0x00010004 osType = 0x00053100 (Linux >= 2.6, 64-bit)
00:00:45.054008 VMMDev: Guest Additions capability report: (0x0 -> 0x0) seamless: no, hostWindowMapping: no, graphics: no
00:00:45.054197 VMMDev: Guest reported fixed hypervisor window at 00001800000 LB 0x800000 (rc=VINF_SUCCESS)
00:00:45.054233 VMMDev: vmmDevReqHandler_HeartbeatConfigure: No change (fHeartbeatActive=false).
00:00:45.055238 VMMDev: Heartbeat flatline timer set to trigger after 4 000 000 000 ns
00:00:45.055860 VMMDev: Guest Log: vbg_heartbeat_init: Setting up heartbeat to trigger every 2000 milliseconds
00:00:45.156398 VBVA: InfoScreen: [0] @0,0 1024x768, line 0x1000, BPP 32, flags 0x1
00:00:45.156436 Display::handleDisplayResize: uScreenId=0 pvVRAM=0000000006d70000 w=1024 h=768 bpp=32 cbLine=0x1000 flags=0x1
00:00:45.182330 VBVA: InfoScreen: [0] @0,0 1024x768, line 0x1000, BPP 32, flags 0x1
00:00:45.182359 Display::handleDisplayResize: uScreenId=0 pvVRAM=0000000006d70000 w=1024 h=768 bpp=32 cbLine=0x1000 flags=0x1
00:00:45.357263 VBVA: InfoScreen: [0] @0,0 1024x768, line 0x1000, BPP 32, flags 0x1
00:00:45.357310 Display::handleDisplayResize: uScreenId=0 pvVRAM=0000000006d70000 w=1024 h=768 bpp=32 cbLine=0x1000 flags=0x1
00:00:45.359333 VBVA: InfoScreen: [0] @0,0 1024x768, line 0x1000, BPP 32, flags 0x1
00:00:45.359360 Display::handleDisplayResize: uScreenId=0 pvVRAM=0000000006d70000 w=1024 h=768 bpp=32 cbLine=0x1000 flags=0x1
00:00:45.362478 VBVA: InfoScreen: [0] @0,0 1024x768, line 0x1000, BPP 32, flags 0x1
00:00:45.362511 Display::handleDisplayResize: uScreenId=0 pvVRAM=0000000006d70000 w=1024 h=768 bpp=32 cbLine=0x1000 flags=0x1
00:00:45.364300 VBVA: InfoScreen: [0] @0,0 1024x768, line 0x1000, BPP 32, flags 0x1
00:00:45.364323 Display::handleDisplayResize: uScreenId=0 pvVRAM=0000000006d70000 w=1024 h=768 bpp=32 cbLine=0x1000 flags=0x1
00:00:45.364496 VBVA: InfoScreen: [0] @0,0 1024x768, line 0x1000, BPP 32, flags 0x1
00:00:45.364522 Display::handleDisplayResize: uScreenId=0 pvVRAM=0000000006d70000 w=1024 h=768 bpp=32 cbLine=0x1000 flags=0x1
00:00:45.366658 VBVA: InfoScreen: [0] @0,0 1024x768, line 0x1000, BPP 32, flags 0x1
00:00:45.366692 Display::handleDisplayResize: uScreenId=0 pvVRAM=0000000006d70000 w=1024 h=768 bpp=32 cbLine=0x1000 flags=0x1
00:00:45.376035 IEM: rdmsr(0x619) -> #GP(0)
00:00:45.376105 IEM: rdmsr(0x64d) -> #GP(0)
00:00:45.390235 VBVA: InfoScreen: [0] @0,0 1024x768, line 0x1000, BPP 32, flags 0x1
00:00:45.390271 Display::handleDisplayResize: uScreenId=0 pvVRAM=0000000006d70000 w=1024 h=768 bpp=32 cbLine=0x1000 flags=0x1
00:00:45.411168 VBVA: InfoScreen: [0] @0,0 1024x768, line 0x1000, BPP 32, flags 0x1
00:00:45.411206 Display::handleDisplayResize: uScreenId=0 pvVRAM=0000000006d70000 w=1024 h=768 bpp=32 cbLine=0x1000 flags=0x1
00:00:45.411589 VBVA: InfoScreen: [0] @0,0 1024x768, line 0x1000, BPP 32, flags 0x1
00:00:45.411611 Display::handleDisplayResize: uScreenId=0 pvVRAM=0000000006d70000 w=1024 h=768 bpp=32 cbLine=0x1000 flags=0x1
00:00:45.413913 VBVA: InfoScreen: [0] @0,0 1024x768, line 0x1000, BPP 32, flags 0x1
00:00:45.413946 Display::handleDisplayResize: uScreenId=0 pvVRAM=0000000006d70000 w=1024 h=768 bpp=32 cbLine=0x1000 flags=0x1
00:00:45.415683 VBVA: InfoScreen: [0] @0,0 1024x768, line 0x1000, BPP 32, flags 0x1
00:00:45.415710 Display::handleDisplayResize: uScreenId=0 pvVRAM=0000000006d70000 w=1024 h=768 bpp=32 cbLine=0x1000 flags=0x1
00:00:45.416090 VBVA: InfoScreen: [0] @0,0 1024x768, line 0x1000, BPP 32, flags 0x1
00:00:45.416112 Display::handleDisplayResize: uScreenId=0 pvVRAM=0000000006d70000 w=1024 h=768 bpp=32 cbLine=0x1000 flags=0x1
00:00:45.418481 VBVA: InfoScreen: [0] @0,0 1024x768, line 0x1000, BPP 32, flags 0x1
00:00:45.418510 Display::handleDisplayResize: uScreenId=0 pvVRAM=0000000006d70000 w=1024 h=768 bpp=32 cbLine=0x1000 flags=0x1
00:00:45.463290 VBVA: InfoScreen: [0] @0,0 1024x768, line 0x1000, BPP 32, flags 0x1
00:00:45.463326 Display::handleDisplayResize: uScreenId=0 pvVRAM=0000000006d70000 w=1024 h=768 bpp=32 cbLine=0x1000 flags=0x1
00:00:45.463497 VBVA: InfoScreen: [0] @0,0 1024x768, line 0x1000, BPP 32, flags 0x1
00:00:45.463514 Display::handleDisplayResize: uScreenId=0 pvVRAM=0000000006d70000 w=1024 h=768 bpp=32 cbLine=0x1000 flags=0x1
00:00:45.465964 VBVA: InfoScreen: [0] @0,0 1024x768, line 0x1000, BPP 32, flags 0x1
00:00:45.466000 Display::handleDisplayResize: uScreenId=0 pvVRAM=0000000006d70000 w=1024 h=768 bpp=32 cbLine=0x1000 flags=0x1
00:00:45.466191 VBVA: InfoScreen: [0] @0,0 1024x768, line 0x1000, BPP 32, flags 0x1
00:00:45.466208 Display::handleDisplayResize: uScreenId=0 pvVRAM=0000000006d70000 w=1024 h=768 bpp=32 cbLine=0x1000 flags=0x1
00:00:45.468423 VBVA: InfoScreen: [0] @0,0 1024x768, line 0x1000, BPP 32, flags 0x1
00:00:45.468444 Display::handleDisplayResize: uScreenId=0 pvVRAM=0000000006d70000 w=1024 h=768 bpp=32 cbLine=0x1000 flags=0x1
00:00:45.500502 VBVA: InfoScreen: [0] @0,0 1024x768, line 0x1000, BPP 32, flags 0x1
00:00:45.500538 Display::handleDisplayResize: uScreenId=0 pvVRAM=0000000006d70000 w=1024 h=768 bpp=32 cbLine=0x1000 flags=0x1
00:00:45.500687 VBVA: InfoScreen: [0] @0,0 1024x768, line 0x1000, BPP 32, flags 0x1
00:00:45.500704 Display::handleDisplayResize: uScreenId=0 pvVRAM=0000000006d70000 w=1024 h=768 bpp=32 cbLine=0x1000 flags=0x1
00:00:45.500905 VBVA: InfoScreen: [0] @0,0 1024x768, line 0x1000, BPP 32, flags 0x1
00:00:45.500923 Display::handleDisplayResize: uScreenId=0 pvVRAM=0000000006d70000 w=1024 h=768 bpp=32 cbLine=0x1000 flags=0x1
00:00:45.503398 VBVA: InfoScreen: [0] @0,0 1024x768, line 0x1000, BPP 32, flags 0x1
00:00:45.503436 Display::handleDisplayResize: uScreenId=0 pvVRAM=0000000006d70000 w=1024 h=768 bpp=32 cbLine=0x1000 flags=0x1
00:00:45.525753 VBVA: InfoScreen: [0] @0,0 1024x768, line 0x1000, BPP 32, flags 0x1
00:00:45.525791 Display::handleDisplayResize: uScreenId=0 pvVRAM=0000000006d70000 w=1024 h=768 bpp=32 cbLine=0x1000 flags=0x1
00:00:45.526491 VBVA: InfoScreen: [0] @0,0 1024x768, line 0x1000, BPP 32, flags 0x1
00:00:45.526518 Display::handleDisplayResize: uScreenId=0 pvVRAM=0000000006d70000 w=1024 h=768 bpp=32 cbLine=0x1000 flags=0x1
00:00:45.527568 VBVA: InfoScreen: [0] @0,0 1024x768, line 0x1000, BPP 32, flags 0x1
00:00:45.527590 Display::handleDisplayResize: uScreenId=0 pvVRAM=0000000006d70000 w=1024 h=768 bpp=32 cbLine=0x1000 flags=0x1
00:00:45.527738 VBVA: InfoScreen: [0] @0,0 1024x768, line 0x1000, BPP 32, flags 0x1
00:00:45.527755 Display::handleDisplayResize: uScreenId=0 pvVRAM=0000000006d70000 w=1024 h=768 bpp=32 cbLine=0x1000 flags=0x1
00:00:45.528387 VBVA: InfoScreen: [0] @0,0 1024x768, line 0x1000, BPP 32, flags 0x1
00:00:45.528407 Display::handleDisplayResize: uScreenId=0 pvVRAM=0000000006d70000 w=1024 h=768 bpp=32 cbLine=0x1000 flags=0x1
00:00:45.544527 VBVA: InfoScreen: [0] @0,0 1024x768, line 0x1000, BPP 32, flags 0x1
00:00:45.544564 Display::handleDisplayResize: uScreenId=0 pvVRAM=0000000006d70000 w=1024 h=768 bpp=32 cbLine=0x1000 flags=0x1
00:00:45.544709 VBVA: InfoScreen: [0] @0,0 1024x768, line 0x1000, BPP 32, flags 0x1
00:00:45.544727 Display::handleDisplayResize: uScreenId=0 pvVRAM=0000000006d70000 w=1024 h=768 bpp=32 cbLine=0x1000 flags=0x1
00:00:45.544902 VBVA: InfoScreen: [0] @0,0 1024x768, line 0x1000, BPP 32, flags 0x1
00:00:45.544918 Display::handleDisplayResize: uScreenId=0 pvVRAM=0000000006d70000 w=1024 h=768 bpp=32 cbLine=0x1000 flags=0x1
00:00:45.547384 VBVA: InfoScreen: [0] @0,0 1024x768, line 0x1000, BPP 32, flags 0x1
00:00:45.547419 Display::handleDisplayResize: uScreenId=0 pvVRAM=0000000006d70000 w=1024 h=768 bpp=32 cbLine=0x1000 flags=0x1
00:00:45.598446 VBVA: InfoScreen: [0] @0,0 1024x768, line 0x1000, BPP 32, flags 0x1
00:00:45.598486 Display::handleDisplayResize: uScreenId=0 pvVRAM=0000000006d70000 w=1024 h=768 bpp=32 cbLine=0x1000 flags=0x1
00:00:45.650488 AC97: Reset
00:00:45.650678 AC97: Reset
00:00:45.653341 DSound: DirectSound playback is currently unavailable
00:00:45.655327 DSound: DirectSound playback is currently unavailable
00:00:45.656933 DSound: DirectSound playback is currently unavailable
00:00:45.658309 DSound: DirectSound playback is currently unavailable
00:00:45.660656 DSound: DirectSound playback is currently unavailable
00:00:45.661953 DSound: DirectSound playback is currently unavailable
00:00:45.663210 DSound: DirectSound playback is currently unavailable
00:00:45.664449 DSound: DirectSound playback is currently unavailable
00:00:45.667323 DSound: Guest source 'Line In' is using host recording device with GUID '{Default device}'
00:00:45.667582 DSound: Capture device currently is unavailable
00:00:45.668782 DSound: Guest source 'Line In' is using host recording device with GUID '{Default device}'
00:00:45.669015 DSound: Capture device currently is unavailable
00:00:45.670199 DSound: Guest source 'Line In' is using host recording device with GUID '{Default device}'
00:00:45.670430 DSound: Capture device currently is unavailable
00:00:45.671587 DSound: Guest source 'Line In' is using host recording device with GUID '{Default device}'
00:00:45.671819 DSound: Capture device currently is unavailable
00:00:45.672957 DSound: Guest source 'Line In' is using host recording device with GUID '{Default device}'
00:00:45.673184 DSound: Capture device currently is unavailable
00:00:45.674366 DSound: Guest source 'Line In' is using host recording device with GUID '{Default device}'
00:00:45.674591 DSound: Capture device currently is unavailable
00:00:45.675797 DSound: Guest source 'Line In' is using host recording device with GUID '{Default device}'
00:00:45.676024 DSound: Capture device currently is unavailable
00:00:45.677338 DSound: Guest source 'Line In' is using host recording device with GUID '{Default device}'
00:00:45.677563 DSound: Capture device currently is unavailable
00:00:45.678621 DSound: Guest source 'Line In' is using host recording device with GUID '{Default device}'
00:00:45.680297 DSound: Guest source 'Microphone In' is using host recording device with GUID '{Default device}'
00:00:45.681576 DSound: Guest source 'Microphone In' is using host recording device with GUID '{Default device}'
00:00:45.682784 DSound: Guest source 'Microphone In' is using host recording device with GUID '{Default device}'
00:00:45.683982 DSound: Guest source 'Microphone In' is using host recording device with GUID '{Default device}'
00:00:45.685201 DSound: Guest source 'Microphone In' is using host recording device with GUID '{Default device}'
00:00:45.686411 DSound: Guest source 'Microphone In' is using host recording device with GUID '{Default device}'
00:00:45.687630 DSound: Guest source 'Microphone In' is using host recording device with GUID '{Default device}'
00:00:45.688874 DSound: Guest source 'Microphone In' is using host recording device with GUID '{Default device}'
00:00:45.690176 DSound: Guest source 'Microphone In' is using host recording device with GUID '{Default device}'
00:00:45.723190 VBVA: InfoScreen: [0] @0,0 1024x768, line 0x1000, BPP 32, flags 0x1
00:00:45.723217 Display::handleDisplayResize: uScreenId=0 pvVRAM=0000000006d70000 w=1024 h=768 bpp=32 cbLine=0x1000 flags=0x1
00:00:45.723787 VBVA: InfoScreen: [0] @0,0 1024x768, line 0x1000, BPP 32, flags 0x1
00:00:45.723812 Display::handleDisplayResize: uScreenId=0 pvVRAM=0000000006d70000 w=1024 h=768 bpp=32 cbLine=0x1000 flags=0x1
00:00:45.725788 VBVA: InfoScreen: [0] @0,0 1024x768, line 0x1000, BPP 32, flags 0x1
00:00:45.725816 Display::handleDisplayResize: uScreenId=0 pvVRAM=0000000006d70000 w=1024 h=768 bpp=32 cbLine=0x1000 flags=0x1
00:00:45.730947 VBVA: InfoScreen: [0] @0,0 1024x768, line 0x1000, BPP 32, flags 0x1
00:00:45.730974 Display::handleDisplayResize: uScreenId=0 pvVRAM=0000000006d70000 w=1024 h=768 bpp=32 cbLine=0x1000 flags=0x1
00:00:45.732904 VBVA: InfoScreen: [0] @0,0 1024x768, line 0x1000, BPP 32, flags 0x1
00:00:45.732939 Display::handleDisplayResize: uScreenId=0 pvVRAM=0000000006d70000 w=1024 h=768 bpp=32 cbLine=0x1000 flags=0x1
00:00:45.765058 VBVA: InfoScreen: [0] @0,0 1024x768, line 0x1000, BPP 32, flags 0x1
00:00:45.765098 Display::handleDisplayResize: uScreenId=0 pvVRAM=0000000006d70000 w=1024 h=768 bpp=32 cbLine=0x1000 flags=0x1
00:00:45.766866 VBVA: InfoScreen: [0] @0,0 1024x768, line 0x1000, BPP 32, flags 0x1
00:00:45.766901 Display::handleDisplayResize: uScreenId=0 pvVRAM=0000000006d70000 w=1024 h=768 bpp=32 cbLine=0x1000 flags=0x1
00:00:45.785150 VBVA: InfoScreen: [0] @0,0 1024x768, line 0x1000, BPP 32, flags 0x1
00:00:45.785180 Display::handleDisplayResize: uScreenId=0 pvVRAM=0000000006d70000 w=1024 h=768 bpp=32 cbLine=0x1000 flags=0x1
00:00:45.785295 VBVA: InfoScreen: [0] @0,0 1024x768, line 0x1000, BPP 32, flags 0x1
00:00:45.785308 Display::handleDisplayResize: uScreenId=0 pvVRAM=0000000006d70000 w=1024 h=768 bpp=32 cbLine=0x1000 flags=0x1
00:00:45.785414 VBVA: InfoScreen: [0] @0,0 1024x768, line 0x1000, BPP 32, flags 0x1
00:00:45.785427 Display::handleDisplayResize: uScreenId=0 pvVRAM=0000000006d70000 w=1024 h=768 bpp=32 cbLine=0x1000 flags=0x1
00:00:45.785519 VBVA: InfoScreen: [0] @0,0 1024x768, line 0x1000, BPP 32, flags 0x1
00:00:45.785531 Display::handleDisplayResize: uScreenId=0 pvVRAM=0000000006d70000 w=1024 h=768 bpp=32 cbLine=0x1000 flags=0x1
00:00:45.785631 VBVA: InfoScreen: [0] @0,0 1024x768, line 0x1000, BPP 32, flags 0x1
00:00:45.785643 Display::handleDisplayResize: uScreenId=0 pvVRAM=0000000006d70000 w=1024 h=768 bpp=32 cbLine=0x1000 flags=0x1
00:00:45.786768 VBVA: InfoScreen: [0] @0,0 1024x768, line 0x1000, BPP 32, flags 0x1
00:00:45.786793 Display::handleDisplayResize: uScreenId=0 pvVRAM=0000000006d70000 w=1024 h=768 bpp=32 cbLine=0x1000 flags=0x1
00:00:45.786926 VBVA: InfoScreen: [0] @0,0 1024x768, line 0x1000, BPP 32, flags 0x1
00:00:45.786939 Display::handleDisplayResize: uScreenId=0 pvVRAM=0000000006d70000 w=1024 h=768 bpp=32 cbLine=0x1000 flags=0x1
00:00:45.787676 VBVA: InfoScreen: [0] @0,0 1024x768, line 0x1000, BPP 32, flags 0x1
00:00:45.787691 Display::handleDisplayResize: uScreenId=0 pvVRAM=0000000006d70000 w=1024 h=768 bpp=32 cbLine=0x1000 flags=0x1
00:00:45.787925 VBVA: InfoScreen: [0] @0,0 1024x768, line 0x1000, BPP 32, flags 0x1
00:00:45.787946 Display::handleDisplayResize: uScreenId=0 pvVRAM=0000000006d70000 w=1024 h=768 bpp=32 cbLine=0x1000 flags=0x1
00:00:45.788048 VBVA: InfoScreen: [0] @0,0 1024x768, line 0x1000, BPP 32, flags 0x1
00:00:45.788061 Display::handleDisplayResize: uScreenId=0 pvVRAM=0000000006d70000 w=1024 h=768 bpp=32 cbLine=0x1000 flags=0x1
00:00:45.788152 VBVA: InfoScreen: [0] @0,0 1024x768, line 0x1000, BPP 32, flags 0x1
00:00:45.788164 Display::handleDisplayResize: uScreenId=0 pvVRAM=0000000006d70000 w=1024 h=768 bpp=32 cbLine=0x1000 flags=0x1
00:00:45.789221 VBVA: InfoScreen: [0] @0,0 1024x768, line 0x1000, BPP 32, flags 0x1
00:00:45.789243 Display::handleDisplayResize: uScreenId=0 pvVRAM=0000000006d70000 w=1024 h=768 bpp=32 cbLine=0x1000 flags=0x1
00:00:45.789339 VBVA: InfoScreen: [0] @0,0 1024x768, line 0x1000, BPP 32, flags 0x1
00:00:45.789351 Display::handleDisplayResize: uScreenId=0 pvVRAM=0000000006d70000 w=1024 h=768 bpp=32 cbLine=0x1000 flags=0x1
00:00:45.789442 VBVA: InfoScreen: [0] @0,0 1024x768, line 0x1000, BPP 32, flags 0x1
00:00:45.789454 Display::handleDisplayResize: uScreenId=0 pvVRAM=0000000006d70000 w=1024 h=768 bpp=32 cbLine=0x1000 flags=0x1
00:00:45.792274 VBVA: InfoScreen: [0] @0,0 1024x768, line 0x1000, BPP 32, flags 0x1
00:00:45.792303 Display::handleDisplayResize: uScreenId=0 pvVRAM=0000000006d70000 w=1024 h=768 bpp=32 cbLine=0x1000 flags=0x1
00:00:45.793102 VBVA: InfoScreen: [0] @0,0 1024x768, line 0x1000, BPP 32, flags 0x1
00:00:45.793118 Display::handleDisplayResize: uScreenId=0 pvVRAM=0000000006d70000 w=1024 h=768 bpp=32 cbLine=0x1000 flags=0x1
00:00:45.794782 VBVA: InfoScreen: [0] @0,0 1024x768, line 0x1000, BPP 32, flags 0x1
00:00:45.794801 Display::handleDisplayResize: uScreenId=0 pvVRAM=0000000006d70000 w=1024 h=768 bpp=32 cbLine=0x1000 flags=0x1
00:00:45.801301 VBVA: InfoScreen: [0] @0,0 1024x768, line 0x1000, BPP 32, flags 0x1
00:00:45.801340 Display::handleDisplayResize: uScreenId=0 pvVRAM=0000000006d70000 w=1024 h=768 bpp=32 cbLine=0x1000 flags=0x1
00:00:45.801999 VBVA: InfoScreen: [0] @0,0 1024x768, line 0x1000, BPP 32, flags 0x1
00:00:45.802014 Display::handleDisplayResize: uScreenId=0 pvVRAM=0000000006d70000 w=1024 h=768 bpp=32 cbLine=0x1000 flags=0x1
00:00:45.805895 VBVA: InfoScreen: [0] @0,0 1024x768, line 0x1000, BPP 32, flags 0x1
00:00:45.805916 Display::handleDisplayResize: uScreenId=0 pvVRAM=0000000006d70000 w=1024 h=768 bpp=32 cbLine=0x1000 flags=0x1
00:00:45.807093 VBVA: InfoScreen: [0] @0,0 1024x768, line 0x1000, BPP 32, flags 0x1
00:00:45.807110 Display::handleDisplayResize: uScreenId=0 pvVRAM=0000000006d70000 w=1024 h=768 bpp=32 cbLine=0x1000 flags=0x1
00:00:45.807208 VBVA: InfoScreen: [0] @0,0 1024x768, line 0x1000, BPP 32, flags 0x1
00:00:45.807221 Display::handleDisplayResize: uScreenId=0 pvVRAM=0000000006d70000 w=1024 h=768 bpp=32 cbLine=0x1000 flags=0x1
00:00:45.807337 VBVA: InfoScreen: [0] @0,0 1024x768, line 0x1000, BPP 32, flags 0x1
00:00:45.807350 Display::handleDisplayResize: uScreenId=0 pvVRAM=0000000006d70000 w=1024 h=768 bpp=32 cbLine=0x1000 flags=0x1
00:00:45.807442 VBVA: InfoScreen: [0] @0,0 1024x768, line 0x1000, BPP 32, flags 0x1
00:00:45.807454 Display::handleDisplayResize: uScreenId=0 pvVRAM=0000000006d70000 w=1024 h=768 bpp=32 cbLine=0x1000 flags=0x1
00:00:45.807546 VBVA: InfoScreen: [0] @0,0 1024x768, line 0x1000, BPP 32, flags 0x1
00:00:45.807558 Display::handleDisplayResize: uScreenId=0 pvVRAM=0000000006d70000 w=1024 h=768 bpp=32 cbLine=0x1000 flags=0x1
00:00:45.807659 VBVA: InfoScreen: [0] @0,0 1024x768, line 0x1000, BPP 32, flags 0x1
00:00:45.807672 Display::handleDisplayResize: uScreenId=0 pvVRAM=0000000006d70000 w=1024 h=768 bpp=32 cbLine=0x1000 flags=0x1
00:00:45.809760 VBVA: InfoScreen: [0] @0,0 1024x768, line 0x1000, BPP 32, flags 0x1
00:00:45.809790 Display::handleDisplayResize: uScreenId=0 pvVRAM=0000000006d70000 w=1024 h=768 bpp=32 cbLine=0x1000 flags=0x1
00:00:45.811443 VBVA: InfoScreen: [0] @0,0 1024x768, line 0x1000, BPP 32, flags 0x1
00:00:45.813044 Display::handleDisplayResize: uScreenId=0 pvVRAM=0000000006d70000 w=1024 h=768 bpp=32 cbLine=0x1000 flags=0x1
00:00:45.821399 VBVA: InfoScreen: [0] @0,0 1024x768, line 0x1000, BPP 32, flags 0x1
00:00:45.821437 Display::handleDisplayResize: uScreenId=0 pvVRAM=0000000006d70000 w=1024 h=768 bpp=32 cbLine=0x1000 flags=0x1
00:00:45.822046 VBVA: InfoScreen: [0] @0,0 1024x768, line 0x1000, BPP 32, flags 0x1
00:00:45.822060 Display::handleDisplayResize: uScreenId=0 pvVRAM=0000000006d70000 w=1024 h=768 bpp=32 cbLine=0x1000 flags=0x1
00:00:45.823336 VBVA: InfoScreen: [0] @0,0 1024x768, line 0x1000, BPP 32, flags 0x1
00:00:45.823356 Display::handleDisplayResize: uScreenId=0 pvVRAM=0000000006d70000 w=1024 h=768 bpp=32 cbLine=0x1000 flags=0x1
00:00:45.831197 VBVA: InfoScreen: [0] @0,0 1024x768, line 0x1000, BPP 32, flags 0x1
00:00:45.831236 Display::handleDisplayResize: uScreenId=0 pvVRAM=0000000006d70000 w=1024 h=768 bpp=32 cbLine=0x1000 flags=0x1
00:00:45.861966 VBVA: InfoScreen: [0] @0,0 1024x768, line 0x1000, BPP 32, flags 0x1
00:00:45.862011 Display::handleDisplayResize: uScreenId=0 pvVRAM=0000000006d70000 w=1024 h=768 bpp=32 cbLine=0x1000 flags=0x1
00:00:45.871214 VBVA: InfoScreen: [0] @0,0 1024x768, line 0x1000, BPP 32, flags 0x1
00:00:45.871248 Display::handleDisplayResize: uScreenId=0 pvVRAM=0000000006d70000 w=1024 h=768 bpp=32 cbLine=0x1000 flags=0x1
00:00:45.873419 VBVA: InfoScreen: [0] @0,0 1024x768, line 0x1000, BPP 32, flags 0x1
00:00:45.873455 Display::handleDisplayResize: uScreenId=0 pvVRAM=0000000006d70000 w=1024 h=768 bpp=32 cbLine=0x1000 flags=0x1
00:00:45.875987 VBVA: InfoScreen: [0] @0,0 1024x768, line 0x1000, BPP 32, flags 0x1
00:00:45.876008 Display::handleDisplayResize: uScreenId=0 pvVRAM=0000000006d70000 w=1024 h=768 bpp=32 cbLine=0x1000 flags=0x1
00:00:45.883270 VBVA: InfoScreen: [0] @0,0 1024x768, line 0x1000, BPP 32, flags 0x1
00:00:45.883299 Display::handleDisplayResize: uScreenId=0 pvVRAM=0000000006d70000 w=1024 h=768 bpp=32 cbLine=0x1000 flags=0x1
00:00:45.883417 VBVA: InfoScreen: [0] @0,0 1024x768, line 0x1000, BPP 32, flags 0x1
00:00:45.883433 Display::handleDisplayResize: uScreenId=0 pvVRAM=0000000006d70000 w=1024 h=768 bpp=32 cbLine=0x1000 flags=0x1
00:00:45.883559 VBVA: InfoScreen: [0] @0,0 1024x768, line 0x1000, BPP 32, flags 0x1
00:00:45.883574 Display::handleDisplayResize: uScreenId=0 pvVRAM=0000000006d70000 w=1024 h=768 bpp=32 cbLine=0x1000 flags=0x1
00:00:45.883682 VBVA: InfoScreen: [0] @0,0 1024x768, line 0x1000, BPP 32, flags 0x1
00:00:45.883696 Display::handleDisplayResize: uScreenId=0 pvVRAM=0000000006d70000 w=1024 h=768 bpp=32 cbLine=0x1000 flags=0x1
00:00:45.883862 VBVA: InfoScreen: [0] @0,0 1024x768, line 0x1000, BPP 32, flags 0x1
00:00:45.883878 Display::handleDisplayResize: uScreenId=0 pvVRAM=0000000006d70000 w=1024 h=768 bpp=32 cbLine=0x1000 flags=0x1
00:00:45.886287 VBVA: InfoScreen: [0] @0,0 1024x768, line 0x1000, BPP 32, flags 0x1
00:00:45.886321 Display::handleDisplayResize: uScreenId=0 pvVRAM=0000000006d70000 w=1024 h=768 bpp=32 cbLine=0x1000 flags=0x1
00:00:45.891436 VBVA: InfoScreen: [0] @0,0 1024x768, line 0x1000, BPP 32, flags 0x1
00:00:45.891477 Display::handleDisplayResize: uScreenId=0 pvVRAM=0000000006d70000 w=1024 h=768 bpp=32 cbLine=0x1000 flags=0x1
00:00:45.892936 VBVA: InfoScreen: [0] @0,0 1024x768, line 0x1000, BPP 32, flags 0x1
00:00:45.892956 Display::handleDisplayResize: uScreenId=0 pvVRAM=0000000006d70000 w=1024 h=768 bpp=32 cbLine=0x1000 flags=0x1
00:00:45.895982 VBVA: InfoScreen: [0] @0,0 1024x768, line 0x1000, BPP 32, flags 0x1
00:00:45.896020 Display::handleDisplayResize: uScreenId=0 pvVRAM=0000000006d70000 w=1024 h=768 bpp=32 cbLine=0x1000 flags=0x1
00:00:45.915587 VBVA: InfoScreen: [0] @0,0 1024x768, line 0x1000, BPP 32, flags 0x1
00:00:45.915623 Display::handleDisplayResize: uScreenId=0 pvVRAM=0000000006d70000 w=1024 h=768 bpp=32 cbLine=0x1000 flags=0x1
00:00:45.915759 VBVA: InfoScreen: [0] @0,0 1024x768, line 0x1000, BPP 32, flags 0x1
00:00:45.915777 Display::handleDisplayResize: uScreenId=0 pvVRAM=0000000006d70000 w=1024 h=768 bpp=32 cbLine=0x1000 flags=0x1
00:00:45.915957 VBVA: InfoScreen: [0] @0,0 1024x768, line 0x1000, BPP 32, flags 0x1
00:00:45.915976 Display::handleDisplayResize: uScreenId=0 pvVRAM=0000000006d70000 w=1024 h=768 bpp=32 cbLine=0x1000 flags=0x1
00:00:45.916089 VBVA: InfoScreen: [0] @0,0 1024x768, line 0x1000, BPP 32, flags 0x1
00:00:45.916104 Display::handleDisplayResize: uScreenId=0 pvVRAM=0000000006d70000 w=1024 h=768 bpp=32 cbLine=0x1000 flags=0x1
00:00:45.916214 VBVA: InfoScreen: [0] @0,0 1024x768, line 0x1000, BPP 32, flags 0x1
00:00:45.916228 Display::handleDisplayResize: uScreenId=0 pvVRAM=0000000006d70000 w=1024 h=768 bpp=32 cbLine=0x1000 flags=0x1
00:00:45.917319 VBVA: InfoScreen: [0] @0,0 1024x768, line 0x1000, BPP 32, flags 0x1
00:00:45.917342 Display::handleDisplayResize: uScreenId=0 pvVRAM=0000000006d70000 w=1024 h=768 bpp=32 cbLine=0x1000 flags=0x1
00:00:45.918289 VBVA: InfoScreen: [0] @0,0 1024x768, line 0x1000, BPP 32, flags 0x1
00:00:45.918307 Display::handleDisplayResize: uScreenId=0 pvVRAM=0000000006d70000 w=1024 h=768 bpp=32 cbLine=0x1000 flags=0x1
00:00:45.918418 VBVA: InfoScreen: [0] @0,0 1024x768, line 0x1000, BPP 32, flags 0x1
00:00:45.918433 Display::handleDisplayResize: uScreenId=0 pvVRAM=0000000006d70000 w=1024 h=768 bpp=32 cbLine=0x1000 flags=0x1
00:00:45.918539 VBVA: InfoScreen: [0] @0,0 1024x768, line 0x1000, BPP 32, flags 0x1
00:00:45.918553 Display::handleDisplayResize: uScreenId=0 pvVRAM=0000000006d70000 w=1024 h=768 bpp=32 cbLine=0x1000 flags=0x1
00:00:45.918674 VBVA: InfoScreen: [0] @0,0 1024x768, line 0x1000, BPP 32, flags 0x1
00:00:45.918688 Display::handleDisplayResize: uScreenId=0 pvVRAM=0000000006d70000 w=1024 h=768 bpp=32 cbLine=0x1000 flags=0x1
00:00:45.919513 VBVA: InfoScreen: [0] @0,0 1024x768, line 0x1000, BPP 32, flags 0x1
00:00:45.919531 Display::handleDisplayResize: uScreenId=0 pvVRAM=0000000006d70000 w=1024 h=768 bpp=32 cbLine=0x1000 flags=0x1
00:00:45.952410 VBVA: InfoScreen: [0] @0,0 1024x768, line 0x1000, BPP 32, flags 0x1
00:00:45.952455 Display::handleDisplayResize: uScreenId=0 pvVRAM=0000000006d70000 w=1024 h=768 bpp=32 cbLine=0x1000 flags=0x1
00:00:45.955978 VBVA: InfoScreen: [0] @0,0 1024x768, line 0x1000, BPP 32, flags 0x1
00:00:45.956002 Display::handleDisplayResize: uScreenId=0 pvVRAM=0000000006d70000 w=1024 h=768 bpp=32 cbLine=0x1000 flags=0x1
00:00:45.957343 VBVA: InfoScreen: [0] @0,0 1024x768, line 0x1000, BPP 32, flags 0x1
00:00:45.957372 Display::handleDisplayResize: uScreenId=0 pvVRAM=0000000006d70000 w=1024 h=768 bpp=32 cbLine=0x1000 flags=0x1
00:00:45.958295 VBVA: InfoScreen: [0] @0,0 1024x768, line 0x1000, BPP 32, flags 0x1
00:00:45.958314 Display::handleDisplayResize: uScreenId=0 pvVRAM=0000000006d70000 w=1024 h=768 bpp=32 cbLine=0x1000 flags=0x1
00:00:45.961056 VBVA: InfoScreen: [0] @0,0 1024x768, line 0x1000, BPP 32, flags 0x1
00:00:45.961082 Display::handleDisplayResize: uScreenId=0 pvVRAM=0000000006d70000 w=1024 h=768 bpp=32 cbLine=0x1000 flags=0x1
00:00:45.962632 VBVA: InfoScreen: [0] @0,0 1024x768, line 0x1000, BPP 32, flags 0x1
00:00:45.962651 Display::handleDisplayResize: uScreenId=0 pvVRAM=0000000006d70000 w=1024 h=768 bpp=32 cbLine=0x1000 flags=0x1
00:00:45.962919 VBVA: InfoScreen: [0] @0,0 1024x768, line 0x1000, BPP 32, flags 0x1
00:00:45.962935 Display::handleDisplayResize: uScreenId=0 pvVRAM=0000000006d70000 w=1024 h=768 bpp=32 cbLine=0x1000 flags=0x1
00:00:45.963036 VBVA: InfoScreen: [0] @0,0 1024x768, line 0x1000, BPP 32, flags 0x1
00:00:45.963050 Display::handleDisplayResize: uScreenId=0 pvVRAM=0000000006d70000 w=1024 h=768 bpp=32 cbLine=0x1000 flags=0x1
00:00:45.963147 VBVA: InfoScreen: [0] @0,0 1024x768, line 0x1000, BPP 32, flags 0x1
00:00:45.963160 Display::handleDisplayResize: uScreenId=0 pvVRAM=0000000006d70000 w=1024 h=768 bpp=32 cbLine=0x1000 flags=0x1
00:00:45.963255 VBVA: InfoScreen: [0] @0,0 1024x768, line 0x1000, BPP 32, flags 0x1
00:00:45.963268 Display::handleDisplayResize: uScreenId=0 pvVRAM=0000000006d70000 w=1024 h=768 bpp=32 cbLine=0x1000 flags=0x1
00:00:45.963378 VBVA: InfoScreen: [0] @0,0 1024x768, line 0x1000, BPP 32, flags 0x1
00:00:45.963394 Display::handleDisplayResize: uScreenId=0 pvVRAM=0000000006d70000 w=1024 h=768 bpp=32 cbLine=0x1000 flags=0x1
00:00:45.963492 VBVA: InfoScreen: [0] @0,0 1024x768, line 0x1000, BPP 32, flags 0x1
00:00:45.963505 Display::handleDisplayResize: uScreenId=0 pvVRAM=0000000006d70000 w=1024 h=768 bpp=32 cbLine=0x1000 flags=0x1
00:00:45.965323 VBVA: InfoScreen: [0] @0,0 1024x768, line 0x1000, BPP 32, flags 0x1
00:00:45.965352 Display::handleDisplayResize: uScreenId=0 pvVRAM=0000000006d70000 w=1024 h=768 bpp=32 cbLine=0x1000 flags=0x1
00:00:45.980102 VBVA: InfoScreen: [0] @0,0 1024x768, line 0x1000, BPP 32, flags 0x1
00:00:45.980137 Display::handleDisplayResize: uScreenId=0 pvVRAM=0000000006d70000 w=1024 h=768 bpp=32 cbLine=0x1000 flags=0x1
00:00:45.980246 VBVA: InfoScreen: [0] @0,0 1024x768, line 0x1000, BPP 32, flags 0x1
00:00:45.980260 Display::handleDisplayResize: uScreenId=0 pvVRAM=0000000006d70000 w=1024 h=768 bpp=32 cbLine=0x1000 flags=0x1
00:00:45.980373 VBVA: InfoScreen: [0] @0,0 1024x768, line 0x1000, BPP 32, flags 0x1
00:00:45.980387 Display::handleDisplayResize: uScreenId=0 pvVRAM=0000000006d70000 w=1024 h=768 bpp=32 cbLine=0x1000 flags=0x1
00:00:45.981882 VBVA: InfoScreen: [0] @0,0 1024x768, line 0x1000, BPP 32, flags 0x1
00:00:45.981914 Display::handleDisplayResize: uScreenId=0 pvVRAM=0000000006d70000 w=1024 h=768 bpp=32 cbLine=0x1000 flags=0x1
00:00:46.014537 VBVA: InfoScreen: [0] @0,0 1024x768, line 0x1000, BPP 32, flags 0x1
00:00:46.014569 Display::handleDisplayResize: uScreenId=0 pvVRAM=0000000006d70000 w=1024 h=768 bpp=32 cbLine=0x1000 flags=0x1
00:00:46.043553 VBVA: InfoScreen: [0] @0,0 1024x768, line 0x1000, BPP 32, flags 0x1
00:00:46.043605 Display::handleDisplayResize: uScreenId=0 pvVRAM=0000000006d70000 w=1024 h=768 bpp=32 cbLine=0x1000 flags=0x1
00:00:46.045234 VBVA: InfoScreen: [0] @0,0 1024x768, line 0x1000, BPP 32, flags 0x1
00:00:46.045259 Display::handleDisplayResize: uScreenId=0 pvVRAM=0000000006d70000 w=1024 h=768 bpp=32 cbLine=0x1000 flags=0x1
00:00:46.059259 VBVA: InfoScreen: [0] @0,0 1024x768, line 0x1000, BPP 32, flags 0x1
00:00:46.059294 Display::handleDisplayResize: uScreenId=0 pvVRAM=0000000006d70000 w=1024 h=768 bpp=32 cbLine=0x1000 flags=0x1
00:00:46.060623 VBVA: InfoScreen: [0] @0,0 1024x768, line 0x1000, BPP 32, flags 0x1
00:00:46.060662 Display::handleDisplayResize: uScreenId=0 pvVRAM=0000000006d70000 w=1024 h=768 bpp=32 cbLine=0x1000 flags=0x1
00:00:46.063213 VBVA: InfoScreen: [0] @0,0 1024x768, line 0x1000, BPP 32, flags 0x1
00:00:46.063243 Display::handleDisplayResize: uScreenId=0 pvVRAM=0000000006d70000 w=1024 h=768 bpp=32 cbLine=0x1000 flags=0x1
00:00:46.222039 VBVA: InfoScreen: [0] @0,0 1024x768, line 0x1000, BPP 32, flags 0x1
00:00:46.222085 Display::handleDisplayResize: uScreenId=0 pvVRAM=0000000006d70000 w=1024 h=768 bpp=32 cbLine=0x1000 flags=0x1
00:00:46.291148 VBVA: InfoScreen: [0] @0,0 1024x768, line 0x1000, BPP 32, flags 0x1
00:00:46.291187 Display::handleDisplayResize: uScreenId=0 pvVRAM=0000000006d70000 w=1024 h=768 bpp=32 cbLine=0x1000 flags=0x1
00:00:46.292488 VBVA: InfoScreen: [0] @0,0 1024x768, line 0x1000, BPP 32, flags 0x1
00:00:46.292520 Display::handleDisplayResize: uScreenId=0 pvVRAM=0000000006d70000 w=1024 h=768 bpp=32 cbLine=0x1000 flags=0x1
00:00:46.293103 VBVA: InfoScreen: [0] @0,0 1024x768, line 0x1000, BPP 32, flags 0x1
00:00:46.293123 Display::handleDisplayResize: uScreenId=0 pvVRAM=0000000006d70000 w=1024 h=768 bpp=32 cbLine=0x1000 flags=0x1
00:00:46.308511 VBVA: InfoScreen: [0] @0,0 1024x768, line 0x1000, BPP 32, flags 0x1
00:00:46.308554 Display::handleDisplayResize: uScreenId=0 pvVRAM=0000000006d70000 w=1024 h=768 bpp=32 cbLine=0x1000 flags=0x1
00:00:46.313183 VBVA: InfoScreen: [0] @0,0 1024x768, line 0x1000, BPP 32, flags 0x1
00:00:46.313212 Display::handleDisplayResize: uScreenId=0 pvVRAM=0000000006d70000 w=1024 h=768 bpp=32 cbLine=0x1000 flags=0x1
00:00:46.343513 VBVA: InfoScreen: [0] @0,0 1024x768, line 0x1000, BPP 32, flags 0x1
00:00:46.343562 Display::handleDisplayResize: uScreenId=0 pvVRAM=0000000006d70000 w=1024 h=768 bpp=32 cbLine=0x1000 flags=0x1
00:00:46.344318 VBVA: InfoScreen: [0] @0,0 1024x768, line 0x1000, BPP 32, flags 0x1
00:00:46.344339 Display::handleDisplayResize: uScreenId=0 pvVRAM=0000000006d70000 w=1024 h=768 bpp=32 cbLine=0x1000 flags=0x1
00:00:46.451133 VBVA: InfoScreen: [0] @0,0 1024x768, line 0x1000, BPP 32, flags 0x1
00:00:46.451179 Display::handleDisplayResize: uScreenId=0 pvVRAM=0000000006d70000 w=1024 h=768 bpp=32 cbLine=0x1000 flags=0x1
00:00:46.503080 VBVA: InfoScreen: [0] @0,0 1024x768, line 0x1000, BPP 32, flags 0x1
00:00:46.503124 Display::handleDisplayResize: uScreenId=0 pvVRAM=0000000006d70000 w=1024 h=768 bpp=32 cbLine=0x1000 flags=0x1
00:00:46.503284 VBVA: InfoScreen: [0] @0,0 1024x768, line 0x1000, BPP 32, flags 0x1
00:00:46.503304 Display::handleDisplayResize: uScreenId=0 pvVRAM=0000000006d70000 w=1024 h=768 bpp=32 cbLine=0x1000 flags=0x1
00:00:46.503491 VBVA: InfoScreen: [0] @0,0 1024x768, line 0x1000, BPP 32, flags 0x1
00:00:46.503511 Display::handleDisplayResize: uScreenId=0 pvVRAM=0000000006d70000 w=1024 h=768 bpp=32 cbLine=0x1000 flags=0x1
00:00:46.503669 VBVA: InfoScreen: [0] @0,0 1024x768, line 0x1000, BPP 32, flags 0x1
00:00:46.503689 Display::handleDisplayResize: uScreenId=0 pvVRAM=0000000006d70000 w=1024 h=768 bpp=32 cbLine=0x1000 flags=0x1
00:00:46.504009 VBVA: InfoScreen: [0] @0,0 1024x768, line 0x1000, BPP 32, flags 0x1
00:00:46.504031 Display::handleDisplayResize: uScreenId=0 pvVRAM=0000000006d70000 w=1024 h=768 bpp=32 cbLine=0x1000 flags=0x1
00:00:46.506490 VBVA: InfoScreen: [0] @0,0 1024x768, line 0x1000, BPP 32, flags 0x1
00:00:46.506529 Display::handleDisplayResize: uScreenId=0 pvVRAM=0000000006d70000 w=1024 h=768 bpp=32 cbLine=0x1000 flags=0x1
00:00:46.508162 VBVA: InfoScreen: [0] @0,0 1024x768, line 0x1000, BPP 32, flags 0x1
00:00:46.508187 Display::handleDisplayResize: uScreenId=0 pvVRAM=0000000006d70000 w=1024 h=768 bpp=32 cbLine=0x1000 flags=0x1
00:00:46.589612 VBVA: InfoScreen: [0] @0,0 1024x768, line 0x1000, BPP 32, flags 0x1
00:00:46.589655 Display::handleDisplayResize: uScreenId=0 pvVRAM=0000000006d70000 w=1024 h=768 bpp=32 cbLine=0x1000 flags=0x1
00:00:46.590062 VBVA: InfoScreen: [0] @0,0 1024x768, line 0x1000, BPP 32, flags 0x1
00:00:46.590085 Display::handleDisplayResize: uScreenId=0 pvVRAM=0000000006d70000 w=1024 h=768 bpp=32 cbLine=0x1000 flags=0x1
00:00:46.590307 VBVA: InfoScreen: [0] @0,0 1024x768, line 0x1000, BPP 32, flags 0x1
00:00:46.590328 Display::handleDisplayResize: uScreenId=0 pvVRAM=0000000006d70000 w=1024 h=768 bpp=32 cbLine=0x1000 flags=0x1
00:00:46.592603 VBVA: InfoScreen: [0] @0,0 1024x768, line 0x1000, BPP 32, flags 0x1
00:00:46.592642 Display::handleDisplayResize: uScreenId=0 pvVRAM=0000000006d70000 w=1024 h=768 bpp=32 cbLine=0x1000 flags=0x1
00:00:46.608654 VBVA: InfoScreen: [0] @0,0 1024x768, line 0x1000, BPP 32, flags 0x1
00:00:46.608704 Display::handleDisplayResize: uScreenId=0 pvVRAM=0000000006d70000 w=1024 h=768 bpp=32 cbLine=0x1000 flags=0x1
00:00:46.610627 VBVA: InfoScreen: [0] @0,0 1024x768, line 0x1000, BPP 32, flags 0x1
00:00:46.610653 Display::handleDisplayResize: uScreenId=0 pvVRAM=0000000006d70000 w=1024 h=768 bpp=32 cbLine=0x1000 flags=0x1
00:00:46.630090 NAT: IPv6 not supported
00:00:46.648104 NAT: DHCP offered IP address 10.0.2.15
00:00:46.648499 NAT: DHCP offered IP address 10.0.2.15
00:00:46.654129 VBVA: InfoScreen: [0] @0,0 1024x768, line 0x1000, BPP 32, flags 0x1
00:00:46.654163 Display::handleDisplayResize: uScreenId=0 pvVRAM=0000000006d70000 w=1024 h=768 bpp=32 cbLine=0x1000 flags=0x1
00:00:46.862093 VBVA: InfoScreen: [0] @0,0 1024x768, line 0x1000, BPP 32, flags 0x1
00:00:46.862132 Display::handleDisplayResize: uScreenId=0 pvVRAM=0000000006d70000 w=1024 h=768 bpp=32 cbLine=0x1000 flags=0x1
00:00:46.979389 VBVA: InfoScreen: [0] @0,0 1024x768, line 0x1000, BPP 32, flags 0x1
00:00:46.979437 Display::handleDisplayResize: uScreenId=0 pvVRAM=0000000006d70000 w=1024 h=768 bpp=32 cbLine=0x1000 flags=0x1
00:00:46.979730 VBVA: InfoScreen: [0] @0,0 1024x768, line 0x1000, BPP 32, flags 0x1
00:00:46.979757 Display::handleDisplayResize: uScreenId=0 pvVRAM=0000000006d70000 w=1024 h=768 bpp=32 cbLine=0x1000 flags=0x1
00:00:46.980001 VBVA: InfoScreen: [0] @0,0 1024x768, line 0x1000, BPP 32, flags 0x1
00:00:46.980023 Display::handleDisplayResize: uScreenId=0 pvVRAM=0000000006d70000 w=1024 h=768 bpp=32 cbLine=0x1000 flags=0x1
00:00:46.982699 VBVA: InfoScreen: [0] @0,0 1024x768, line 0x1000, BPP 32, flags 0x1
00:00:46.982740 Display::handleDisplayResize: uScreenId=0 pvVRAM=0000000006d70000 w=1024 h=768 bpp=32 cbLine=0x1000 flags=0x1
00:00:46.985633 VBVA: InfoScreen: [0] @0,0 1024x768, line 0x1000, BPP 32, flags 0x1
00:00:46.985671 Display::handleDisplayResize: uScreenId=0 pvVRAM=0000000006d70000 w=1024 h=768 bpp=32 cbLine=0x1000 flags=0x1
00:00:46.989220 VBVA: InfoScreen: [0] @0,0 1024x768, line 0x1000, BPP 32, flags 0x1
00:00:46.989264 Display::handleDisplayResize: uScreenId=0 pvVRAM=0000000006d70000 w=1024 h=768 bpp=32 cbLine=0x1000 flags=0x1
00:00:47.070084 VBVA: InfoScreen: [0] @0,0 1024x768, line 0x1000, BPP 32, flags 0x1
00:00:47.070120 Display::handleDisplayResize: uScreenId=0 pvVRAM=0000000006d70000 w=1024 h=768 bpp=32 cbLine=0x1000 flags=0x1
00:00:47.278018 VBVA: InfoScreen: [0] @0,0 1024x768, line 0x1000, BPP 32, flags 0x1
00:00:47.278069 Display::handleDisplayResize: uScreenId=0 pvVRAM=0000000006d70000 w=1024 h=768 bpp=32 cbLine=0x1000 flags=0x1
00:00:47.411577 VBVA: InfoScreen: [0] @0,0 1024x768, line 0x1000, BPP 32, flags 0x1
00:00:47.411621 Display::handleDisplayResize: uScreenId=0 pvVRAM=0000000006d70000 w=1024 h=768 bpp=32 cbLine=0x1000 flags=0x1
00:00:47.411780 VBVA: InfoScreen: [0] @0,0 1024x768, line 0x1000, BPP 32, flags 0x1
00:00:47.411798 Display::handleDisplayResize: uScreenId=0 pvVRAM=0000000006d70000 w=1024 h=768 bpp=32 cbLine=0x1000 flags=0x1
00:00:47.411987 VBVA: InfoScreen: [0] @0,0 1024x768, line 0x1000, BPP 32, flags 0x1
00:00:47.412005 Display::handleDisplayResize: uScreenId=0 pvVRAM=0000000006d70000 w=1024 h=768 bpp=32 cbLine=0x1000 flags=0x1
00:00:47.413704 VBVA: InfoScreen: [0] @0,0 1024x768, line 0x1000, BPP 32, flags 0x1
00:00:47.413735 Display::handleDisplayResize: uScreenId=0 pvVRAM=0000000006d70000 w=1024 h=768 bpp=32 cbLine=0x1000 flags=0x1
00:00:47.422508 VBVA: InfoScreen: [0] @0,0 1024x768, line 0x1000, BPP 32, flags 0x1
00:00:47.422540 Display::handleDisplayResize: uScreenId=0 pvVRAM=0000000006d70000 w=1024 h=768 bpp=32 cbLine=0x1000 flags=0x1
00:00:47.423668 VBVA: InfoScreen: [0] @0,0 1024x768, line 0x1000, BPP 32, flags 0x1
00:00:47.423699 Display::handleDisplayResize: uScreenId=0 pvVRAM=0000000006d70000 w=1024 h=768 bpp=32 cbLine=0x1000 flags=0x1
00:00:47.423885 VBVA: InfoScreen: [0] @0,0 1024x768, line 0x1000, BPP 32, flags 0x1
00:00:47.423903 Display::handleDisplayResize: uScreenId=0 pvVRAM=0000000006d70000 w=1024 h=768 bpp=32 cbLine=0x1000 flags=0x1
00:00:47.424025 VBVA: InfoScreen: [0] @0,0 1024x768, line 0x1000, BPP 32, flags 0x1
00:00:47.424041 Display::handleDisplayResize: uScreenId=0 pvVRAM=0000000006d70000 w=1024 h=768 bpp=32 cbLine=0x1000 flags=0x1
00:00:47.425992 VBVA: InfoScreen: [0] @0,0 1024x768, line 0x1000, BPP 32, flags 0x1
00:00:47.426015 Display::handleDisplayResize: uScreenId=0 pvVRAM=0000000006d70000 w=1024 h=768 bpp=32 cbLine=0x1000 flags=0x1
00:00:47.485994 VBVA: InfoScreen: [0] @0,0 1024x768, line 0x1000, BPP 32, flags 0x1
00:00:47.486036 Display::handleDisplayResize: uScreenId=0 pvVRAM=0000000006d70000 w=1024 h=768 bpp=32 cbLine=0x1000 flags=0x1
00:00:47.565409 VBVA: InfoScreen: [0] @0,0 1024x768, line 0x1000, BPP 32, flags 0x1
00:00:47.565457 Display::handleDisplayResize: uScreenId=0 pvVRAM=0000000006d70000 w=1024 h=768 bpp=32 cbLine=0x1000 flags=0x1
00:00:47.566081 VBVA: InfoScreen: [0] @0,0 1024x768, line 0x1000, BPP 32, flags 0x1
00:00:47.566107 Display::handleDisplayResize: uScreenId=0 pvVRAM=0000000006d70000 w=1024 h=768 bpp=32 cbLine=0x1000 flags=0x1
00:00:47.567877 VBVA: InfoScreen: [0] @0,0 1024x768, line 0x1000, BPP 32, flags 0x1
00:00:47.567922 Display::handleDisplayResize: uScreenId=0 pvVRAM=0000000006d70000 w=1024 h=768 bpp=32 cbLine=0x1000 flags=0x1
00:00:47.568906 VBVA: InfoScreen: [0] @0,0 1024x768, line 0x1000, BPP 32, flags 0x1
00:00:47.568930 Display::handleDisplayResize: uScreenId=0 pvVRAM=0000000006d70000 w=1024 h=768 bpp=32 cbLine=0x1000 flags=0x1
00:00:47.569516 VBVA: InfoScreen: [0] @0,0 1024x768, line 0x1000, BPP 32, flags 0x1
00:00:47.569539 Display::handleDisplayResize: uScreenId=0 pvVRAM=0000000006d70000 w=1024 h=768 bpp=32 cbLine=0x1000 flags=0x1
00:00:47.570696 VBVA: InfoScreen: [0] @0,0 1024x768, line 0x1000, BPP 32, flags 0x1
00:00:47.570725 Display::handleDisplayResize: uScreenId=0 pvVRAM=0000000006d70000 w=1024 h=768 bpp=32 cbLine=0x1000 flags=0x1
00:00:47.571323 VBVA: InfoScreen: [0] @0,0 1024x768, line 0x1000, BPP 32, flags 0x1
00:00:47.571343 Display::handleDisplayResize: uScreenId=0 pvVRAM=0000000006d70000 w=1024 h=768 bpp=32 cbLine=0x1000 flags=0x1
00:00:47.572297 VBVA: InfoScreen: [0] @0,0 1024x768, line 0x1000, BPP 32, flags 0x1
00:00:47.572319 Display::handleDisplayResize: uScreenId=0 pvVRAM=0000000006d70000 w=1024 h=768 bpp=32 cbLine=0x1000 flags=0x1
00:00:47.584673 VBVA: InfoScreen: [0] @0,0 1024x768, line 0x1000, BPP 32, flags 0x1
00:00:47.584718 Display::handleDisplayResize: uScreenId=0 pvVRAM=0000000006d70000 w=1024 h=768 bpp=32 cbLine=0x1000 flags=0x1
00:00:47.586296 VBVA: InfoScreen: [0] @0,0 1024x768, line 0x1000, BPP 32, flags 0x1
00:00:47.586323 Display::handleDisplayResize: uScreenId=0 pvVRAM=0000000006d70000 w=1024 h=768 bpp=32 cbLine=0x1000 flags=0x1
00:00:47.588308 VBVA: InfoScreen: [0] @0,0 1024x768, line 0x1000, BPP 32, flags 0x1
00:00:47.588345 Display::handleDisplayResize: uScreenId=0 pvVRAM=0000000006d70000 w=1024 h=768 bpp=32 cbLine=0x1000 flags=0x1
00:00:47.590687 VBVA: InfoScreen: [0] @0,0 1024x768, line 0x1000, BPP 32, flags 0x1
00:00:47.590724 Display::handleDisplayResize: uScreenId=0 pvVRAM=0000000006d70000 w=1024 h=768 bpp=32 cbLine=0x1000 flags=0x1
00:00:47.592665 VBVA: InfoScreen: [0] @0,0 1024x768, line 0x1000, BPP 32, flags 0x1
00:00:47.592699 Display::handleDisplayResize: uScreenId=0 pvVRAM=0000000006d70000 w=1024 h=768 bpp=32 cbLine=0x1000 flags=0x1
00:00:47.593698 VBVA: InfoScreen: [0] @0,0 1024x768, line 0x1000, BPP 32, flags 0x1
00:00:47.593721 Display::handleDisplayResize: uScreenId=0 pvVRAM=0000000006d70000 w=1024 h=768 bpp=32 cbLine=0x1000 flags=0x1
00:00:47.594682 VBVA: InfoScreen: [0] @0,0 1024x768, line 0x1000, BPP 32, flags 0x1
00:00:47.594710 Display::handleDisplayResize: uScreenId=0 pvVRAM=0000000006d70000 w=1024 h=768 bpp=32 cbLine=0x1000 flags=0x1
00:00:47.596194 VBVA: InfoScreen: [0] @0,0 1024x768, line 0x1000, BPP 32, flags 0x1
00:00:47.596220 Display::handleDisplayResize: uScreenId=0 pvVRAM=0000000006d70000 w=1024 h=768 bpp=32 cbLine=0x1000 flags=0x1
00:00:47.598313 VBVA: InfoScreen: [0] @0,0 1024x768, line 0x1000, BPP 32, flags 0x1
00:00:47.598349 Display::handleDisplayResize: uScreenId=0 pvVRAM=0000000006d70000 w=1024 h=768 bpp=32 cbLine=0x1000 flags=0x1
00:00:47.600451 VBVA: InfoScreen: [0] @0,0 1024x768, line 0x1000, BPP 32, flags 0x1
00:00:47.600487 Display::handleDisplayResize: uScreenId=0 pvVRAM=0000000006d70000 w=1024 h=768 bpp=32 cbLine=0x1000 flags=0x1
00:00:47.602582 VBVA: InfoScreen: [0] @0,0 1024x768, line 0x1000, BPP 32, flags 0x1
00:00:47.602615 Display::handleDisplayResize: uScreenId=0 pvVRAM=0000000006d70000 w=1024 h=768 bpp=32 cbLine=0x1000 flags=0x1
00:00:47.604667 VBVA: InfoScreen: [0] @0,0 1024x768, line 0x1000, BPP 32, flags 0x1
00:00:47.604700 Display::handleDisplayResize: uScreenId=0 pvVRAM=0000000006d70000 w=1024 h=768 bpp=32 cbLine=0x1000 flags=0x1
00:00:47.606701 VBVA: InfoScreen: [0] @0,0 1024x768, line 0x1000, BPP 32, flags 0x1
00:00:47.606734 Display::handleDisplayResize: uScreenId=0 pvVRAM=0000000006d70000 w=1024 h=768 bpp=32 cbLine=0x1000 flags=0x1
00:00:47.608686 VBVA: InfoScreen: [0] @0,0 1024x768, line 0x1000, BPP 32, flags 0x1
00:00:47.608719 Display::handleDisplayResize: uScreenId=0 pvVRAM=0000000006d70000 w=1024 h=768 bpp=32 cbLine=0x1000 flags=0x1
00:00:47.610153 VBVA: InfoScreen: [0] @0,0 1024x768, line 0x1000, BPP 32, flags 0x1
00:00:47.610177 Display::handleDisplayResize: uScreenId=0 pvVRAM=0000000006d70000 w=1024 h=768 bpp=32 cbLine=0x1000 flags=0x1
00:00:47.611541 VBVA: InfoScreen: [0] @0,0 1024x768, line 0x1000, BPP 32, flags 0x1
00:00:47.611567 Display::handleDisplayResize: uScreenId=0 pvVRAM=0000000006d70000 w=1024 h=768 bpp=32 cbLine=0x1000 flags=0x1
00:00:47.614851 VBVA: InfoScreen: [0] @0,0 1024x768, line 0x1000, BPP 32, flags 0x1
00:00:47.614886 Display::handleDisplayResize: uScreenId=0 pvVRAM=0000000006d70000 w=1024 h=768 bpp=32 cbLine=0x1000 flags=0x1
00:00:47.617012 VBVA: InfoScreen: [0] @0,0 1024x768, line 0x1000, BPP 32, flags 0x1
00:00:47.617040 Display::handleDisplayResize: uScreenId=0 pvVRAM=0000000006d70000 w=1024 h=768 bpp=32 cbLine=0x1000 flags=0x1
00:00:47.620167 VBVA: InfoScreen: [0] @0,0 1024x768, line 0x1000, BPP 32, flags 0x1
00:00:47.620197 Display::handleDisplayResize: uScreenId=0 pvVRAM=0000000006d70000 w=1024 h=768 bpp=32 cbLine=0x1000 flags=0x1
00:00:47.621592 VBVA: InfoScreen: [0] @0,0 1024x768, line 0x1000, BPP 32, flags 0x1
00:00:47.621618 Display::handleDisplayResize: uScreenId=0 pvVRAM=0000000006d70000 w=1024 h=768 bpp=32 cbLine=0x1000 flags=0x1
00:00:47.622272 VBVA: InfoScreen: [0] @0,0 1024x768, line 0x1000, BPP 32, flags 0x1
00:00:47.622294 Display::handleDisplayResize: uScreenId=0 pvVRAM=0000000006d70000 w=1024 h=768 bpp=32 cbLine=0x1000 flags=0x1
00:00:47.623478 VBVA: InfoScreen: [0] @0,0 1024x768, line 0x1000, BPP 32, flags 0x1
00:00:47.623501 Display::handleDisplayResize: uScreenId=0 pvVRAM=0000000006d70000 w=1024 h=768 bpp=32 cbLine=0x1000 flags=0x1
00:00:47.624272 VBVA: InfoScreen: [0] @0,0 1024x768, line 0x1000, BPP 32, flags 0x1
00:00:47.624293 Display::handleDisplayResize: uScreenId=0 pvVRAM=0000000006d70000 w=1024 h=768 bpp=32 cbLine=0x1000 flags=0x1
00:00:47.634925 VBVA: InfoScreen: [0] @0,0 1024x768, line 0x1000, BPP 32, flags 0x1
00:00:47.634960 Display::handleDisplayResize: uScreenId=0 pvVRAM=0000000006d70000 w=1024 h=768 bpp=32 cbLine=0x1000 flags=0x1
00:00:47.636374 VBVA: InfoScreen: [0] @0,0 1024x768, line 0x1000, BPP 32, flags 0x1
00:00:47.636399 Display::handleDisplayResize: uScreenId=0 pvVRAM=0000000006d70000 w=1024 h=768 bpp=32 cbLine=0x1000 flags=0x1
00:00:47.639654 VBVA: InfoScreen: [0] @0,0 1024x768, line 0x1000, BPP 32, flags 0x1
00:00:47.639681 Display::handleDisplayResize: uScreenId=0 pvVRAM=0000000006d70000 w=1024 h=768 bpp=32 cbLine=0x1000 flags=0x1
00:00:47.640444 VBVA: InfoScreen: [0] @0,0 1024x768, line 0x1000, BPP 32, flags 0x1
00:00:47.640466 Display::handleDisplayResize: uScreenId=0 pvVRAM=0000000006d70000 w=1024 h=768 bpp=32 cbLine=0x1000 flags=0x1
00:00:47.640618 VBVA: InfoScreen: [0] @0,0 1024x768, line 0x1000, BPP 32, flags 0x1
00:00:47.640636 Display::handleDisplayResize: uScreenId=0 pvVRAM=0000000006d70000 w=1024 h=768 bpp=32 cbLine=0x1000 flags=0x1
00:00:47.640779 VBVA: InfoScreen: [0] @0,0 1024x768, line 0x1000, BPP 32, flags 0x1
00:00:47.640795 Display::handleDisplayResize: uScreenId=0 pvVRAM=0000000006d70000 w=1024 h=768 bpp=32 cbLine=0x1000 flags=0x1
00:00:47.642592 VBVA: InfoScreen: [0] @0,0 1024x768, line 0x1000, BPP 32, flags 0x1
00:00:47.642613 Display::handleDisplayResize: uScreenId=0 pvVRAM=0000000006d70000 w=1024 h=768 bpp=32 cbLine=0x1000 flags=0x1
00:00:47.648521 VBVA: InfoScreen: [0] @0,0 1024x768, line 0x1000, BPP 32, flags 0x1
00:00:47.648550 Display::handleDisplayResize: uScreenId=0 pvVRAM=0000000006d70000 w=1024 h=768 bpp=32 cbLine=0x1000 flags=0x1
00:00:47.649236 VBVA: InfoScreen: [0] @0,0 1024x768, line 0x1000, BPP 32, flags 0x1
00:00:47.649258 Display::handleDisplayResize: uScreenId=0 pvVRAM=0000000006d70000 w=1024 h=768 bpp=32 cbLine=0x1000 flags=0x1
00:00:47.650487 VBVA: InfoScreen: [0] @0,0 1024x768, line 0x1000, BPP 32, flags 0x1
00:00:47.650511 Display::handleDisplayResize: uScreenId=0 pvVRAM=0000000006d70000 w=1024 h=768 bpp=32 cbLine=0x1000 flags=0x1
00:00:47.651382 VBVA: InfoScreen: [0] @0,0 1024x768, line 0x1000, BPP 32, flags 0x1
00:00:47.651405 Display::handleDisplayResize: uScreenId=0 pvVRAM=0000000006d70000 w=1024 h=768 bpp=32 cbLine=0x1000 flags=0x1
00:00:47.652172 VBVA: InfoScreen: [0] @0,0 1024x768, line 0x1000, BPP 32, flags 0x1
00:00:47.652192 Display::handleDisplayResize: uScreenId=0 pvVRAM=0000000006d70000 w=1024 h=768 bpp=32 cbLine=0x1000 flags=0x1
00:00:47.654647 VBVA: InfoScreen: [0] @0,0 1024x768, line 0x1000, BPP 32, flags 0x1
00:00:47.654670 Display::handleDisplayResize: uScreenId=0 pvVRAM=0000000006d70000 w=1024 h=768 bpp=32 cbLine=0x1000 flags=0x1
00:00:47.655510 VBVA: InfoScreen: [0] @0,0 1024x768, line 0x1000, BPP 32, flags 0x1
00:00:47.655531 Display::handleDisplayResize: uScreenId=0 pvVRAM=0000000006d70000 w=1024 h=768 bpp=32 cbLine=0x1000 flags=0x1
00:00:47.656475 VBVA: InfoScreen: [0] @0,0 1024x768, line 0x1000, BPP 32, flags 0x1
00:00:47.656496 Display::handleDisplayResize: uScreenId=0 pvVRAM=0000000006d70000 w=1024 h=768 bpp=32 cbLine=0x1000 flags=0x1
00:00:47.657353 VBVA: InfoScreen: [0] @0,0 1024x768, line 0x1000, BPP 32, flags 0x1
00:00:47.657373 Display::handleDisplayResize: uScreenId=0 pvVRAM=0000000006d70000 w=1024 h=768 bpp=32 cbLine=0x1000 flags=0x1
00:00:47.657933 VBVA: InfoScreen: [0] @0,0 1024x768, line 0x1000, BPP 32, flags 0x1
00:00:47.657953 Display::handleDisplayResize: uScreenId=0 pvVRAM=0000000006d70000 w=1024 h=768 bpp=32 cbLine=0x1000 flags=0x1
00:00:47.659527 VBVA: InfoScreen: [0] @0,0 1024x768, line 0x1000, BPP 32, flags 0x1
00:00:47.659548 Display::handleDisplayResize: uScreenId=0 pvVRAM=0000000006d70000 w=1024 h=768 bpp=32 cbLine=0x1000 flags=0x1
00:00:47.661192 VBVA: InfoScreen: [0] @0,0 1024x768, line 0x1000, BPP 32, flags 0x1
00:00:47.661213 Display::handleDisplayResize: uScreenId=0 pvVRAM=0000000006d70000 w=1024 h=768 bpp=32 cbLine=0x1000 flags=0x1
00:00:47.662457 VBVA: InfoScreen: [0] @0,0 1024x768, line 0x1000, BPP 32, flags 0x1
00:00:47.662478 Display::handleDisplayResize: uScreenId=0 pvVRAM=0000000006d70000 w=1024 h=768 bpp=32 cbLine=0x1000 flags=0x1
00:00:47.663218 VBVA: InfoScreen: [0] @0,0 1024x768, line 0x1000, BPP 32, flags 0x1
00:00:47.663238 Display::handleDisplayResize: uScreenId=0 pvVRAM=0000000006d70000 w=1024 h=768 bpp=32 cbLine=0x1000 flags=0x1
00:00:47.671915 VBVA: InfoScreen: [0] @0,0 1024x768, line 0x1000, BPP 32, flags 0x1
00:00:47.671953 Display::handleDisplayResize: uScreenId=0 pvVRAM=0000000006d70000 w=1024 h=768 bpp=32 cbLine=0x1000 flags=0x1
00:00:47.681641 VBVA: InfoScreen: [0] @0,0 1024x768, line 0x1000, BPP 32, flags 0x1
00:00:47.681679 Display::handleDisplayResize: uScreenId=0 pvVRAM=0000000006d70000 w=1024 h=768 bpp=32 cbLine=0x1000 flags=0x1
00:00:47.696178 VBVA: InfoScreen: [0] @0,0 1024x768, line 0x1000, BPP 32, flags 0x1
00:00:47.696214 Display::handleDisplayResize: uScreenId=0 pvVRAM=0000000006d70000 w=1024 h=768 bpp=32 cbLine=0x1000 flags=0x1
00:00:47.697581 VBVA: InfoScreen: [0] @0,0 1024x768, line 0x1000, BPP 32, flags 0x1
00:00:47.697609 Display::handleDisplayResize: uScreenId=0 pvVRAM=0000000006d70000 w=1024 h=768 bpp=32 cbLine=0x1000 flags=0x1
00:00:47.698311 VBVA: InfoScreen: [0] @0,0 1024x768, line 0x1000, BPP 32, flags 0x1
00:00:47.698335 Display::handleDisplayResize: uScreenId=0 pvVRAM=0000000006d70000 w=1024 h=768 bpp=32 cbLine=0x1000 flags=0x1
00:00:47.711209 VBVA: InfoScreen: [0] @0,0 1024x768, line 0x1000, BPP 32, flags 0x1
00:00:47.711239 Display::handleDisplayResize: uScreenId=0 pvVRAM=0000000006d70000 w=1024 h=768 bpp=32 cbLine=0x1000 flags=0x1
00:00:47.713359 VBVA: InfoScreen: [0] @0,0 1024x768, line 0x1000, BPP 32, flags 0x1
00:00:47.713387 Display::handleDisplayResize: uScreenId=0 pvVRAM=0000000006d70000 w=1024 h=768 bpp=32 cbLine=0x1000 flags=0x1
00:00:47.763673 VBVA: InfoScreen: [0] @0,0 1024x768, line 0x1000, BPP 32, flags 0x1
00:00:47.763713 Display::handleDisplayResize: uScreenId=0 pvVRAM=0000000006d70000 w=1024 h=768 bpp=32 cbLine=0x1000 flags=0x1
00:00:47.772695 VBVA: InfoScreen: [0] @0,0 1024x768, line 0x1000, BPP 32, flags 0x1
00:00:47.772735 Display::handleDisplayResize: uScreenId=0 pvVRAM=0000000006d70000 w=1024 h=768 bpp=32 cbLine=0x1000 flags=0x1
00:00:47.775598 VBVA: InfoScreen: [0] @0,0 1024x768, line 0x1000, BPP 32, flags 0x1
00:00:47.775627 Display::handleDisplayResize: uScreenId=0 pvVRAM=0000000006d70000 w=1024 h=768 bpp=32 cbLine=0x1000 flags=0x1
00:00:47.785670 VBVA: InfoScreen: [0] @0,0 1024x768, line 0x1000, BPP 32, flags 0x1
00:00:47.785707 Display::handleDisplayResize: uScreenId=0 pvVRAM=0000000006d70000 w=1024 h=768 bpp=32 cbLine=0x1000 flags=0x1
00:00:47.815728 VBVA: InfoScreen: [0] @0,0 1024x768, line 0x1000, BPP 32, flags 0x1
00:00:47.815760 Display::handleDisplayResize: uScreenId=0 pvVRAM=0000000006d70000 w=1024 h=768 bpp=32 cbLine=0x1000 flags=0x1
00:00:47.824698 VBVA: InfoScreen: [0] @0,0 1024x768, line 0x1000, BPP 32, flags 0x1
00:00:47.824725 Display::handleDisplayResize: uScreenId=0 pvVRAM=0000000006d70000 w=1024 h=768 bpp=32 cbLine=0x1000 flags=0x1
00:00:47.826652 VBVA: InfoScreen: [0] @0,0 1024x768, line 0x1000, BPP 32, flags 0x1
00:00:47.826679 Display::handleDisplayResize: uScreenId=0 pvVRAM=0000000006d70000 w=1024 h=768 bpp=32 cbLine=0x1000 flags=0x1
00:00:47.840580 VBVA: InfoScreen: [0] @0,0 1024x768, line 0x1000, BPP 32, flags 0x1
00:00:47.840615 Display::handleDisplayResize: uScreenId=0 pvVRAM=0000000006d70000 w=1024 h=768 bpp=32 cbLine=0x1000 flags=0x1
00:00:47.842431 VBVA: InfoScreen: [0] @0,0 1024x768, line 0x1000, BPP 32, flags 0x1
00:00:47.842455 Display::handleDisplayResize: uScreenId=0 pvVRAM=0000000006d70000 w=1024 h=768 bpp=32 cbLine=0x1000 flags=0x1
00:00:47.852599 VBVA: InfoScreen: [0] @0,0 1024x768, line 0x1000, BPP 32, flags 0x1
00:00:47.852633 Display::handleDisplayResize: uScreenId=0 pvVRAM=0000000006d70000 w=1024 h=768 bpp=32 cbLine=0x1000 flags=0x1
00:00:47.860604 VBVA: InfoScreen: [0] @0,0 1024x768, line 0x1000, BPP 32, flags 0x1
00:00:47.860637 Display::handleDisplayResize: uScreenId=0 pvVRAM=0000000006d70000 w=1024 h=768 bpp=32 cbLine=0x1000 flags=0x1
00:00:47.902188 VBVA: InfoScreen: [0] @0,0 1024x768, line 0x1000, BPP 32, flags 0x1
00:00:47.902226 Display::handleDisplayResize: uScreenId=0 pvVRAM=0000000006d70000 w=1024 h=768 bpp=32 cbLine=0x1000 flags=0x1
00:00:48.109980 VBVA: InfoScreen: [0] @0,0 1024x768, line 0x1000, BPP 32, flags 0x1
00:00:48.110015 Display::handleDisplayResize: uScreenId=0 pvVRAM=0000000006d70000 w=1024 h=768 bpp=32 cbLine=0x1000 flags=0x1
00:00:48.277524 VBVA: InfoScreen: [0] @0,0 1024x768, line 0x1000, BPP 32, flags 0x1
00:00:48.277561 Display::handleDisplayResize: uScreenId=0 pvVRAM=0000000006d70000 w=1024 h=768 bpp=32 cbLine=0x1000 flags=0x1
00:00:48.279460 VBVA: InfoScreen: [0] @0,0 1024x768, line 0x1000, BPP 32, flags 0x1
00:00:48.279475 Display::handleDisplayResize: uScreenId=0 pvVRAM=0000000006d70000 w=1024 h=768 bpp=32 cbLine=0x1000 flags=0x1
00:00:48.284285 VBVA: InfoScreen: [0] @0,0 1024x768, line 0x1000, BPP 32, flags 0x1
00:00:48.284308 Display::handleDisplayResize: uScreenId=0 pvVRAM=0000000006d70000 w=1024 h=768 bpp=32 cbLine=0x1000 flags=0x1
00:00:48.284524 VBVA: InfoScreen: [0] @0,0 1024x768, line 0x1000, BPP 32, flags 0x1
00:00:48.284536 Display::handleDisplayResize: uScreenId=0 pvVRAM=0000000006d70000 w=1024 h=768 bpp=32 cbLine=0x1000 flags=0x1
00:00:48.284629 VBVA: InfoScreen: [0] @0,0 1024x768, line 0x1000, BPP 32, flags 0x1
00:00:48.284641 Display::handleDisplayResize: uScreenId=0 pvVRAM=0000000006d70000 w=1024 h=768 bpp=32 cbLine=0x1000 flags=0x1
00:00:48.287256 VBVA: InfoScreen: [0] @0,0 1024x768, line 0x1000, BPP 32, flags 0x1
00:00:48.287287 Display::handleDisplayResize: uScreenId=0 pvVRAM=0000000006d70000 w=1024 h=768 bpp=32 cbLine=0x1000 flags=0x1
00:00:48.315899 VBVA: InfoScreen: [0] @0,0 1024x768, line 0x1000, BPP 32, flags 0x1
00:00:48.315930 Display::handleDisplayResize: uScreenId=0 pvVRAM=0000000006d70000 w=1024 h=768 bpp=32 cbLine=0x1000 flags=0x1
00:00:48.316692 VBVA: InfoScreen: [0] @0,0 1024x768, line 0x1000, BPP 32, flags 0x1
00:00:48.316717 Display::handleDisplayResize: uScreenId=0 pvVRAM=0000000006d70000 w=1024 h=768 bpp=32 cbLine=0x1000 flags=0x1
00:00:48.318445 VBVA: InfoScreen: [0] @0,0 1024x768, line 0x1000, BPP 32, flags 0x1
00:00:48.318465 Display::handleDisplayResize: uScreenId=0 pvVRAM=0000000006d70000 w=1024 h=768 bpp=32 cbLine=0x1000 flags=0x1
00:00:48.326288 VBVA: InfoScreen: [0] @0,0 1024x768, line 0x1000, BPP 32, flags 0x1
00:00:48.326309 Display::handleDisplayResize: uScreenId=0 pvVRAM=0000000006d70000 w=1024 h=768 bpp=32 cbLine=0x1000 flags=0x1
00:00:48.326396 VBVA: InfoScreen: [0] @0,0 1024x768, line 0x1000, BPP 32, flags 0x1
00:00:48.326406 Display::handleDisplayResize: uScreenId=0 pvVRAM=0000000006d70000 w=1024 h=768 bpp=32 cbLine=0x1000 flags=0x1
00:00:48.326480 VBVA: InfoScreen: [0] @0,0 1024x768, line 0x1000, BPP 32, flags 0x1
00:00:48.326490 Display::handleDisplayResize: uScreenId=0 pvVRAM=0000000006d70000 w=1024 h=768 bpp=32 cbLine=0x1000 flags=0x1
00:00:48.326571 VBVA: InfoScreen: [0] @0,0 1024x768, line 0x1000, BPP 32, flags 0x1
00:00:48.326582 Display::handleDisplayResize: uScreenId=0 pvVRAM=0000000006d70000 w=1024 h=768 bpp=32 cbLine=0x1000 flags=0x1
00:00:48.326652 VBVA: InfoScreen: [0] @0,0 1024x768, line 0x1000, BPP 32, flags 0x1
00:00:48.326661 Display::handleDisplayResize: uScreenId=0 pvVRAM=0000000006d70000 w=1024 h=768 bpp=32 cbLine=0x1000 flags=0x1
00:00:48.327539 VBVA: InfoScreen: [0] @0,0 1024x768, line 0x1000, BPP 32, flags 0x1
00:00:48.327559 Display::handleDisplayResize: uScreenId=0 pvVRAM=0000000006d70000 w=1024 h=768 bpp=32 cbLine=0x1000 flags=0x1
00:00:48.379141 VBVA: InfoScreen: [0] @0,0 1024x768, line 0x1000, BPP 32, flags 0x1
00:00:48.379163 Display::handleDisplayResize: uScreenId=0 pvVRAM=0000000006d70000 w=1024 h=768 bpp=32 cbLine=0x1000 flags=0x1
00:00:48.379250 VBVA: InfoScreen: [0] @0,0 1024x768, line 0x1000, BPP 32, flags 0x1
00:00:48.379261 Display::handleDisplayResize: uScreenId=0 pvVRAM=0000000006d70000 w=1024 h=768 bpp=32 cbLine=0x1000 flags=0x1
00:00:48.379436 VBVA: InfoScreen: [0] @0,0 1024x768, line 0x1000, BPP 32, flags 0x1
00:00:48.379447 Display::handleDisplayResize: uScreenId=0 pvVRAM=0000000006d70000 w=1024 h=768 bpp=32 cbLine=0x1000 flags=0x1
00:00:48.380503 VBVA: InfoScreen: [0] @0,0 1024x768, line 0x1000, BPP 32, flags 0x1
00:00:48.380522 Display::handleDisplayResize: uScreenId=0 pvVRAM=0000000006d70000 w=1024 h=768 bpp=32 cbLine=0x1000 flags=0x1
00:00:48.526325 VBVA: InfoScreen: [0] @0,0 1024x768, line 0x1000, BPP 32, flags 0x1
00:00:48.526366 Display::handleDisplayResize: uScreenId=0 pvVRAM=0000000006d70000 w=1024 h=768 bpp=32 cbLine=0x1000 flags=0x1
00:00:48.589452 VBVA: InfoScreen: [0] @0,0 1024x768, line 0x1000, BPP 32, flags 0x1
00:00:48.589489 Display::handleDisplayResize: uScreenId=0 pvVRAM=0000000006d70000 w=1024 h=768 bpp=32 cbLine=0x1000 flags=0x1
00:00:48.589668 VBVA: InfoScreen: [0] @0,0 1024x768, line 0x1000, BPP 32, flags 0x1
00:00:48.589690 Display::handleDisplayResize: uScreenId=0 pvVRAM=0000000006d70000 w=1024 h=768 bpp=32 cbLine=0x1000 flags=0x1
00:00:48.590136 VBVA: InfoScreen: [0] @0,0 1024x768, line 0x1000, BPP 32, flags 0x1
00:00:48.590158 Display::handleDisplayResize: uScreenId=0 pvVRAM=0000000006d70000 w=1024 h=768 bpp=32 cbLine=0x1000 flags=0x1
00:00:48.592366 VBVA: InfoScreen: [0] @0,0 1024x768, line 0x1000, BPP 32, flags 0x1
00:00:48.592404 Display::handleDisplayResize: uScreenId=0 pvVRAM=0000000006d70000 w=1024 h=768 bpp=32 cbLine=0x1000 flags=0x1
00:00:48.675046 VBVA: InfoScreen: [0] @0,0 1024x768, line 0x1000, BPP 32, flags 0x1
00:00:48.675089 Display::handleDisplayResize: uScreenId=0 pvVRAM=0000000006d70000 w=1024 h=768 bpp=32 cbLine=0x1000 flags=0x1
00:00:48.675260 VBVA: InfoScreen: [0] @0,0 1024x768, line 0x1000, BPP 32, flags 0x1
00:00:48.675279 Display::handleDisplayResize: uScreenId=0 pvVRAM=0000000006d70000 w=1024 h=768 bpp=32 cbLine=0x1000 flags=0x1
00:00:48.675417 VBVA: InfoScreen: [0] @0,0 1024x768, line 0x1000, BPP 32, flags 0x1
00:00:48.675435 Display::handleDisplayResize: uScreenId=0 pvVRAM=0000000006d70000 w=1024 h=768 bpp=32 cbLine=0x1000 flags=0x1
00:00:48.676914 VBVA: InfoScreen: [0] @0,0 1024x768, line 0x1000, BPP 32, flags 0x1
00:00:48.676949 Display::handleDisplayResize: uScreenId=0 pvVRAM=0000000006d70000 w=1024 h=768 bpp=32 cbLine=0x1000 flags=0x1
00:00:48.678652 VBVA: InfoScreen: [0] @0,0 1024x768, line 0x1000, BPP 32, flags 0x1
00:00:48.678680 Display::handleDisplayResize: uScreenId=0 pvVRAM=0000000006d70000 w=1024 h=768 bpp=32 cbLine=0x1000 flags=0x1
00:00:48.679071 VBVA: InfoScreen: [0] @0,0 1024x768, line 0x1000, BPP 32, flags 0x1
00:00:48.679090 Display::handleDisplayResize: uScreenId=0 pvVRAM=0000000006d70000 w=1024 h=768 bpp=32 cbLine=0x1000 flags=0x1
00:00:48.679927 VBVA: InfoScreen: [0] @0,0 1024x768, line 0x1000, BPP 32, flags 0x1
00:00:48.679947 Display::handleDisplayResize: uScreenId=0 pvVRAM=0000000006d70000 w=1024 h=768 bpp=32 cbLine=0x1000 flags=0x1
00:00:48.680252 VBVA: InfoScreen: [0] @0,0 1024x768, line 0x1000, BPP 32, flags 0x1
00:00:48.680271 Display::handleDisplayResize: uScreenId=0 pvVRAM=0000000006d70000 w=1024 h=768 bpp=32 cbLine=0x1000 flags=0x1
00:00:48.681873 VBVA: InfoScreen: [0] @0,0 1024x768, line 0x1000, BPP 32, flags 0x1
00:00:48.681900 Display::handleDisplayResize: uScreenId=0 pvVRAM=0000000006d70000 w=1024 h=768 bpp=32 cbLine=0x1000 flags=0x1
00:00:48.683856 VBVA: InfoScreen: [0] @0,0 1024x768, line 0x1000, BPP 32, flags 0x1
00:00:48.683887 Display::handleDisplayResize: uScreenId=0 pvVRAM=0000000006d70000 w=1024 h=768 bpp=32 cbLine=0x1000 flags=0x1
00:00:48.685735 VBVA: InfoScreen: [0] @0,0 1024x768, line 0x1000, BPP 32, flags 0x1
00:00:48.685766 Display::handleDisplayResize: uScreenId=0 pvVRAM=0000000006d70000 w=1024 h=768 bpp=32 cbLine=0x1000 flags=0x1
00:00:48.720420 VBVA: InfoScreen: [0] @0,0 1024x768, line 0x1000, BPP 32, flags 0x1
00:00:48.720473 Display::handleDisplayResize: uScreenId=0 pvVRAM=0000000006d70000 w=1024 h=768 bpp=32 cbLine=0x1000 flags=0x1
00:00:48.720689 VBVA: InfoScreen: [0] @0,0 1024x768, line 0x1000, BPP 32, flags 0x1
00:00:48.720710 Display::handleDisplayResize: uScreenId=0 pvVRAM=0000000006d70000 w=1024 h=768 bpp=32 cbLine=0x1000 flags=0x1
00:00:48.720914 VBVA: InfoScreen: [0] @0,0 1024x768, line 0x1000, BPP 32, flags 0x1
00:00:48.720934 Display::handleDisplayResize: uScreenId=0 pvVRAM=0000000006d70000 w=1024 h=768 bpp=32 cbLine=0x1000 flags=0x1
00:00:48.721906 VBVA: InfoScreen: [0] @0,0 1024x768, line 0x1000, BPP 32, flags 0x1
00:00:48.721928 Display::handleDisplayResize: uScreenId=0 pvVRAM=0000000006d70000 w=1024 h=768 bpp=32 cbLine=0x1000 flags=0x1
00:00:48.723472 VBVA: InfoScreen: [0] @0,0 1024x768, line 0x1000, BPP 32, flags 0x1
00:00:48.723496 Display::handleDisplayResize: uScreenId=0 pvVRAM=0000000006d70000 w=1024 h=768 bpp=32 cbLine=0x1000 flags=0x1
00:00:48.732066 VBVA: InfoScreen: [0] @0,0 1024x768, line 0x1000, BPP 32, flags 0x1
00:00:48.732113 Display::handleDisplayResize: uScreenId=0 pvVRAM=0000000006d70000 w=1024 h=768 bpp=32 cbLine=0x1000 flags=0x1
00:00:48.733489 VBVA: InfoScreen: [0] @0,0 1024x768, line 0x1000, BPP 32, flags 0x1
00:00:48.733513 Display::handleDisplayResize: uScreenId=0 pvVRAM=0000000006d70000 w=1024 h=768 bpp=32 cbLine=0x1000 flags=0x1
00:00:48.735863 VBVA: InfoScreen: [0] @0,0 1024x768, line 0x1000, BPP 32, flags 0x1
00:00:48.735899 Display::handleDisplayResize: uScreenId=0 pvVRAM=0000000006d70000 w=1024 h=768 bpp=32 cbLine=0x1000 flags=0x1
00:00:48.737479 VBVA: InfoScreen: [0] @0,0 1024x768, line 0x1000, BPP 32, flags 0x1
00:00:48.737503 Display::handleDisplayResize: uScreenId=0 pvVRAM=0000000006d70000 w=1024 h=768 bpp=32 cbLine=0x1000 flags=0x1
00:00:48.760962 VBVA: InfoScreen: [0] @0,0 1024x768, line 0x1000, BPP 32, flags 0x1
00:00:48.761014 Display::handleDisplayResize: uScreenId=0 pvVRAM=0000000006d70000 w=1024 h=768 bpp=32 cbLine=0x1000 flags=0x1
00:00:48.762557 VBVA: InfoScreen: [0] @0,0 1024x768, line 0x1000, BPP 32, flags 0x1
00:00:48.762582 Display::handleDisplayResize: uScreenId=0 pvVRAM=0000000006d70000 w=1024 h=768 bpp=32 cbLine=0x1000 flags=0x1
00:00:48.814852 VBVA: InfoScreen: [0] @0,0 1024x768, line 0x1000, BPP 32, flags 0x1
00:00:48.814910 Display::handleDisplayResize: uScreenId=0 pvVRAM=0000000006d70000 w=1024 h=768 bpp=32 cbLine=0x1000 flags=0x1
00:00:48.817839 VBVA: InfoScreen: [0] @0,0 1024x768, line 0x1000, BPP 32, flags 0x1
00:00:48.817881 Display::handleDisplayResize: uScreenId=0 pvVRAM=0000000006d70000 w=1024 h=768 bpp=32 cbLine=0x1000 flags=0x1
00:00:48.829994 VBVA: InfoScreen: [0] @0,0 1024x768, line 0x1000, BPP 32, flags 0x1
00:00:48.830041 Display::handleDisplayResize: uScreenId=0 pvVRAM=0000000006d70000 w=1024 h=768 bpp=32 cbLine=0x1000 flags=0x1
00:00:48.844130 VBVA: InfoScreen: [0] @0,0 1024x768, line 0x1000, BPP 32, flags 0x1
00:00:48.844183 Display::handleDisplayResize: uScreenId=0 pvVRAM=0000000006d70000 w=1024 h=768 bpp=32 cbLine=0x1000 flags=0x1
00:00:48.844909 VBVA: InfoScreen: [0] @0,0 1024x768, line 0x1000, BPP 32, flags 0x1
00:00:48.844929 Display::handleDisplayResize: uScreenId=0 pvVRAM=0000000006d70000 w=1024 h=768 bpp=32 cbLine=0x1000 flags=0x1
00:00:48.845397 VBVA: InfoScreen: [0] @0,0 1024x768, line 0x1000, BPP 32, flags 0x1
00:00:48.845417 Display::handleDisplayResize: uScreenId=0 pvVRAM=0000000006d70000 w=1024 h=768 bpp=32 cbLine=0x1000 flags=0x1
00:00:48.907532 VBVA: InfoScreen: [0] @0,0 1024x768, line 0x1000, BPP 32, flags 0x1
00:00:48.907574 Display::handleDisplayResize: uScreenId=0 pvVRAM=0000000006d70000 w=1024 h=768 bpp=32 cbLine=0x1000 flags=0x1
00:00:48.910453 VBVA: InfoScreen: [0] @0,0 1024x768, line 0x1000, BPP 32, flags 0x1
00:00:48.910490 Display::handleDisplayResize: uScreenId=0 pvVRAM=0000000006d70000 w=1024 h=768 bpp=32 cbLine=0x1000 flags=0x1
00:00:48.910852 VBVA: InfoScreen: [0] @0,0 1024x768, line 0x1000, BPP 32, flags 0x1
00:00:48.910870 Display::handleDisplayResize: uScreenId=0 pvVRAM=0000000006d70000 w=1024 h=768 bpp=32 cbLine=0x1000 flags=0x1
00:00:48.920745 VBVA: InfoScreen: [0] @0,0 1024x768, line 0x1000, BPP 32, flags 0x1
00:00:48.920774 Display::handleDisplayResize: uScreenId=0 pvVRAM=0000000006d70000 w=1024 h=768 bpp=32 cbLine=0x1000 flags=0x1
00:00:48.920997 VBVA: InfoScreen: [0] @0,0 1024x768, line 0x1000, BPP 32, flags 0x1
00:00:48.921015 Display::handleDisplayResize: uScreenId=0 pvVRAM=0000000006d70000 w=1024 h=768 bpp=32 cbLine=0x1000 flags=0x1
00:00:48.921139 VBVA: InfoScreen: [0] @0,0 1024x768, line 0x1000, BPP 32, flags 0x1
00:00:48.921158 Display::handleDisplayResize: uScreenId=0 pvVRAM=0000000006d70000 w=1024 h=768 bpp=32 cbLine=0x1000 flags=0x1
00:00:48.921298 VBVA: InfoScreen: [0] @0,0 1024x768, line 0x1000, BPP 32, flags 0x1
00:00:48.921315 Display::handleDisplayResize: uScreenId=0 pvVRAM=0000000006d70000 w=1024 h=768 bpp=32 cbLine=0x1000 flags=0x1
00:00:48.921430 VBVA: InfoScreen: [0] @0,0 1024x768, line 0x1000, BPP 32, flags 0x1
00:00:48.921446 Display::handleDisplayResize: uScreenId=0 pvVRAM=0000000006d70000 w=1024 h=768 bpp=32 cbLine=0x1000 flags=0x1
00:00:48.921562 VBVA: InfoScreen: [0] @0,0 1024x768, line 0x1000, BPP 32, flags 0x1
00:00:48.921578 Display::handleDisplayResize: uScreenId=0 pvVRAM=0000000006d70000 w=1024 h=768 bpp=32 cbLine=0x1000 flags=0x1
00:00:48.925314 VBVA: InfoScreen: [0] @0,0 1024x768, line 0x1000, BPP 32, flags 0x1
00:00:48.925350 Display::handleDisplayResize: uScreenId=0 pvVRAM=0000000006d70000 w=1024 h=768 bpp=32 cbLine=0x1000 flags=0x1
00:00:48.925522 VBVA: InfoScreen: [0] @0,0 1024x768, line 0x1000, BPP 32, flags 0x1
00:00:48.925539 Display::handleDisplayResize: uScreenId=0 pvVRAM=0000000006d70000 w=1024 h=768 bpp=32 cbLine=0x1000 flags=0x1
00:00:48.933470 VBVA: InfoScreen: [0] @0,0 1024x768, line 0x1000, BPP 32, flags 0x1
00:00:48.933500 Display::handleDisplayResize: uScreenId=0 pvVRAM=0000000006d70000 w=1024 h=768 bpp=32 cbLine=0x1000 flags=0x1
00:00:48.935344 VBVA: InfoScreen: [0] @0,0 1024x768, line 0x1000, BPP 32, flags 0x1
00:00:48.935377 Display::handleDisplayResize: uScreenId=0 pvVRAM=0000000006d70000 w=1024 h=768 bpp=32 cbLine=0x1000 flags=0x1
00:00:48.937779 VBVA: InfoScreen: [0] @0,0 1024x768, line 0x1000, BPP 32, flags 0x1
00:00:48.937812 Display::handleDisplayResize: uScreenId=0 pvVRAM=0000000006d70000 w=1024 h=768 bpp=32 cbLine=0x1000 flags=0x1
00:00:48.943330 VBVA: InfoScreen: [0] @0,0 1024x768, line 0x1000, BPP 32, flags 0x1
00:00:48.943359 Display::handleDisplayResize: uScreenId=0 pvVRAM=0000000006d70000 w=1024 h=768 bpp=32 cbLine=0x1000 flags=0x1
00:00:48.953570 VBVA: InfoScreen: [0] @0,0 1024x768, line 0x1000, BPP 32, flags 0x1
00:00:48.953603 Display::handleDisplayResize: uScreenId=0 pvVRAM=0000000006d70000 w=1024 h=768 bpp=32 cbLine=0x1000 flags=0x1
00:00:48.953767 VBVA: InfoScreen: [0] @0,0 1024x768, line 0x1000, BPP 32, flags 0x1
00:00:48.953784 Display::handleDisplayResize: uScreenId=0 pvVRAM=0000000006d70000 w=1024 h=768 bpp=32 cbLine=0x1000 flags=0x1
00:00:48.955127 VBVA: InfoScreen: [0] @0,0 1024x768, line 0x1000, BPP 32, flags 0x1
00:00:48.955156 Display::handleDisplayResize: uScreenId=0 pvVRAM=0000000006d70000 w=1024 h=768 bpp=32 cbLine=0x1000 flags=0x1
00:00:48.956519 VBVA: InfoScreen: [0] @0,0 1024x768, line 0x1000, BPP 32, flags 0x1
00:00:48.956539 Display::handleDisplayResize: uScreenId=0 pvVRAM=0000000006d70000 w=1024 h=768 bpp=32 cbLine=0x1000 flags=0x1
00:00:48.958566 VBVA: InfoScreen: [0] @0,0 1024x768, line 0x1000, BPP 32, flags 0x1
00:00:48.958597 Display::handleDisplayResize: uScreenId=0 pvVRAM=0000000006d70000 w=1024 h=768 bpp=32 cbLine=0x1000 flags=0x1
00:00:49.011480 VBVA: InfoScreen: [0] @0,0 1024x768, line 0x1000, BPP 32, flags 0x1
00:00:49.011519 Display::handleDisplayResize: uScreenId=0 pvVRAM=0000000006d70000 w=1024 h=768 bpp=32 cbLine=0x1000 flags=0x1
00:00:49.014114 VBVA: InfoScreen: [0] @0,0 1024x768, line 0x1000, BPP 32, flags 0x1
00:00:49.014137 Display::handleDisplayResize: uScreenId=0 pvVRAM=0000000006d70000 w=1024 h=768 bpp=32 cbLine=0x1000 flags=0x1
00:00:49.027796 VBVA: InfoScreen: [0] @0,0 1024x768, line 0x1000, BPP 32, flags 0x1
00:00:49.027835 Display::handleDisplayResize: uScreenId=0 pvVRAM=0000000006d70000 w=1024 h=768 bpp=32 cbLine=0x1000 flags=0x1
00:00:49.030410 VBVA: InfoScreen: [0] @0,0 1024x768, line 0x1000, BPP 32, flags 0x1
00:00:49.030431 Display::handleDisplayResize: uScreenId=0 pvVRAM=0000000006d70000 w=1024 h=768 bpp=32 cbLine=0x1000 flags=0x1
00:00:49.031493 VBVA: InfoScreen: [0] @0,0 1024x768, line 0x1000, BPP 32, flags 0x1
00:00:49.031512 Display::handleDisplayResize: uScreenId=0 pvVRAM=0000000006d70000 w=1024 h=768 bpp=32 cbLine=0x1000 flags=0x1
00:00:49.031696 VBVA: InfoScreen: [0] @0,0 1024x768, line 0x1000, BPP 32, flags 0x1
00:00:49.031712 Display::handleDisplayResize: uScreenId=0 pvVRAM=0000000006d70000 w=1024 h=768 bpp=32 cbLine=0x1000 flags=0x1
00:00:49.033844 VBVA: InfoScreen: [0] @0,0 1024x768, line 0x1000, BPP 32, flags 0x1
00:00:49.033874 Display::handleDisplayResize: uScreenId=0 pvVRAM=0000000006d70000 w=1024 h=768 bpp=32 cbLine=0x1000 flags=0x1
00:00:49.035410 VBVA: InfoScreen: [0] @0,0 1024x768, line 0x1000, BPP 32, flags 0x1
00:00:49.035428 Display::handleDisplayResize: uScreenId=0 pvVRAM=0000000006d70000 w=1024 h=768 bpp=32 cbLine=0x1000 flags=0x1
00:00:49.138430 VBVA: InfoScreen: [0] @0,0 1024x768, line 0x1000, BPP 32, flags 0x1
00:00:49.138478 Display::handleDisplayResize: uScreenId=0 pvVRAM=0000000006d70000 w=1024 h=768 bpp=32 cbLine=0x1000 flags=0x1
00:00:49.138919 VBVA: InfoScreen: [0] @0,0 1024x768, line 0x1000, BPP 32, flags 0x1
00:00:49.138943 Display::handleDisplayResize: uScreenId=0 pvVRAM=0000000006d70000 w=1024 h=768 bpp=32 cbLine=0x1000 flags=0x1
00:00:49.141208 VBVA: InfoScreen: [0] @0,0 1024x768, line 0x1000, BPP 32, flags 0x1
00:00:49.141249 Display::handleDisplayResize: uScreenId=0 pvVRAM=0000000006d70000 w=1024 h=768 bpp=32 cbLine=0x1000 flags=0x1
00:00:49.147604 VBVA: InfoScreen: [0] @0,0 1024x768, line 0x1000, BPP 32, flags 0x1
00:00:49.147635 Display::handleDisplayResize: uScreenId=0 pvVRAM=0000000006d70000 w=1024 h=768 bpp=32 cbLine=0x1000 flags=0x1
00:00:49.149102 VBVA: InfoScreen: [0] @0,0 1024x768, line 0x1000, BPP 32, flags 0x1
00:00:49.149128 Display::handleDisplayResize: uScreenId=0 pvVRAM=0000000006d70000 w=1024 h=768 bpp=32 cbLine=0x1000 flags=0x1
00:00:49.151326 VBVA: InfoScreen: [0] @0,0 1024x768, line 0x1000, BPP 32, flags 0x1
00:00:49.151374 Display::handleDisplayResize: uScreenId=0 pvVRAM=0000000006d70000 w=1024 h=768 bpp=32 cbLine=0x1000 flags=0x1
00:00:49.162110 VBVA: InfoScreen: [0] @0,0 1024x768, line 0x1000, BPP 32, flags 0x1
00:00:49.162158 Display::handleDisplayResize: uScreenId=0 pvVRAM=0000000006d70000 w=1024 h=768 bpp=32 cbLine=0x1000 flags=0x1
00:00:49.164865 VBVA: InfoScreen: [0] @0,0 1024x768, line 0x1000, BPP 32, flags 0x1
00:00:49.164900 Display::handleDisplayResize: uScreenId=0 pvVRAM=0000000006d70000 w=1024 h=768 bpp=32 cbLine=0x1000 flags=0x1
00:00:49.168017 VBVA: InfoScreen: [0] @0,0 1024x768, line 0x1000, BPP 32, flags 0x1
00:00:49.168060 Display::handleDisplayResize: uScreenId=0 pvVRAM=0000000006d70000 w=1024 h=768 bpp=32 cbLine=0x1000 flags=0x1
00:00:49.172114 VBVA: InfoScreen: [0] @0,0 1024x768, line 0x1000, BPP 32, flags 0x1
00:00:49.172157 Display::handleDisplayResize: uScreenId=0 pvVRAM=0000000006d70000 w=1024 h=768 bpp=32 cbLine=0x1000 flags=0x1
00:00:49.174778 VBVA: InfoScreen: [0] @0,0 1024x768, line 0x1000, BPP 32, flags 0x1
00:00:49.174809 Display::handleDisplayResize: uScreenId=0 pvVRAM=0000000006d70000 w=1024 h=768 bpp=32 cbLine=0x1000 flags=0x1
00:00:49.191125 VBVA: InfoScreen: [0] @0,0 1024x768, line 0x1000, BPP 32, flags 0x1
00:00:49.191178 Display::handleDisplayResize: uScreenId=0 pvVRAM=0000000006d70000 w=1024 h=768 bpp=32 cbLine=0x1000 flags=0x1
00:00:49.191646 VBVA: InfoScreen: [0] @0,0 1024x768, line 0x1000, BPP 32, flags 0x1
00:00:49.191669 Display::handleDisplayResize: uScreenId=0 pvVRAM=0000000006d70000 w=1024 h=768 bpp=32 cbLine=0x1000 flags=0x1
00:00:49.358446 VBVA: InfoScreen: [0] @0,0 1024x768, line 0x1000, BPP 32, flags 0x1
00:00:49.358492 Display::handleDisplayResize: uScreenId=0 pvVRAM=0000000006d70000 w=1024 h=768 bpp=32 cbLine=0x1000 flags=0x1
00:00:49.565970 VBVA: InfoScreen: [0] @0,0 1024x768, line 0x1000, BPP 32, flags 0x1
00:00:49.566015 Display::handleDisplayResize: uScreenId=0 pvVRAM=0000000006d70000 w=1024 h=768 bpp=32 cbLine=0x1000 flags=0x1
00:00:49.738052 VBVA: InfoScreen: [0] @0,0 1024x768, line 0x1000, BPP 32, flags 0x1
00:00:49.738101 Display::handleDisplayResize: uScreenId=0 pvVRAM=0000000006d70000 w=1024 h=768 bpp=32 cbLine=0x1000 flags=0x1
00:00:49.738272 VBVA: InfoScreen: [0] @0,0 1024x768, line 0x1000, BPP 32, flags 0x1
00:00:49.738293 Display::handleDisplayResize: uScreenId=0 pvVRAM=0000000006d70000 w=1024 h=768 bpp=32 cbLine=0x1000 flags=0x1
00:00:49.739488 VBVA: InfoScreen: [0] @0,0 1024x768, line 0x1000, BPP 32, flags 0x1
00:00:49.739520 Display::handleDisplayResize: uScreenId=0 pvVRAM=0000000006d70000 w=1024 h=768 bpp=32 cbLine=0x1000 flags=0x1
00:00:49.742241 VBVA: InfoScreen: [0] @0,0 1024x768, line 0x1000, BPP 32, flags 0x1
00:00:49.742273 Display::handleDisplayResize: uScreenId=0 pvVRAM=0000000006d70000 w=1024 h=768 bpp=32 cbLine=0x1000 flags=0x1
00:00:49.776712 VBVA: InfoScreen: [0] @0,0 1024x768, line 0x1000, BPP 32, flags 0x1
00:00:49.776758 Display::handleDisplayResize: uScreenId=0 pvVRAM=0000000006d70000 w=1024 h=768 bpp=32 cbLine=0x1000 flags=0x1
00:00:49.981988 VBVA: InfoScreen: [0] @0,0 1024x768, line 0x1000, BPP 32, flags 0x1
00:00:49.982029 Display::handleDisplayResize: uScreenId=0 pvVRAM=0000000006d70000 w=1024 h=768 bpp=32 cbLine=0x1000 flags=0x1
00:00:50.189983 VBVA: InfoScreen: [0] @0,0 1024x768, line 0x1000, BPP 32, flags 0x1
00:00:50.190019 Display::handleDisplayResize: uScreenId=0 pvVRAM=0000000006d70000 w=1024 h=768 bpp=32 cbLine=0x1000 flags=0x1
00:00:50.377971 VBVA: InfoScreen: [0] @0,0 1024x768, line 0x1000, BPP 32, flags 0x1
00:00:50.378005 Display::handleDisplayResize: uScreenId=0 pvVRAM=0000000006d70000 w=1024 h=768 bpp=32 cbLine=0x1000 flags=0x1
00:00:50.379485 VBVA: InfoScreen: [0] @0,0 1024x768, line 0x1000, BPP 32, flags 0x1
00:00:50.379517 Display::handleDisplayResize: uScreenId=0 pvVRAM=0000000006d70000 w=1024 h=768 bpp=32 cbLine=0x1000 flags=0x1
00:00:50.398276 VBVA: InfoScreen: [0] @0,0 1024x768, line 0x1000, BPP 32, flags 0x1
00:00:50.398304 Display::handleDisplayResize: uScreenId=0 pvVRAM=0000000006d70000 w=1024 h=768 bpp=32 cbLine=0x1000 flags=0x1
00:00:50.542146 VBVA: InfoScreen: [0] @0,0 1024x768, line 0x1000, BPP 32, flags 0x1
00:00:50.542183 Display::handleDisplayResize: uScreenId=0 pvVRAM=0000000006d70000 w=1024 h=768 bpp=32 cbLine=0x1000 flags=0x1
00:00:50.543714 VBVA: InfoScreen: [0] @0,0 1024x768, line 0x1000, BPP 32, flags 0x1
00:00:50.543749 Display::handleDisplayResize: uScreenId=0 pvVRAM=0000000006d70000 w=1024 h=768 bpp=32 cbLine=0x1000 flags=0x1
00:00:50.606081 VBVA: InfoScreen: [0] @0,0 1024x768, line 0x1000, BPP 32, flags 0x1
00:00:50.606126 Display::handleDisplayResize: uScreenId=0 pvVRAM=0000000006d70000 w=1024 h=768 bpp=32 cbLine=0x1000 flags=0x1
00:00:50.815179 VBVA: InfoScreen: [0] @0,0 1024x768, line 0x1000, BPP 32, flags 0x1
00:00:50.815226 Display::handleDisplayResize: uScreenId=0 pvVRAM=0000000006d70000 w=1024 h=768 bpp=32 cbLine=0x1000 flags=0x1
00:00:51.022018 VBVA: InfoScreen: [0] @0,0 1024x768, line 0x1000, BPP 32, flags 0x1
00:00:51.022062 Display::handleDisplayResize: uScreenId=0 pvVRAM=0000000006d70000 w=1024 h=768 bpp=32 cbLine=0x1000 flags=0x1
00:00:51.230198 VBVA: InfoScreen: [0] @0,0 1024x768, line 0x1000, BPP 32, flags 0x1
00:00:51.230236 Display::handleDisplayResize: uScreenId=0 pvVRAM=0000000006d70000 w=1024 h=768 bpp=32 cbLine=0x1000 flags=0x1
00:00:51.437965 VBVA: InfoScreen: [0] @0,0 1024x768, line 0x1000, BPP 32, flags 0x1
00:00:51.438012 Display::handleDisplayResize: uScreenId=0 pvVRAM=0000000006d70000 w=1024 h=768 bpp=32 cbLine=0x1000 flags=0x1
00:00:51.646290 VBVA: InfoScreen: [0] @0,0 1024x768, line 0x1000, BPP 32, flags 0x1
00:00:51.646335 Display::handleDisplayResize: uScreenId=0 pvVRAM=0000000006d70000 w=1024 h=768 bpp=32 cbLine=0x1000 flags=0x1
00:00:51.716092 VBVA: InfoScreen: [0] @0,0 1024x768, line 0x1000, BPP 32, flags 0x1
00:00:51.716143 Display::handleDisplayResize: uScreenId=0 pvVRAM=0000000006d70000 w=1024 h=768 bpp=32 cbLine=0x1000 flags=0x1
00:00:51.717532 VBVA: InfoScreen: [0] @0,0 1024x768, line 0x1000, BPP 32, flags 0x1
00:00:51.717558 Display::handleDisplayResize: uScreenId=0 pvVRAM=0000000006d70000 w=1024 h=768 bpp=32 cbLine=0x1000 flags=0x1
00:00:51.854217 VBVA: InfoScreen: [0] @0,0 1024x768, line 0x1000, BPP 32, flags 0x1
00:00:51.854255 Display::handleDisplayResize: uScreenId=0 pvVRAM=0000000006d70000 w=1024 h=768 bpp=32 cbLine=0x1000 flags=0x1
00:00:52.061985 VBVA: InfoScreen: [0] @0,0 1024x768, line 0x1000, BPP 32, flags 0x1
00:00:52.062026 Display::handleDisplayResize: uScreenId=0 pvVRAM=0000000006d70000 w=1024 h=768 bpp=32 cbLine=0x1000 flags=0x1
00:00:52.271304 VBVA: InfoScreen: [0] @0,0 1024x768, line 0x1000, BPP 32, flags 0x1
00:00:52.271350 Display::handleDisplayResize: uScreenId=0 pvVRAM=0000000006d70000 w=1024 h=768 bpp=32 cbLine=0x1000 flags=0x1
00:00:52.478069 VBVA: InfoScreen: [0] @0,0 1024x768, line 0x1000, BPP 32, flags 0x1
00:00:52.478111 Display::handleDisplayResize: uScreenId=0 pvVRAM=0000000006d70000 w=1024 h=768 bpp=32 cbLine=0x1000 flags=0x1
00:00:52.508201 VBVA: InfoScreen: [0] @0,0 1024x768, line 0x1000, BPP 32, flags 0x1
00:00:52.508249 Display::handleDisplayResize: uScreenId=0 pvVRAM=0000000006d70000 w=1024 h=768 bpp=32 cbLine=0x1000 flags=0x1
00:00:52.509138 VBVA: InfoScreen: [0] @0,0 1024x768, line 0x1000, BPP 32, flags 0x1
00:00:52.509162 Display::handleDisplayResize: uScreenId=0 pvVRAM=0000000006d70000 w=1024 h=768 bpp=32 cbLine=0x1000 flags=0x1
00:00:52.521443 VBVA: InfoScreen: [0] @0,0 1024x768, line 0x1000, BPP 32, flags 0x1
00:00:52.521479 Display::handleDisplayResize: uScreenId=0 pvVRAM=0000000006d70000 w=1024 h=768 bpp=32 cbLine=0x1000 flags=0x1
00:00:52.521654 VBVA: InfoScreen: [0] @0,0 1024x768, line 0x1000, BPP 32, flags 0x1
00:00:52.521675 Display::handleDisplayResize: uScreenId=0 pvVRAM=0000000006d70000 w=1024 h=768 bpp=32 cbLine=0x1000 flags=0x1
00:00:52.521894 VBVA: InfoScreen: [0] @0,0 1024x768, line 0x1000, BPP 32, flags 0x1
00:00:52.521915 Display::handleDisplayResize: uScreenId=0 pvVRAM=0000000006d70000 w=1024 h=768 bpp=32 cbLine=0x1000 flags=0x1
00:00:52.524658 VBVA: InfoScreen: [0] @0,0 1024x768, line 0x1000, BPP 32, flags 0x1
00:00:52.524713 Display::handleDisplayResize: uScreenId=0 pvVRAM=0000000006d70000 w=1024 h=768 bpp=32 cbLine=0x1000 flags=0x1
00:00:52.686321 VBVA: InfoScreen: [0] @0,0 1024x768, line 0x1000, BPP 32, flags 0x1
00:00:52.686362 Display::handleDisplayResize: uScreenId=0 pvVRAM=0000000006d70000 w=1024 h=768 bpp=32 cbLine=0x1000 flags=0x1
00:00:52.704660 VBVA: InfoScreen: [0] @0,0 1024x768, line 0x1000, BPP 32, flags 0x1
00:00:52.704693 Display::handleDisplayResize: uScreenId=0 pvVRAM=0000000006d70000 w=1024 h=768 bpp=32 cbLine=0x1000 flags=0x1
00:00:52.705011 VBVA: InfoScreen: [0] @0,0 1024x768, line 0x1000, BPP 32, flags 0x1
00:00:52.705030 Display::handleDisplayResize: uScreenId=0 pvVRAM=0000000006d70000 w=1024 h=768 bpp=32 cbLine=0x1000 flags=0x1
00:00:52.706870 VBVA: InfoScreen: [0] @0,0 1024x768, line 0x1000, BPP 32, flags 0x1
00:00:52.706901 Display::handleDisplayResize: uScreenId=0 pvVRAM=0000000006d70000 w=1024 h=768 bpp=32 cbLine=0x1000 flags=0x1
00:00:52.707186 VBVA: InfoScreen: [0] @0,0 1024x768, line 0x1000, BPP 32, flags 0x1
00:00:52.707204 Display::handleDisplayResize: uScreenId=0 pvVRAM=0000000006d70000 w=1024 h=768 bpp=32 cbLine=0x1000 flags=0x1
00:00:52.787707 VMMDev: Guest Log: VBoxService 5.2.20 r125813 (verbosity: 0) linux.amd64 (Oct 15 2018 16:24:17) release log
00:00:52.790702 VMMDev: Guest Log: 00:00:00.000284 main     Log opened 2000:00:00.003818 main     OS Product: Linux
00:00:52.792239 VMMDev: Guest Log: 00:00:00.005230 main     OS Release: 6.8.0-78-generic
00:00:52.794689 VMMDev: Guest Log: 00:00:00.007135 main     OS Version: #78-Ubuntu SMP PREEMPT_DYNAMIC Tue Aug 12 11:34:18 UTC 2025
00:00:52.796177 VMMDev: Guest Log: 00:00:00.008700 main     Executable: /opt/VBoxGuestAdditions-5.2.20/sbin/VBoxService
00:00:52.796724 VMMDev: Guest Log: 00:00:00.008703 main     Process ID: 885
00:00:52.800604 VMMDev: Guest Log: 000:00:00.013456 main     5.2.20 r125813 started. Verbose level = 0
00:00:52.821289 VBVA: InfoScreen: [0] @0,0 1024x768, line 0x1000, BPP 32, flags 0x1
00:00:52.821333 Display::handleDisplayResize: uScreenId=0 pvVRAM=0000000006d70000 w=1024 h=768 bpp=32 cbLine=0x1000 flags=0x1
00:00:52.894039 VBVA: InfoScreen: [0] @0,0 1024x768, line 0x1000, BPP 32, flags 0x1
00:00:52.894085 Display::handleDisplayResize: uScreenId=0 pvVRAM=0000000006d70000 w=1024 h=768 bpp=32 cbLine=0x1000 flags=0x1
00:00:53.101998 VBVA: InfoScreen: [0] @0,0 1024x768, line 0x1000, BPP 32, flags 0x1
00:00:53.102045 Display::handleDisplayResize: uScreenId=0 pvVRAM=0000000006d70000 w=1024 h=768 bpp=32 cbLine=0x1000 flags=0x1
00:00:53.310479 VBVA: InfoScreen: [0] @0,0 1024x768, line 0x1000, BPP 32, flags 0x1
00:00:53.310527 Display::handleDisplayResize: uScreenId=0 pvVRAM=0000000006d70000 w=1024 h=768 bpp=32 cbLine=0x1000 flags=0x1
00:00:53.517898 VBVA: InfoScreen: [0] @0,0 1024x768, line 0x1000, BPP 32, flags 0x1
00:00:53.517943 Display::handleDisplayResize: uScreenId=0 pvVRAM=0000000006d70000 w=1024 h=768 bpp=32 cbLine=0x1000 flags=0x1
00:00:53.725808 VBVA: InfoScreen: [0] @0,0 1024x768, line 0x1000, BPP 32, flags 0x1
00:00:53.725855 Display::handleDisplayResize: uScreenId=0 pvVRAM=0000000006d70000 w=1024 h=768 bpp=32 cbLine=0x1000 flags=0x1
00:00:53.934019 VBVA: InfoScreen: [0] @0,0 1024x768, line 0x1000, BPP 32, flags 0x1
00:00:53.934063 Display::handleDisplayResize: uScreenId=0 pvVRAM=0000000006d70000 w=1024 h=768 bpp=32 cbLine=0x1000 flags=0x1
00:00:54.141544 VBVA: InfoScreen: [0] @0,0 1024x768, line 0x1000, BPP 32, flags 0x1
00:00:54.141584 Display::handleDisplayResize: uScreenId=0 pvVRAM=0000000006d70000 w=1024 h=768 bpp=32 cbLine=0x1000 flags=0x1
00:00:54.349640 VBVA: InfoScreen: [0] @0,0 1024x768, line 0x1000, BPP 32, flags 0x1
00:00:54.349690 Display::handleDisplayResize: uScreenId=0 pvVRAM=0000000006d70000 w=1024 h=768 bpp=32 cbLine=0x1000 flags=0x1
00:00:54.557645 VBVA: InfoScreen: [0] @0,0 1024x768, line 0x1000, BPP 32, flags 0x1
00:00:54.557798 Display::handleDisplayResize: uScreenId=0 pvVRAM=0000000006d70000 w=1024 h=768 bpp=32 cbLine=0x1000 flags=0x1
00:00:54.765610 VBVA: InfoScreen: [0] @0,0 1024x768, line 0x1000, BPP 32, flags 0x1
00:00:54.765652 Display::handleDisplayResize: uScreenId=0 pvVRAM=0000000006d70000 w=1024 h=768 bpp=32 cbLine=0x1000 flags=0x1
00:00:54.843911 VBVA: InfoScreen: [0] @0,0 1024x768, line 0x1000, BPP 32, flags 0x1
00:00:54.843957 Display::handleDisplayResize: uScreenId=0 pvVRAM=0000000006d70000 w=1024 h=768 bpp=32 cbLine=0x1000 flags=0x1
00:00:54.844598 VBVA: InfoScreen: [0] @0,0 1024x768, line 0x1000, BPP 32, flags 0x1
00:00:54.844623 Display::handleDisplayResize: uScreenId=0 pvVRAM=0000000006d70000 w=1024 h=768 bpp=32 cbLine=0x1000 flags=0x1
00:00:54.845187 VBVA: InfoScreen: [0] @0,0 1024x768, line 0x1000, BPP 32, flags 0x1
00:00:54.845209 Display::handleDisplayResize: uScreenId=0 pvVRAM=0000000006d70000 w=1024 h=768 bpp=32 cbLine=0x1000 flags=0x1
00:00:54.845633 VBVA: InfoScreen: [0] @0,0 1024x768, line 0x1000, BPP 32, flags 0x1
00:00:54.845654 Display::handleDisplayResize: uScreenId=0 pvVRAM=0000000006d70000 w=1024 h=768 bpp=32 cbLine=0x1000 flags=0x1
00:00:54.845871 VBVA: InfoScreen: [0] @0,0 1024x768, line 0x1000, BPP 32, flags 0x1
00:00:54.845892 Display::handleDisplayResize: uScreenId=0 pvVRAM=0000000006d70000 w=1024 h=768 bpp=32 cbLine=0x1000 flags=0x1
00:00:54.846633 VBVA: InfoScreen: [0] @0,0 1024x768, line 0x1000, BPP 32, flags 0x1
00:00:54.846655 Display::handleDisplayResize: uScreenId=0 pvVRAM=0000000006d70000 w=1024 h=768 bpp=32 cbLine=0x1000 flags=0x1
00:00:54.973180 VBVA: InfoScreen: [0] @0,0 1024x768, line 0x1000, BPP 32, flags 0x1
00:00:54.973226 Display::handleDisplayResize: uScreenId=0 pvVRAM=0000000006d70000 w=1024 h=768 bpp=32 cbLine=0x1000 flags=0x1
00:00:55.181129 VBVA: InfoScreen: [0] @0,0 1024x768, line 0x1000, BPP 32, flags 0x1
00:00:55.181170 Display::handleDisplayResize: uScreenId=0 pvVRAM=0000000006d70000 w=1024 h=768 bpp=32 cbLine=0x1000 flags=0x1
00:00:55.389185 VBVA: InfoScreen: [0] @0,0 1024x768, line 0x1000, BPP 32, flags 0x1
00:00:55.389223 Display::handleDisplayResize: uScreenId=0 pvVRAM=0000000006d70000 w=1024 h=768 bpp=32 cbLine=0x1000 flags=0x1
00:00:55.596816 VBVA: InfoScreen: [0] @0,0 1024x768, line 0x1000, BPP 32, flags 0x1
00:00:55.596862 Display::handleDisplayResize: uScreenId=0 pvVRAM=0000000006d70000 w=1024 h=768 bpp=32 cbLine=0x1000 flags=0x1
00:00:55.804778 VBVA: InfoScreen: [0] @0,0 1024x768, line 0x1000, BPP 32, flags 0x1
00:00:55.804824 Display::handleDisplayResize: uScreenId=0 pvVRAM=0000000006d70000 w=1024 h=768 bpp=32 cbLine=0x1000 flags=0x1
00:00:56.013789 VBVA: InfoScreen: [0] @0,0 1024x768, line 0x1000, BPP 32, flags 0x1
00:00:56.013837 Display::handleDisplayResize: uScreenId=0 pvVRAM=0000000006d70000 w=1024 h=768 bpp=32 cbLine=0x1000 flags=0x1
00:00:56.221085 VBVA: InfoScreen: [0] @0,0 1024x768, line 0x1000, BPP 32, flags 0x1
00:00:56.221133 Display::handleDisplayResize: uScreenId=0 pvVRAM=0000000006d70000 w=1024 h=768 bpp=32 cbLine=0x1000 flags=0x1
00:00:56.428869 VBVA: InfoScreen: [0] @0,0 1024x768, line 0x1000, BPP 32, flags 0x1
00:00:56.428914 Display::handleDisplayResize: uScreenId=0 pvVRAM=0000000006d70000 w=1024 h=768 bpp=32 cbLine=0x1000 flags=0x1
00:00:56.636563 VBVA: InfoScreen: [0] @0,0 1024x768, line 0x1000, BPP 32, flags 0x1
00:00:56.636608 Display::handleDisplayResize: uScreenId=0 pvVRAM=0000000006d70000 w=1024 h=768 bpp=32 cbLine=0x1000 flags=0x1
00:00:56.844380 VBVA: InfoScreen: [0] @0,0 1024x768, line 0x1000, BPP 32, flags 0x1
00:00:56.844422 Display::handleDisplayResize: uScreenId=0 pvVRAM=0000000006d70000 w=1024 h=768 bpp=32 cbLine=0x1000 flags=0x1
00:00:57.052100 VBVA: InfoScreen: [0] @0,0 1024x768, line 0x1000, BPP 32, flags 0x1
00:00:57.052138 Display::handleDisplayResize: uScreenId=0 pvVRAM=0000000006d70000 w=1024 h=768 bpp=32 cbLine=0x1000 flags=0x1
00:00:57.260463 VBVA: InfoScreen: [0] @0,0 1024x768, line 0x1000, BPP 32, flags 0x1
00:00:57.260512 Display::handleDisplayResize: uScreenId=0 pvVRAM=0000000006d70000 w=1024 h=768 bpp=32 cbLine=0x1000 flags=0x1
00:00:57.468006 VBVA: InfoScreen: [0] @0,0 1024x768, line 0x1000, BPP 32, flags 0x1
00:00:57.468055 Display::handleDisplayResize: uScreenId=0 pvVRAM=0000000006d70000 w=1024 h=768 bpp=32 cbLine=0x1000 flags=0x1
00:00:57.675776 VBVA: InfoScreen: [0] @0,0 1024x768, line 0x1000, BPP 32, flags 0x1
00:00:57.675823 Display::handleDisplayResize: uScreenId=0 pvVRAM=0000000006d70000 w=1024 h=768 bpp=32 cbLine=0x1000 flags=0x1
00:00:57.883665 VBVA: InfoScreen: [0] @0,0 1024x768, line 0x1000, BPP 32, flags 0x1
00:00:57.883709 Display::handleDisplayResize: uScreenId=0 pvVRAM=0000000006d70000 w=1024 h=768 bpp=32 cbLine=0x1000 flags=0x1
00:00:58.092097 VBVA: InfoScreen: [0] @0,0 1024x768, line 0x1000, BPP 32, flags 0x1
00:00:58.092146 Display::handleDisplayResize: uScreenId=0 pvVRAM=0000000006d70000 w=1024 h=768 bpp=32 cbLine=0x1000 flags=0x1
00:00:58.299532 VBVA: InfoScreen: [0] @0,0 1024x768, line 0x1000, BPP 32, flags 0x1
00:00:58.299576 Display::handleDisplayResize: uScreenId=0 pvVRAM=0000000006d70000 w=1024 h=768 bpp=32 cbLine=0x1000 flags=0x1
00:00:58.507594 VBVA: InfoScreen: [0] @0,0 1024x768, line 0x1000, BPP 32, flags 0x1
00:00:58.507637 Display::handleDisplayResize: uScreenId=0 pvVRAM=0000000006d70000 w=1024 h=768 bpp=32 cbLine=0x1000 flags=0x1
00:00:58.715642 VBVA: InfoScreen: [0] @0,0 1024x768, line 0x1000, BPP 32, flags 0x1
00:00:58.715685 Display::handleDisplayResize: uScreenId=0 pvVRAM=0000000006d70000 w=1024 h=768 bpp=32 cbLine=0x1000 flags=0x1
00:00:58.923694 VBVA: InfoScreen: [0] @0,0 1024x768, line 0x1000, BPP 32, flags 0x1
00:00:58.923738 Display::handleDisplayResize: uScreenId=0 pvVRAM=0000000006d70000 w=1024 h=768 bpp=32 cbLine=0x1000 flags=0x1
00:00:59.131178 VBVA: InfoScreen: [0] @0,0 1024x768, line 0x1000, BPP 32, flags 0x1
00:00:59.131218 Display::handleDisplayResize: uScreenId=0 pvVRAM=0000000006d70000 w=1024 h=768 bpp=32 cbLine=0x1000 flags=0x1
00:00:59.339166 VBVA: InfoScreen: [0] @0,0 1024x768, line 0x1000, BPP 32, flags 0x1
00:00:59.339207 Display::handleDisplayResize: uScreenId=0 pvVRAM=0000000006d70000 w=1024 h=768 bpp=32 cbLine=0x1000 flags=0x1
00:00:59.547308 VBVA: InfoScreen: [0] @0,0 1024x768, line 0x1000, BPP 32, flags 0x1
00:00:59.547350 Display::handleDisplayResize: uScreenId=0 pvVRAM=0000000006d70000 w=1024 h=768 bpp=32 cbLine=0x1000 flags=0x1
00:00:59.754779 VBVA: InfoScreen: [0] @0,0 1024x768, line 0x1000, BPP 32, flags 0x1
00:00:59.754827 Display::handleDisplayResize: uScreenId=0 pvVRAM=0000000006d70000 w=1024 h=768 bpp=32 cbLine=0x1000 flags=0x1
00:00:59.838897 VBVA: InfoScreen: [0] @0,0 1024x768, line 0x1000, BPP 32, flags 0x1
00:00:59.838937 Display::handleDisplayResize: uScreenId=0 pvVRAM=0000000006d70000 w=1024 h=768 bpp=32 cbLine=0x1000 flags=0x1
00:00:59.839244 VBVA: InfoScreen: [0] @0,0 1024x768, line 0x1000, BPP 32, flags 0x1
00:00:59.839266 Display::handleDisplayResize: uScreenId=0 pvVRAM=0000000006d70000 w=1024 h=768 bpp=32 cbLine=0x1000 flags=0x1
00:00:59.839739 VBVA: InfoScreen: [0] @0,0 1024x768, line 0x1000, BPP 32, flags 0x1
00:00:59.839762 Display::handleDisplayResize: uScreenId=0 pvVRAM=0000000006d70000 w=1024 h=768 bpp=32 cbLine=0x1000 flags=0x1
00:00:59.839960 VBVA: InfoScreen: [0] @0,0 1024x768, line 0x1000, BPP 32, flags 0x1
00:00:59.839980 Display::handleDisplayResize: uScreenId=0 pvVRAM=0000000006d70000 w=1024 h=768 bpp=32 cbLine=0x1000 flags=0x1
00:00:59.840174 VBVA: InfoScreen: [0] @0,0 1024x768, line 0x1000, BPP 32, flags 0x1
00:00:59.840199 Display::handleDisplayResize: uScreenId=0 pvVRAM=0000000006d70000 w=1024 h=768 bpp=32 cbLine=0x1000 flags=0x1
00:00:59.962811 VBVA: InfoScreen: [0] @0,0 1024x768, line 0x1000, BPP 32, flags 0x1
00:00:59.962855 Display::handleDisplayResize: uScreenId=0 pvVRAM=0000000006d70000 w=1024 h=768 bpp=32 cbLine=0x1000 flags=0x1
00:01:00.170883 VBVA: InfoScreen: [0] @0,0 1024x768, line 0x1000, BPP 32, flags 0x1
00:01:00.170929 Display::handleDisplayResize: uScreenId=0 pvVRAM=0000000006d70000 w=1024 h=768 bpp=32 cbLine=0x1000 flags=0x1
00:01:00.378453 VBVA: InfoScreen: [0] @0,0 1024x768, line 0x1000, BPP 32, flags 0x1
00:01:00.378499 Display::handleDisplayResize: uScreenId=0 pvVRAM=0000000006d70000 w=1024 h=768 bpp=32 cbLine=0x1000 flags=0x1
00:01:00.586515 VBVA: InfoScreen: [0] @0,0 1024x768, line 0x1000, BPP 32, flags 0x1
00:01:00.586559 Display::handleDisplayResize: uScreenId=0 pvVRAM=0000000006d70000 w=1024 h=768 bpp=32 cbLine=0x1000 flags=0x1
00:01:00.794397 VBVA: InfoScreen: [0] @0,0 1024x768, line 0x1000, BPP 32, flags 0x1
00:01:00.794433 Display::handleDisplayResize: uScreenId=0 pvVRAM=0000000006d70000 w=1024 h=768 bpp=32 cbLine=0x1000 flags=0x1
00:01:01.002135 VBVA: InfoScreen: [0] @0,0 1024x768, line 0x1000, BPP 32, flags 0x1
00:01:01.002178 Display::handleDisplayResize: uScreenId=0 pvVRAM=0000000006d70000 w=1024 h=768 bpp=32 cbLine=0x1000 flags=0x1
00:01:01.210342 VBVA: InfoScreen: [0] @0,0 1024x768, line 0x1000, BPP 32, flags 0x1
00:01:01.210390 Display::handleDisplayResize: uScreenId=0 pvVRAM=0000000006d70000 w=1024 h=768 bpp=32 cbLine=0x1000 flags=0x1
00:01:01.417999 VBVA: InfoScreen: [0] @0,0 1024x768, line 0x1000, BPP 32, flags 0x1
00:01:01.418043 Display::handleDisplayResize: uScreenId=0 pvVRAM=0000000006d70000 w=1024 h=768 bpp=32 cbLine=0x1000 flags=0x1
00:01:01.625834 VBVA: InfoScreen: [0] @0,0 1024x768, line 0x1000, BPP 32, flags 0x1
00:01:01.625875 Display::handleDisplayResize: uScreenId=0 pvVRAM=0000000006d70000 w=1024 h=768 bpp=32 cbLine=0x1000 flags=0x1
00:01:01.834066 VBVA: InfoScreen: [0] @0,0 1024x768, line 0x1000, BPP 32, flags 0x1
00:01:01.834104 Display::handleDisplayResize: uScreenId=0 pvVRAM=0000000006d70000 w=1024 h=768 bpp=32 cbLine=0x1000 flags=0x1
00:01:02.041632 VBVA: InfoScreen: [0] @0,0 1024x768, line 0x1000, BPP 32, flags 0x1
00:01:02.041672 Display::handleDisplayResize: uScreenId=0 pvVRAM=0000000006d70000 w=1024 h=768 bpp=32 cbLine=0x1000 flags=0x1
00:01:02.249610 VBVA: InfoScreen: [0] @0,0 1024x768, line 0x1000, BPP 32, flags 0x1
00:01:02.249654 Display::handleDisplayResize: uScreenId=0 pvVRAM=0000000006d70000 w=1024 h=768 bpp=32 cbLine=0x1000 flags=0x1
00:01:02.457634 VBVA: InfoScreen: [0] @0,0 1024x768, line 0x1000, BPP 32, flags 0x1
00:01:02.457681 Display::handleDisplayResize: uScreenId=0 pvVRAM=0000000006d70000 w=1024 h=768 bpp=32 cbLine=0x1000 flags=0x1
00:01:02.665325 VBVA: InfoScreen: [0] @0,0 1024x768, line 0x1000, BPP 32, flags 0x1
00:01:02.665361 Display::handleDisplayResize: uScreenId=0 pvVRAM=0000000006d70000 w=1024 h=768 bpp=32 cbLine=0x1000 flags=0x1
00:01:02.873165 VBVA: InfoScreen: [0] @0,0 1024x768, line 0x1000, BPP 32, flags 0x1
00:01:02.873204 Display::handleDisplayResize: uScreenId=0 pvVRAM=0000000006d70000 w=1024 h=768 bpp=32 cbLine=0x1000 flags=0x1
00:01:03.081212 VBVA: InfoScreen: [0] @0,0 1024x768, line 0x1000, BPP 32, flags 0x1
00:01:03.081246 Display::handleDisplayResize: uScreenId=0 pvVRAM=0000000006d70000 w=1024 h=768 bpp=32 cbLine=0x1000 flags=0x1
00:01:03.289028 VBVA: InfoScreen: [0] @0,0 1024x768, line 0x1000, BPP 32, flags 0x1
00:01:03.289068 Display::handleDisplayResize: uScreenId=0 pvVRAM=0000000006d70000 w=1024 h=768 bpp=32 cbLine=0x1000 flags=0x1
00:01:03.497273 VBVA: InfoScreen: [0] @0,0 1024x768, line 0x1000, BPP 32, flags 0x1
00:01:03.497317 Display::handleDisplayResize: uScreenId=0 pvVRAM=0000000006d70000 w=1024 h=768 bpp=32 cbLine=0x1000 flags=0x1
00:01:03.705254 VBVA: InfoScreen: [0] @0,0 1024x768, line 0x1000, BPP 32, flags 0x1
00:01:03.705285 Display::handleDisplayResize: uScreenId=0 pvVRAM=0000000006d70000 w=1024 h=768 bpp=32 cbLine=0x1000 flags=0x1
00:01:03.912794 VBVA: InfoScreen: [0] @0,0 1024x768, line 0x1000, BPP 32, flags 0x1
00:01:03.912831 Display::handleDisplayResize: uScreenId=0 pvVRAM=0000000006d70000 w=1024 h=768 bpp=32 cbLine=0x1000 flags=0x1
00:01:04.120580 VBVA: InfoScreen: [0] @0,0 1024x768, line 0x1000, BPP 32, flags 0x1
00:01:04.120620 Display::handleDisplayResize: uScreenId=0 pvVRAM=0000000006d70000 w=1024 h=768 bpp=32 cbLine=0x1000 flags=0x1
00:01:04.328503 VBVA: InfoScreen: [0] @0,0 1024x768, line 0x1000, BPP 32, flags 0x1
00:01:04.328541 Display::handleDisplayResize: uScreenId=0 pvVRAM=0000000006d70000 w=1024 h=768 bpp=32 cbLine=0x1000 flags=0x1
00:01:04.536347 VBVA: InfoScreen: [0] @0,0 1024x768, line 0x1000, BPP 32, flags 0x1
00:01:04.536381 Display::handleDisplayResize: uScreenId=0 pvVRAM=0000000006d70000 w=1024 h=768 bpp=32 cbLine=0x1000 flags=0x1
00:01:04.744507 VBVA: InfoScreen: [0] @0,0 1024x768, line 0x1000, BPP 32, flags 0x1
00:01:04.744549 Display::handleDisplayResize: uScreenId=0 pvVRAM=0000000006d70000 w=1024 h=768 bpp=32 cbLine=0x1000 flags=0x1
00:01:04.952437 VBVA: InfoScreen: [0] @0,0 1024x768, line 0x1000, BPP 32, flags 0x1
00:01:04.952481 Display::handleDisplayResize: uScreenId=0 pvVRAM=0000000006d70000 w=1024 h=768 bpp=32 cbLine=0x1000 flags=0x1
00:01:05.160475 VBVA: InfoScreen: [0] @0,0 1024x768, line 0x1000, BPP 32, flags 0x1
00:01:05.160518 Display::handleDisplayResize: uScreenId=0 pvVRAM=0000000006d70000 w=1024 h=768 bpp=32 cbLine=0x1000 flags=0x1
00:01:05.367976 VBVA: InfoScreen: [0] @0,0 1024x768, line 0x1000, BPP 32, flags 0x1
00:01:05.368008 Display::handleDisplayResize: uScreenId=0 pvVRAM=0000000006d70000 w=1024 h=768 bpp=32 cbLine=0x1000 flags=0x1
00:01:05.576043 VBVA: InfoScreen: [0] @0,0 1024x768, line 0x1000, BPP 32, flags 0x1
00:01:05.576088 Display::handleDisplayResize: uScreenId=0 pvVRAM=0000000006d70000 w=1024 h=768 bpp=32 cbLine=0x1000 flags=0x1
00:01:05.783765 VBVA: InfoScreen: [0] @0,0 1024x768, line 0x1000, BPP 32, flags 0x1
00:01:05.783812 Display::handleDisplayResize: uScreenId=0 pvVRAM=0000000006d70000 w=1024 h=768 bpp=32 cbLine=0x1000 flags=0x1
00:01:06.002911 VBVA: InfoScreen: [0] @0,0 1024x768, line 0x1000, BPP 32, flags 0x1
00:01:06.002957 Display::handleDisplayResize: uScreenId=0 pvVRAM=0000000006d70000 w=1024 h=768 bpp=32 cbLine=0x1000 flags=0x1
00:01:06.207579 VBVA: InfoScreen: [0] @0,0 1024x768, line 0x1000, BPP 32, flags 0x1
00:01:06.207622 Display::handleDisplayResize: uScreenId=0 pvVRAM=0000000006d70000 w=1024 h=768 bpp=32 cbLine=0x1000 flags=0x1
00:01:06.415417 VBVA: InfoScreen: [0] @0,0 1024x768, line 0x1000, BPP 32, flags 0x1
00:01:06.415462 Display::handleDisplayResize: uScreenId=0 pvVRAM=0000000006d70000 w=1024 h=768 bpp=32 cbLine=0x1000 flags=0x1
00:01:06.623702 VBVA: InfoScreen: [0] @0,0 1024x768, line 0x1000, BPP 32, flags 0x1
00:01:06.623756 Display::handleDisplayResize: uScreenId=0 pvVRAM=0000000006d70000 w=1024 h=768 bpp=32 cbLine=0x1000 flags=0x1
00:01:06.831732 VBVA: InfoScreen: [0] @0,0 1024x768, line 0x1000, BPP 32, flags 0x1
00:01:06.831774 Display::handleDisplayResize: uScreenId=0 pvVRAM=0000000006d70000 w=1024 h=768 bpp=32 cbLine=0x1000 flags=0x1
00:01:07.039188 VBVA: InfoScreen: [0] @0,0 1024x768, line 0x1000, BPP 32, flags 0x1
00:01:07.039221 Display::handleDisplayResize: uScreenId=0 pvVRAM=0000000006d70000 w=1024 h=768 bpp=32 cbLine=0x1000 flags=0x1
00:01:07.248599 VBVA: InfoScreen: [0] @0,0 1024x768, line 0x1000, BPP 32, flags 0x1
00:01:07.248631 Display::handleDisplayResize: uScreenId=0 pvVRAM=0000000006d70000 w=1024 h=768 bpp=32 cbLine=0x1000 flags=0x1
00:01:07.454931 VBVA: InfoScreen: [0] @0,0 1024x768, line 0x1000, BPP 32, flags 0x1
00:01:07.454970 Display::handleDisplayResize: uScreenId=0 pvVRAM=0000000006d70000 w=1024 h=768 bpp=32 cbLine=0x1000 flags=0x1
00:01:07.662807 VBVA: InfoScreen: [0] @0,0 1024x768, line 0x1000, BPP 32, flags 0x1
00:01:07.662856 Display::handleDisplayResize: uScreenId=0 pvVRAM=0000000006d70000 w=1024 h=768 bpp=32 cbLine=0x1000 flags=0x1
00:01:07.870822 VBVA: InfoScreen: [0] @0,0 1024x768, line 0x1000, BPP 32, flags 0x1
00:01:07.870865 Display::handleDisplayResize: uScreenId=0 pvVRAM=0000000006d70000 w=1024 h=768 bpp=32 cbLine=0x1000 flags=0x1
00:01:08.078904 VBVA: InfoScreen: [0] @0,0 1024x768, line 0x1000, BPP 32, flags 0x1
00:01:08.078941 Display::handleDisplayResize: uScreenId=0 pvVRAM=0000000006d70000 w=1024 h=768 bpp=32 cbLine=0x1000 flags=0x1
00:01:08.287504 VBVA: InfoScreen: [0] @0,0 1024x768, line 0x1000, BPP 32, flags 0x1
00:01:08.287546 Display::handleDisplayResize: uScreenId=0 pvVRAM=0000000006d70000 w=1024 h=768 bpp=32 cbLine=0x1000 flags=0x1
00:01:08.495074 VBVA: InfoScreen: [0] @0,0 1024x768, line 0x1000, BPP 32, flags 0x1
00:01:08.495120 Display::handleDisplayResize: uScreenId=0 pvVRAM=0000000006d70000 w=1024 h=768 bpp=32 cbLine=0x1000 flags=0x1
00:01:08.702363 VBVA: InfoScreen: [0] @0,0 1024x768, line 0x1000, BPP 32, flags 0x1
00:01:08.702407 Display::handleDisplayResize: uScreenId=0 pvVRAM=0000000006d70000 w=1024 h=768 bpp=32 cbLine=0x1000 flags=0x1
00:01:08.910199 VBVA: InfoScreen: [0] @0,0 1024x768, line 0x1000, BPP 32, flags 0x1
00:01:08.910238 Display::handleDisplayResize: uScreenId=0 pvVRAM=0000000006d70000 w=1024 h=768 bpp=32 cbLine=0x1000 flags=0x1
00:01:09.118483 VBVA: InfoScreen: [0] @0,0 1024x768, line 0x1000, BPP 32, flags 0x1
00:01:09.118521 Display::handleDisplayResize: uScreenId=0 pvVRAM=0000000006d70000 w=1024 h=768 bpp=32 cbLine=0x1000 flags=0x1
00:01:09.326092 VBVA: InfoScreen: [0] @0,0 1024x768, line 0x1000, BPP 32, flags 0x1
00:01:09.326135 Display::handleDisplayResize: uScreenId=0 pvVRAM=0000000006d70000 w=1024 h=768 bpp=32 cbLine=0x1000 flags=0x1
00:01:09.535008 VBVA: InfoScreen: [0] @0,0 1024x768, line 0x1000, BPP 32, flags 0x1
00:01:09.535055 Display::handleDisplayResize: uScreenId=0 pvVRAM=0000000006d70000 w=1024 h=768 bpp=32 cbLine=0x1000 flags=0x1
00:01:09.742046 VBVA: InfoScreen: [0] @0,0 1024x768, line 0x1000, BPP 32, flags 0x1
00:01:09.742092 Display::handleDisplayResize: uScreenId=0 pvVRAM=0000000006d70000 w=1024 h=768 bpp=32 cbLine=0x1000 flags=0x1
00:01:09.949642 VBVA: InfoScreen: [0] @0,0 1024x768, line 0x1000, BPP 32, flags 0x1
00:01:09.949686 Display::handleDisplayResize: uScreenId=0 pvVRAM=0000000006d70000 w=1024 h=768 bpp=32 cbLine=0x1000 flags=0x1
00:01:10.157603 VBVA: InfoScreen: [0] @0,0 1024x768, line 0x1000, BPP 32, flags 0x1
00:01:10.157649 Display::handleDisplayResize: uScreenId=0 pvVRAM=0000000006d70000 w=1024 h=768 bpp=32 cbLine=0x1000 flags=0x1
00:01:10.365696 VBVA: InfoScreen: [0] @0,0 1024x768, line 0x1000, BPP 32, flags 0x1
00:01:10.365744 Display::handleDisplayResize: uScreenId=0 pvVRAM=0000000006d70000 w=1024 h=768 bpp=32 cbLine=0x1000 flags=0x1
00:01:10.573375 VBVA: InfoScreen: [0] @0,0 1024x768, line 0x1000, BPP 32, flags 0x1
00:01:10.573424 Display::handleDisplayResize: uScreenId=0 pvVRAM=0000000006d70000 w=1024 h=768 bpp=32 cbLine=0x1000 flags=0x1
00:01:10.781393 VBVA: InfoScreen: [0] @0,0 1024x768, line 0x1000, BPP 32, flags 0x1
00:01:10.781440 Display::handleDisplayResize: uScreenId=0 pvVRAM=0000000006d70000 w=1024 h=768 bpp=32 cbLine=0x1000 flags=0x1
00:01:10.989179 VBVA: InfoScreen: [0] @0,0 1024x768, line 0x1000, BPP 32, flags 0x1
00:01:10.989225 Display::handleDisplayResize: uScreenId=0 pvVRAM=0000000006d70000 w=1024 h=768 bpp=32 cbLine=0x1000 flags=0x1
00:01:11.197238 VBVA: InfoScreen: [0] @0,0 1024x768, line 0x1000, BPP 32, flags 0x1
00:01:11.197282 Display::handleDisplayResize: uScreenId=0 pvVRAM=0000000006d70000 w=1024 h=768 bpp=32 cbLine=0x1000 flags=0x1
00:01:11.405250 VBVA: InfoScreen: [0] @0,0 1024x768, line 0x1000, BPP 32, flags 0x1
00:01:11.405297 Display::handleDisplayResize: uScreenId=0 pvVRAM=0000000006d70000 w=1024 h=768 bpp=32 cbLine=0x1000 flags=0x1
00:01:11.612857 VBVA: InfoScreen: [0] @0,0 1024x768, line 0x1000, BPP 32, flags 0x1
00:01:11.612904 Display::handleDisplayResize: uScreenId=0 pvVRAM=0000000006d70000 w=1024 h=768 bpp=32 cbLine=0x1000 flags=0x1
00:01:11.820820 VBVA: InfoScreen: [0] @0,0 1024x768, line 0x1000, BPP 32, flags 0x1
00:01:11.820859 Display::handleDisplayResize: uScreenId=0 pvVRAM=0000000006d70000 w=1024 h=768 bpp=32 cbLine=0x1000 flags=0x1
00:01:12.028635 VBVA: InfoScreen: [0] @0,0 1024x768, line 0x1000, BPP 32, flags 0x1
00:01:12.028678 Display::handleDisplayResize: uScreenId=0 pvVRAM=0000000006d70000 w=1024 h=768 bpp=32 cbLine=0x1000 flags=0x1
00:01:12.237850 VBVA: InfoScreen: [0] @0,0 1024x768, line 0x1000, BPP 32, flags 0x1
00:01:12.237896 Display::handleDisplayResize: uScreenId=0 pvVRAM=0000000006d70000 w=1024 h=768 bpp=32 cbLine=0x1000 flags=0x1
00:01:12.444589 VBVA: InfoScreen: [0] @0,0 1024x768, line 0x1000, BPP 32, flags 0x1
00:01:12.444633 Display::handleDisplayResize: uScreenId=0 pvVRAM=0000000006d70000 w=1024 h=768 bpp=32 cbLine=0x1000 flags=0x1
00:01:12.652454 VBVA: InfoScreen: [0] @0,0 1024x768, line 0x1000, BPP 32, flags 0x1
00:01:12.652494 Display::handleDisplayResize: uScreenId=0 pvVRAM=0000000006d70000 w=1024 h=768 bpp=32 cbLine=0x1000 flags=0x1
00:01:12.860421 VBVA: InfoScreen: [0] @0,0 1024x768, line 0x1000, BPP 32, flags 0x1
00:01:12.860463 Display::handleDisplayResize: uScreenId=0 pvVRAM=0000000006d70000 w=1024 h=768 bpp=32 cbLine=0x1000 flags=0x1
00:01:13.068097 VBVA: InfoScreen: [0] @0,0 1024x768, line 0x1000, BPP 32, flags 0x1
00:01:13.068140 Display::handleDisplayResize: uScreenId=0 pvVRAM=0000000006d70000 w=1024 h=768 bpp=32 cbLine=0x1000 flags=0x1
00:01:13.276009 VBVA: InfoScreen: [0] @0,0 1024x768, line 0x1000, BPP 32, flags 0x1
00:01:13.276053 Display::handleDisplayResize: uScreenId=0 pvVRAM=0000000006d70000 w=1024 h=768 bpp=32 cbLine=0x1000 flags=0x1
00:01:13.484033 VBVA: InfoScreen: [0] @0,0 1024x768, line 0x1000, BPP 32, flags 0x1
00:01:13.484077 Display::handleDisplayResize: uScreenId=0 pvVRAM=0000000006d70000 w=1024 h=768 bpp=32 cbLine=0x1000 flags=0x1
00:01:13.693039 VBVA: InfoScreen: [0] @0,0 1024x768, line 0x1000, BPP 32, flags 0x1
00:01:13.693087 Display::handleDisplayResize: uScreenId=0 pvVRAM=0000000006d70000 w=1024 h=768 bpp=32 cbLine=0x1000 flags=0x1
00:01:13.899660 VBVA: InfoScreen: [0] @0,0 1024x768, line 0x1000, BPP 32, flags 0x1
00:01:13.899704 Display::handleDisplayResize: uScreenId=0 pvVRAM=0000000006d70000 w=1024 h=768 bpp=32 cbLine=0x1000 flags=0x1
00:01:14.107598 VBVA: InfoScreen: [0] @0,0 1024x768, line 0x1000, BPP 32, flags 0x1
00:01:14.107637 Display::handleDisplayResize: uScreenId=0 pvVRAM=0000000006d70000 w=1024 h=768 bpp=32 cbLine=0x1000 flags=0x1
00:01:14.315463 VBVA: InfoScreen: [0] @0,0 1024x768, line 0x1000, BPP 32, flags 0x1
00:01:14.315505 Display::handleDisplayResize: uScreenId=0 pvVRAM=0000000006d70000 w=1024 h=768 bpp=32 cbLine=0x1000 flags=0x1
00:01:14.523665 VBVA: InfoScreen: [0] @0,0 1024x768, line 0x1000, BPP 32, flags 0x1
00:01:14.523710 Display::handleDisplayResize: uScreenId=0 pvVRAM=0000000006d70000 w=1024 h=768 bpp=32 cbLine=0x1000 flags=0x1
00:01:14.731747 VBVA: InfoScreen: [0] @0,0 1024x768, line 0x1000, BPP 32, flags 0x1
00:01:14.731794 Display::handleDisplayResize: uScreenId=0 pvVRAM=0000000006d70000 w=1024 h=768 bpp=32 cbLine=0x1000 flags=0x1
00:01:14.939171 VBVA: InfoScreen: [0] @0,0 1024x768, line 0x1000, BPP 32, flags 0x1
00:01:14.939214 Display::handleDisplayResize: uScreenId=0 pvVRAM=0000000006d70000 w=1024 h=768 bpp=32 cbLine=0x1000 flags=0x1
00:01:15.147087 VBVA: InfoScreen: [0] @0,0 1024x768, line 0x1000, BPP 32, flags 0x1
00:01:15.147133 Display::handleDisplayResize: uScreenId=0 pvVRAM=0000000006d70000 w=1024 h=768 bpp=32 cbLine=0x1000 flags=0x1
00:01:15.355277 VBVA: InfoScreen: [0] @0,0 1024x768, line 0x1000, BPP 32, flags 0x1
00:01:15.355325 Display::handleDisplayResize: uScreenId=0 pvVRAM=0000000006d70000 w=1024 h=768 bpp=32 cbLine=0x1000 flags=0x1
00:01:15.563272 VBVA: InfoScreen: [0] @0,0 1024x768, line 0x1000, BPP 32, flags 0x1
00:01:15.563316 Display::handleDisplayResize: uScreenId=0 pvVRAM=0000000006d70000 w=1024 h=768 bpp=32 cbLine=0x1000 flags=0x1
00:01:15.770976 VBVA: InfoScreen: [0] @0,0 1024x768, line 0x1000, BPP 32, flags 0x1
00:01:15.771023 Display::handleDisplayResize: uScreenId=0 pvVRAM=0000000006d70000 w=1024 h=768 bpp=32 cbLine=0x1000 flags=0x1
00:01:15.978684 VBVA: InfoScreen: [0] @0,0 1024x768, line 0x1000, BPP 32, flags 0x1
00:01:15.978727 Display::handleDisplayResize: uScreenId=0 pvVRAM=0000000006d70000 w=1024 h=768 bpp=32 cbLine=0x1000 flags=0x1
00:01:16.187840 VBVA: InfoScreen: [0] @0,0 1024x768, line 0x1000, BPP 32, flags 0x1
00:01:16.187884 Display::handleDisplayResize: uScreenId=0 pvVRAM=0000000006d70000 w=1024 h=768 bpp=32 cbLine=0x1000 flags=0x1
00:01:16.394478 VBVA: InfoScreen: [0] @0,0 1024x768, line 0x1000, BPP 32, flags 0x1
00:01:16.394532 Display::handleDisplayResize: uScreenId=0 pvVRAM=0000000006d70000 w=1024 h=768 bpp=32 cbLine=0x1000 flags=0x1
00:01:16.602481 VBVA: InfoScreen: [0] @0,0 1024x768, line 0x1000, BPP 32, flags 0x1
00:01:16.602526 Display::handleDisplayResize: uScreenId=0 pvVRAM=0000000006d70000 w=1024 h=768 bpp=32 cbLine=0x1000 flags=0x1
00:01:16.810655 VBVA: InfoScreen: [0] @0,0 1024x768, line 0x1000, BPP 32, flags 0x1
00:01:16.810704 Display::handleDisplayResize: uScreenId=0 pvVRAM=0000000006d70000 w=1024 h=768 bpp=32 cbLine=0x1000 flags=0x1
00:01:17.018452 VBVA: InfoScreen: [0] @0,0 1024x768, line 0x1000, BPP 32, flags 0x1
00:01:17.018493 Display::handleDisplayResize: uScreenId=0 pvVRAM=0000000006d70000 w=1024 h=768 bpp=32 cbLine=0x1000 flags=0x1
00:01:17.226511 VBVA: InfoScreen: [0] @0,0 1024x768, line 0x1000, BPP 32, flags 0x1
00:01:17.226556 Display::handleDisplayResize: uScreenId=0 pvVRAM=0000000006d70000 w=1024 h=768 bpp=32 cbLine=0x1000 flags=0x1
00:01:17.434045 VBVA: InfoScreen: [0] @0,0 1024x768, line 0x1000, BPP 32, flags 0x1
00:01:17.434087 Display::handleDisplayResize: uScreenId=0 pvVRAM=0000000006d70000 w=1024 h=768 bpp=32 cbLine=0x1000 flags=0x1
00:01:17.643024 VBVA: InfoScreen: [0] @0,0 1024x768, line 0x1000, BPP 32, flags 0x1
00:01:17.643070 Display::handleDisplayResize: uScreenId=0 pvVRAM=0000000006d70000 w=1024 h=768 bpp=32 cbLine=0x1000 flags=0x1
00:01:17.850066 VBVA: InfoScreen: [0] @0,0 1024x768, line 0x1000, BPP 32, flags 0x1
00:01:17.850109 Display::handleDisplayResize: uScreenId=0 pvVRAM=0000000006d70000 w=1024 h=768 bpp=32 cbLine=0x1000 flags=0x1
00:01:18.058125 VBVA: InfoScreen: [0] @0,0 1024x768, line 0x1000, BPP 32, flags 0x1
00:01:18.058168 Display::handleDisplayResize: uScreenId=0 pvVRAM=0000000006d70000 w=1024 h=768 bpp=32 cbLine=0x1000 flags=0x1
00:01:18.266040 VBVA: InfoScreen: [0] @0,0 1024x768, line 0x1000, BPP 32, flags 0x1
00:01:18.266084 Display::handleDisplayResize: uScreenId=0 pvVRAM=0000000006d70000 w=1024 h=768 bpp=32 cbLine=0x1000 flags=0x1
00:01:18.473656 VBVA: InfoScreen: [0] @0,0 1024x768, line 0x1000, BPP 32, flags 0x1
00:01:18.473702 Display::handleDisplayResize: uScreenId=0 pvVRAM=0000000006d70000 w=1024 h=768 bpp=32 cbLine=0x1000 flags=0x1
00:01:18.681688 VBVA: InfoScreen: [0] @0,0 1024x768, line 0x1000, BPP 32, flags 0x1
00:01:18.681732 Display::handleDisplayResize: uScreenId=0 pvVRAM=0000000006d70000 w=1024 h=768 bpp=32 cbLine=0x1000 flags=0x1
00:01:18.889217 VBVA: InfoScreen: [0] @0,0 1024x768, line 0x1000, BPP 32, flags 0x1
00:01:18.889260 Display::handleDisplayResize: uScreenId=0 pvVRAM=0000000006d70000 w=1024 h=768 bpp=32 cbLine=0x1000 flags=0x1
00:01:19.097239 VBVA: InfoScreen: [0] @0,0 1024x768, line 0x1000, BPP 32, flags 0x1
00:01:19.097281 Display::handleDisplayResize: uScreenId=0 pvVRAM=0000000006d70000 w=1024 h=768 bpp=32 cbLine=0x1000 flags=0x1
00:01:19.304966 VBVA: InfoScreen: [0] @0,0 1024x768, line 0x1000, BPP 32, flags 0x1
00:01:19.305014 Display::handleDisplayResize: uScreenId=0 pvVRAM=0000000006d70000 w=1024 h=768 bpp=32 cbLine=0x1000 flags=0x1
00:01:19.512851 VBVA: InfoScreen: [0] @0,0 1024x768, line 0x1000, BPP 32, flags 0x1
00:01:19.512894 Display::handleDisplayResize: uScreenId=0 pvVRAM=0000000006d70000 w=1024 h=768 bpp=32 cbLine=0x1000 flags=0x1
00:01:19.720821 VBVA: InfoScreen: [0] @0,0 1024x768, line 0x1000, BPP 32, flags 0x1
00:01:19.720867 Display::handleDisplayResize: uScreenId=0 pvVRAM=0000000006d70000 w=1024 h=768 bpp=32 cbLine=0x1000 flags=0x1
00:01:19.928846 VBVA: InfoScreen: [0] @0,0 1024x768, line 0x1000, BPP 32, flags 0x1
00:01:19.928891 Display::handleDisplayResize: uScreenId=0 pvVRAM=0000000006d70000 w=1024 h=768 bpp=32 cbLine=0x1000 flags=0x1
00:01:20.136865 VBVA: InfoScreen: [0] @0,0 1024x768, line 0x1000, BPP 32, flags 0x1
00:01:20.136907 Display::handleDisplayResize: uScreenId=0 pvVRAM=0000000006d70000 w=1024 h=768 bpp=32 cbLine=0x1000 flags=0x1
00:01:20.344922 VBVA: InfoScreen: [0] @0,0 1024x768, line 0x1000, BPP 32, flags 0x1
00:01:20.344971 Display::handleDisplayResize: uScreenId=0 pvVRAM=0000000006d70000 w=1024 h=768 bpp=32 cbLine=0x1000 flags=0x1
00:01:20.552421 VBVA: InfoScreen: [0] @0,0 1024x768, line 0x1000, BPP 32, flags 0x1
00:01:20.552467 Display::handleDisplayResize: uScreenId=0 pvVRAM=0000000006d70000 w=1024 h=768 bpp=32 cbLine=0x1000 flags=0x1
00:01:20.760463 VBVA: InfoScreen: [0] @0,0 1024x768, line 0x1000, BPP 32, flags 0x1
00:01:20.760510 Display::handleDisplayResize: uScreenId=0 pvVRAM=0000000006d70000 w=1024 h=768 bpp=32 cbLine=0x1000 flags=0x1
00:01:20.968464 VBVA: InfoScreen: [0] @0,0 1024x768, line 0x1000, BPP 32, flags 0x1
00:01:20.968506 Display::handleDisplayResize: uScreenId=0 pvVRAM=0000000006d70000 w=1024 h=768 bpp=32 cbLine=0x1000 flags=0x1
00:01:21.176485 VBVA: InfoScreen: [0] @0,0 1024x768, line 0x1000, BPP 32, flags 0x1
00:01:21.176527 Display::handleDisplayResize: uScreenId=0 pvVRAM=0000000006d70000 w=1024 h=768 bpp=32 cbLine=0x1000 flags=0x1
00:01:21.384835 VBVA: InfoScreen: [0] @0,0 1024x768, line 0x1000, BPP 32, flags 0x1
00:01:21.384878 Display::handleDisplayResize: uScreenId=0 pvVRAM=0000000006d70000 w=1024 h=768 bpp=32 cbLine=0x1000 flags=0x1
00:01:21.592991 VBVA: InfoScreen: [0] @0,0 1024x768, line 0x1000, BPP 32, flags 0x1
00:01:21.593032 Display::handleDisplayResize: uScreenId=0 pvVRAM=0000000006d70000 w=1024 h=768 bpp=32 cbLine=0x1000 flags=0x1
00:01:21.800060 VBVA: InfoScreen: [0] @0,0 1024x768, line 0x1000, BPP 32, flags 0x1
00:01:21.800099 Display::handleDisplayResize: uScreenId=0 pvVRAM=0000000006d70000 w=1024 h=768 bpp=32 cbLine=0x1000 flags=0x1
00:01:22.007760 VBVA: InfoScreen: [0] @0,0 1024x768, line 0x1000, BPP 32, flags 0x1
00:01:22.007807 Display::handleDisplayResize: uScreenId=0 pvVRAM=0000000006d70000 w=1024 h=768 bpp=32 cbLine=0x1000 flags=0x1
00:01:22.215612 VBVA: InfoScreen: [0] @0,0 1024x768, line 0x1000, BPP 32, flags 0x1
00:01:22.215647 Display::handleDisplayResize: uScreenId=0 pvVRAM=0000000006d70000 w=1024 h=768 bpp=32 cbLine=0x1000 flags=0x1
00:01:22.423752 VBVA: InfoScreen: [0] @0,0 1024x768, line 0x1000, BPP 32, flags 0x1
00:01:22.423791 Display::handleDisplayResize: uScreenId=0 pvVRAM=0000000006d70000 w=1024 h=768 bpp=32 cbLine=0x1000 flags=0x1
00:01:22.631333 VBVA: InfoScreen: [0] @0,0 1024x768, line 0x1000, BPP 32, flags 0x1
00:01:22.631382 Display::handleDisplayResize: uScreenId=0 pvVRAM=0000000006d70000 w=1024 h=768 bpp=32 cbLine=0x1000 flags=0x1
00:01:22.839731 VBVA: InfoScreen: [0] @0,0 1024x768, line 0x1000, BPP 32, flags 0x1
00:01:22.839778 Display::handleDisplayResize: uScreenId=0 pvVRAM=0000000006d70000 w=1024 h=768 bpp=32 cbLine=0x1000 flags=0x1
00:01:23.048494 VBVA: InfoScreen: [0] @0,0 1024x768, line 0x1000, BPP 32, flags 0x1
00:01:23.048535 Display::handleDisplayResize: uScreenId=0 pvVRAM=0000000006d70000 w=1024 h=768 bpp=32 cbLine=0x1000 flags=0x1
00:01:23.254984 VBVA: InfoScreen: [0] @0,0 1024x768, line 0x1000, BPP 32, flags 0x1
00:01:23.255030 Display::handleDisplayResize: uScreenId=0 pvVRAM=0000000006d70000 w=1024 h=768 bpp=32 cbLine=0x1000 flags=0x1
00:01:23.463635 VBVA: InfoScreen: [0] @0,0 1024x768, line 0x1000, BPP 32, flags 0x1
00:01:23.463679 Display::handleDisplayResize: uScreenId=0 pvVRAM=0000000006d70000 w=1024 h=768 bpp=32 cbLine=0x1000 flags=0x1
00:01:23.671785 VBVA: InfoScreen: [0] @0,0 1024x768, line 0x1000, BPP 32, flags 0x1
00:01:23.671837 Display::handleDisplayResize: uScreenId=0 pvVRAM=0000000006d70000 w=1024 h=768 bpp=32 cbLine=0x1000 flags=0x1
00:01:23.878878 VBVA: InfoScreen: [0] @0,0 1024x768, line 0x1000, BPP 32, flags 0x1
00:01:23.878916 Display::handleDisplayResize: uScreenId=0 pvVRAM=0000000006d70000 w=1024 h=768 bpp=32 cbLine=0x1000 flags=0x1
00:01:24.087830 VBVA: InfoScreen: [0] @0,0 1024x768, line 0x1000, BPP 32, flags 0x1
00:01:24.087868 Display::handleDisplayResize: uScreenId=0 pvVRAM=0000000006d70000 w=1024 h=768 bpp=32 cbLine=0x1000 flags=0x1
00:01:24.294853 VBVA: InfoScreen: [0] @0,0 1024x768, line 0x1000, BPP 32, flags 0x1
00:01:24.294893 Display::handleDisplayResize: uScreenId=0 pvVRAM=0000000006d70000 w=1024 h=768 bpp=32 cbLine=0x1000 flags=0x1
00:01:24.502365 VBVA: InfoScreen: [0] @0,0 1024x768, line 0x1000, BPP 32, flags 0x1
00:01:24.502411 Display::handleDisplayResize: uScreenId=0 pvVRAM=0000000006d70000 w=1024 h=768 bpp=32 cbLine=0x1000 flags=0x1
00:01:24.710426 VBVA: InfoScreen: [0] @0,0 1024x768, line 0x1000, BPP 32, flags 0x1
00:01:24.710467 Display::handleDisplayResize: uScreenId=0 pvVRAM=0000000006d70000 w=1024 h=768 bpp=32 cbLine=0x1000 flags=0x1
00:01:24.918175 VBVA: InfoScreen: [0] @0,0 1024x768, line 0x1000, BPP 32, flags 0x1
00:01:24.918220 Display::handleDisplayResize: uScreenId=0 pvVRAM=0000000006d70000 w=1024 h=768 bpp=32 cbLine=0x1000 flags=0x1
00:01:25.126311 VBVA: InfoScreen: [0] @0,0 1024x768, line 0x1000, BPP 32, flags 0x1
00:01:25.126354 Display::handleDisplayResize: uScreenId=0 pvVRAM=0000000006d70000 w=1024 h=768 bpp=32 cbLine=0x1000 flags=0x1
00:01:25.333971 VBVA: InfoScreen: [0] @0,0 1024x768, line 0x1000, BPP 32, flags 0x1
00:01:25.334015 Display::handleDisplayResize: uScreenId=0 pvVRAM=0000000006d70000 w=1024 h=768 bpp=32 cbLine=0x1000 flags=0x1
00:01:25.542082 VBVA: InfoScreen: [0] @0,0 1024x768, line 0x1000, BPP 32, flags 0x1
00:01:25.542125 Display::handleDisplayResize: uScreenId=0 pvVRAM=0000000006d70000 w=1024 h=768 bpp=32 cbLine=0x1000 flags=0x1
00:01:25.750072 VBVA: InfoScreen: [0] @0,0 1024x768, line 0x1000, BPP 32, flags 0x1
00:01:25.750116 Display::handleDisplayResize: uScreenId=0 pvVRAM=0000000006d70000 w=1024 h=768 bpp=32 cbLine=0x1000 flags=0x1
00:01:25.959105 VBVA: InfoScreen: [0] @0,0 1024x768, line 0x1000, BPP 32, flags 0x1
00:01:25.959151 Display::handleDisplayResize: uScreenId=0 pvVRAM=0000000006d70000 w=1024 h=768 bpp=32 cbLine=0x1000 flags=0x1
00:01:26.165621 VBVA: InfoScreen: [0] @0,0 1024x768, line 0x1000, BPP 32, flags 0x1
00:01:26.165667 Display::handleDisplayResize: uScreenId=0 pvVRAM=0000000006d70000 w=1024 h=768 bpp=32 cbLine=0x1000 flags=0x1
00:01:26.373467 VBVA: InfoScreen: [0] @0,0 1024x768, line 0x1000, BPP 32, flags 0x1
00:01:26.373511 Display::handleDisplayResize: uScreenId=0 pvVRAM=0000000006d70000 w=1024 h=768 bpp=32 cbLine=0x1000 flags=0x1
00:01:26.581685 VBVA: InfoScreen: [0] @0,0 1024x768, line 0x1000, BPP 32, flags 0x1
00:01:26.581728 Display::handleDisplayResize: uScreenId=0 pvVRAM=0000000006d70000 w=1024 h=768 bpp=32 cbLine=0x1000 flags=0x1
00:01:26.789531 VBVA: InfoScreen: [0] @0,0 1024x768, line 0x1000, BPP 32, flags 0x1
00:01:26.789575 Display::handleDisplayResize: uScreenId=0 pvVRAM=0000000006d70000 w=1024 h=768 bpp=32 cbLine=0x1000 flags=0x1
00:01:26.997235 VBVA: InfoScreen: [0] @0,0 1024x768, line 0x1000, BPP 32, flags 0x1
00:01:26.997283 Display::handleDisplayResize: uScreenId=0 pvVRAM=0000000006d70000 w=1024 h=768 bpp=32 cbLine=0x1000 flags=0x1
00:01:27.205233 VBVA: InfoScreen: [0] @0,0 1024x768, line 0x1000, BPP 32, flags 0x1
00:01:27.205276 Display::handleDisplayResize: uScreenId=0 pvVRAM=0000000006d70000 w=1024 h=768 bpp=32 cbLine=0x1000 flags=0x1
00:01:27.413278 VBVA: InfoScreen: [0] @0,0 1024x768, line 0x1000, BPP 32, flags 0x1
00:01:27.413332 Display::handleDisplayResize: uScreenId=0 pvVRAM=0000000006d70000 w=1024 h=768 bpp=32 cbLine=0x1000 flags=0x1
00:01:27.621325 VBVA: InfoScreen: [0] @0,0 1024x768, line 0x1000, BPP 32, flags 0x1
00:01:27.621373 Display::handleDisplayResize: uScreenId=0 pvVRAM=0000000006d70000 w=1024 h=768 bpp=32 cbLine=0x1000 flags=0x1
00:01:27.828794 VBVA: InfoScreen: [0] @0,0 1024x768, line 0x1000, BPP 32, flags 0x1
00:01:27.828831 Display::handleDisplayResize: uScreenId=0 pvVRAM=0000000006d70000 w=1024 h=768 bpp=32 cbLine=0x1000 flags=0x1
00:01:28.036843 VBVA: InfoScreen: [0] @0,0 1024x768, line 0x1000, BPP 32, flags 0x1
00:01:28.036883 Display::handleDisplayResize: uScreenId=0 pvVRAM=0000000006d70000 w=1024 h=768 bpp=32 cbLine=0x1000 flags=0x1
00:01:28.244925 VBVA: InfoScreen: [0] @0,0 1024x768, line 0x1000, BPP 32, flags 0x1
00:01:28.244970 Display::handleDisplayResize: uScreenId=0 pvVRAM=0000000006d70000 w=1024 h=768 bpp=32 cbLine=0x1000 flags=0x1
00:01:28.452599 VBVA: InfoScreen: [0] @0,0 1024x768, line 0x1000, BPP 32, flags 0x1
00:01:28.452650 Display::handleDisplayResize: uScreenId=0 pvVRAM=0000000006d70000 w=1024 h=768 bpp=32 cbLine=0x1000 flags=0x1
00:01:28.660485 VBVA: InfoScreen: [0] @0,0 1024x768, line 0x1000, BPP 32, flags 0x1
00:01:28.660527 Display::handleDisplayResize: uScreenId=0 pvVRAM=0000000006d70000 w=1024 h=768 bpp=32 cbLine=0x1000 flags=0x1
00:01:28.868232 VBVA: InfoScreen: [0] @0,0 1024x768, line 0x1000, BPP 32, flags 0x1
00:01:28.868277 Display::handleDisplayResize: uScreenId=0 pvVRAM=0000000006d70000 w=1024 h=768 bpp=32 cbLine=0x1000 flags=0x1
00:01:29.076464 VBVA: InfoScreen: [0] @0,0 1024x768, line 0x1000, BPP 32, flags 0x1
00:01:29.076504 Display::handleDisplayResize: uScreenId=0 pvVRAM=0000000006d70000 w=1024 h=768 bpp=32 cbLine=0x1000 flags=0x1
00:01:29.284072 VBVA: InfoScreen: [0] @0,0 1024x768, line 0x1000, BPP 32, flags 0x1
00:01:29.284118 Display::handleDisplayResize: uScreenId=0 pvVRAM=0000000006d70000 w=1024 h=768 bpp=32 cbLine=0x1000 flags=0x1
00:01:29.491883 VBVA: InfoScreen: [0] @0,0 1024x768, line 0x1000, BPP 32, flags 0x1
00:01:29.491927 Display::handleDisplayResize: uScreenId=0 pvVRAM=0000000006d70000 w=1024 h=768 bpp=32 cbLine=0x1000 flags=0x1
00:01:29.700765 VBVA: InfoScreen: [0] @0,0 1024x768, line 0x1000, BPP 32, flags 0x1
00:01:29.700805 Display::handleDisplayResize: uScreenId=0 pvVRAM=0000000006d70000 w=1024 h=768 bpp=32 cbLine=0x1000 flags=0x1
00:01:29.908042 VBVA: InfoScreen: [0] @0,0 1024x768, line 0x1000, BPP 32, flags 0x1
00:01:29.908084 Display::handleDisplayResize: uScreenId=0 pvVRAM=0000000006d70000 w=1024 h=768 bpp=32 cbLine=0x1000 flags=0x1
00:01:30.115542 VBVA: InfoScreen: [0] @0,0 1024x768, line 0x1000, BPP 32, flags 0x1
00:01:30.115573 Display::handleDisplayResize: uScreenId=0 pvVRAM=0000000006d70000 w=1024 h=768 bpp=32 cbLine=0x1000 flags=0x1
00:01:30.323448 VBVA: InfoScreen: [0] @0,0 1024x768, line 0x1000, BPP 32, flags 0x1
00:01:30.323487 Display::handleDisplayResize: uScreenId=0 pvVRAM=0000000006d70000 w=1024 h=768 bpp=32 cbLine=0x1000 flags=0x1
00:01:30.531370 VBVA: InfoScreen: [0] @0,0 1024x768, line 0x1000, BPP 32, flags 0x1
00:01:30.531412 Display::handleDisplayResize: uScreenId=0 pvVRAM=0000000006d70000 w=1024 h=768 bpp=32 cbLine=0x1000 flags=0x1
00:01:30.739274 VBVA: InfoScreen: [0] @0,0 1024x768, line 0x1000, BPP 32, flags 0x1
00:01:30.739309 Display::handleDisplayResize: uScreenId=0 pvVRAM=0000000006d70000 w=1024 h=768 bpp=32 cbLine=0x1000 flags=0x1
00:01:30.948148 VBVA: InfoScreen: [0] @0,0 1024x768, line 0x1000, BPP 32, flags 0x1
00:01:30.948190 Display::handleDisplayResize: uScreenId=0 pvVRAM=0000000006d70000 w=1024 h=768 bpp=32 cbLine=0x1000 flags=0x1
00:01:31.155286 VBVA: InfoScreen: [0] @0,0 1024x768, line 0x1000, BPP 32, flags 0x1
00:01:31.155331 Display::handleDisplayResize: uScreenId=0 pvVRAM=0000000006d70000 w=1024 h=768 bpp=32 cbLine=0x1000 flags=0x1
00:01:31.363014 VBVA: InfoScreen: [0] @0,0 1024x768, line 0x1000, BPP 32, flags 0x1
00:01:31.363059 Display::handleDisplayResize: uScreenId=0 pvVRAM=0000000006d70000 w=1024 h=768 bpp=32 cbLine=0x1000 flags=0x1
00:01:31.571320 VBVA: InfoScreen: [0] @0,0 1024x768, line 0x1000, BPP 32, flags 0x1
00:01:31.571358 Display::handleDisplayResize: uScreenId=0 pvVRAM=0000000006d70000 w=1024 h=768 bpp=32 cbLine=0x1000 flags=0x1
00:01:31.778836 VBVA: InfoScreen: [0] @0,0 1024x768, line 0x1000, BPP 32, flags 0x1
00:01:31.778883 Display::handleDisplayResize: uScreenId=0 pvVRAM=0000000006d70000 w=1024 h=768 bpp=32 cbLine=0x1000 flags=0x1
00:01:31.986839 VBVA: InfoScreen: [0] @0,0 1024x768, line 0x1000, BPP 32, flags 0x1
00:01:31.986886 Display::handleDisplayResize: uScreenId=0 pvVRAM=0000000006d70000 w=1024 h=768 bpp=32 cbLine=0x1000 flags=0x1
00:01:32.194923 VBVA: InfoScreen: [0] @0,0 1024x768, line 0x1000, BPP 32, flags 0x1
00:01:32.194966 Display::handleDisplayResize: uScreenId=0 pvVRAM=0000000006d70000 w=1024 h=768 bpp=32 cbLine=0x1000 flags=0x1
00:01:32.402870 VBVA: InfoScreen: [0] @0,0 1024x768, line 0x1000, BPP 32, flags 0x1
00:01:32.402921 Display::handleDisplayResize: uScreenId=0 pvVRAM=0000000006d70000 w=1024 h=768 bpp=32 cbLine=0x1000 flags=0x1
00:01:32.610481 VBVA: InfoScreen: [0] @0,0 1024x768, line 0x1000, BPP 32, flags 0x1
00:01:32.610529 Display::handleDisplayResize: uScreenId=0 pvVRAM=0000000006d70000 w=1024 h=768 bpp=32 cbLine=0x1000 flags=0x1
00:01:32.819439 VBVA: InfoScreen: [0] @0,0 1024x768, line 0x1000, BPP 32, flags 0x1
00:01:32.819487 Display::handleDisplayResize: uScreenId=0 pvVRAM=0000000006d70000 w=1024 h=768 bpp=32 cbLine=0x1000 flags=0x1
00:01:33.026479 VBVA: InfoScreen: [0] @0,0 1024x768, line 0x1000, BPP 32, flags 0x1
00:01:33.026519 Display::handleDisplayResize: uScreenId=0 pvVRAM=0000000006d70000 w=1024 h=768 bpp=32 cbLine=0x1000 flags=0x1
00:01:33.234543 VBVA: InfoScreen: [0] @0,0 1024x768, line 0x1000, BPP 32, flags 0x1
00:01:33.234597 Display::handleDisplayResize: uScreenId=0 pvVRAM=0000000006d70000 w=1024 h=768 bpp=32 cbLine=0x1000 flags=0x1
00:01:33.442052 VBVA: InfoScreen: [0] @0,0 1024x768, line 0x1000, BPP 32, flags 0x1
00:01:33.442100 Display::handleDisplayResize: uScreenId=0 pvVRAM=0000000006d70000 w=1024 h=768 bpp=32 cbLine=0x1000 flags=0x1
00:01:33.649803 VBVA: InfoScreen: [0] @0,0 1024x768, line 0x1000, BPP 32, flags 0x1
00:01:33.649850 Display::handleDisplayResize: uScreenId=0 pvVRAM=0000000006d70000 w=1024 h=768 bpp=32 cbLine=0x1000 flags=0x1
00:01:33.858063 VBVA: InfoScreen: [0] @0,0 1024x768, line 0x1000, BPP 32, flags 0x1
00:01:33.858101 Display::handleDisplayResize: uScreenId=0 pvVRAM=0000000006d70000 w=1024 h=768 bpp=32 cbLine=0x1000 flags=0x1
00:01:34.067128 VBVA: InfoScreen: [0] @0,0 1024x768, line 0x1000, BPP 32, flags 0x1
00:01:34.067167 Display::handleDisplayResize: uScreenId=0 pvVRAM=0000000006d70000 w=1024 h=768 bpp=32 cbLine=0x1000 flags=0x1
00:01:34.273610 VBVA: InfoScreen: [0] @0,0 1024x768, line 0x1000, BPP 32, flags 0x1
00:01:34.273648 Display::handleDisplayResize: uScreenId=0 pvVRAM=0000000006d70000 w=1024 h=768 bpp=32 cbLine=0x1000 flags=0x1
00:01:34.481681 VBVA: InfoScreen: [0] @0,0 1024x768, line 0x1000, BPP 32, flags 0x1
00:01:34.481731 Display::handleDisplayResize: uScreenId=0 pvVRAM=0000000006d70000 w=1024 h=768 bpp=32 cbLine=0x1000 flags=0x1
00:01:34.689693 VBVA: InfoScreen: [0] @0,0 1024x768, line 0x1000, BPP 32, flags 0x1
00:01:34.689733 Display::handleDisplayResize: uScreenId=0 pvVRAM=0000000006d70000 w=1024 h=768 bpp=32 cbLine=0x1000 flags=0x1
00:01:34.897227 VBVA: InfoScreen: [0] @0,0 1024x768, line 0x1000, BPP 32, flags 0x1
00:01:34.897273 Display::handleDisplayResize: uScreenId=0 pvVRAM=0000000006d70000 w=1024 h=768 bpp=32 cbLine=0x1000 flags=0x1
00:01:35.105235 VBVA: InfoScreen: [0] @0,0 1024x768, line 0x1000, BPP 32, flags 0x1
00:01:35.105279 Display::handleDisplayResize: uScreenId=0 pvVRAM=0000000006d70000 w=1024 h=768 bpp=32 cbLine=0x1000 flags=0x1
00:01:35.314275 VBVA: InfoScreen: [0] @0,0 1024x768, line 0x1000, BPP 32, flags 0x1
00:01:35.314321 Display::handleDisplayResize: uScreenId=0 pvVRAM=0000000006d70000 w=1024 h=768 bpp=32 cbLine=0x1000 flags=0x1
00:01:35.521304 VBVA: InfoScreen: [0] @0,0 1024x768, line 0x1000, BPP 32, flags 0x1
00:01:35.521349 Display::handleDisplayResize: uScreenId=0 pvVRAM=0000000006d70000 w=1024 h=768 bpp=32 cbLine=0x1000 flags=0x1
00:01:35.728798 VBVA: InfoScreen: [0] @0,0 1024x768, line 0x1000, BPP 32, flags 0x1
00:01:35.728835 Display::handleDisplayResize: uScreenId=0 pvVRAM=0000000006d70000 w=1024 h=768 bpp=32 cbLine=0x1000 flags=0x1
00:01:35.936680 VBVA: InfoScreen: [0] @0,0 1024x768, line 0x1000, BPP 32, flags 0x1
00:01:35.936724 Display::handleDisplayResize: uScreenId=0 pvVRAM=0000000006d70000 w=1024 h=768 bpp=32 cbLine=0x1000 flags=0x1
00:01:36.145860 VBVA: InfoScreen: [0] @0,0 1024x768, line 0x1000, BPP 32, flags 0x1
00:01:36.145897 Display::handleDisplayResize: uScreenId=0 pvVRAM=0000000006d70000 w=1024 h=768 bpp=32 cbLine=0x1000 flags=0x1
00:01:36.352886 VBVA: InfoScreen: [0] @0,0 1024x768, line 0x1000, BPP 32, flags 0x1
00:01:36.352928 Display::handleDisplayResize: uScreenId=0 pvVRAM=0000000006d70000 w=1024 h=768 bpp=32 cbLine=0x1000 flags=0x1
00:01:36.560516 VBVA: InfoScreen: [0] @0,0 1024x768, line 0x1000, BPP 32, flags 0x1
00:01:36.560561 Display::handleDisplayResize: uScreenId=0 pvVRAM=0000000006d70000 w=1024 h=768 bpp=32 cbLine=0x1000 flags=0x1
00:01:36.769466 VBVA: InfoScreen: [0] @0,0 1024x768, line 0x1000, BPP 32, flags 0x1
00:01:36.769514 Display::handleDisplayResize: uScreenId=0 pvVRAM=0000000006d70000 w=1024 h=768 bpp=32 cbLine=0x1000 flags=0x1
00:01:36.976457 VBVA: InfoScreen: [0] @0,0 1024x768, line 0x1000, BPP 32, flags 0x1
00:01:36.976502 Display::handleDisplayResize: uScreenId=0 pvVRAM=0000000006d70000 w=1024 h=768 bpp=32 cbLine=0x1000 flags=0x1
00:01:37.184579 VBVA: InfoScreen: [0] @0,0 1024x768, line 0x1000, BPP 32, flags 0x1
00:01:37.184618 Display::handleDisplayResize: uScreenId=0 pvVRAM=0000000006d70000 w=1024 h=768 bpp=32 cbLine=0x1000 flags=0x1
00:01:37.391999 VBVA: InfoScreen: [0] @0,0 1024x768, line 0x1000, BPP 32, flags 0x1
00:01:37.392033 Display::handleDisplayResize: uScreenId=0 pvVRAM=0000000006d70000 w=1024 h=768 bpp=32 cbLine=0x1000 flags=0x1
00:01:37.600003 VBVA: InfoScreen: [0] @0,0 1024x768, line 0x1000, BPP 32, flags 0x1
00:01:37.600045 Display::handleDisplayResize: uScreenId=0 pvVRAM=0000000006d70000 w=1024 h=768 bpp=32 cbLine=0x1000 flags=0x1
00:01:37.808985 VBVA: InfoScreen: [0] @0,0 1024x768, line 0x1000, BPP 32, flags 0x1
00:01:37.809022 Display::handleDisplayResize: uScreenId=0 pvVRAM=0000000006d70000 w=1024 h=768 bpp=32 cbLine=0x1000 flags=0x1
00:01:38.015535 VBVA: InfoScreen: [0] @0,0 1024x768, line 0x1000, BPP 32, flags 0x1
00:01:38.015571 Display::handleDisplayResize: uScreenId=0 pvVRAM=0000000006d70000 w=1024 h=768 bpp=32 cbLine=0x1000 flags=0x1
00:01:38.223548 VBVA: InfoScreen: [0] @0,0 1024x768, line 0x1000, BPP 32, flags 0x1
00:01:38.223583 Display::handleDisplayResize: uScreenId=0 pvVRAM=0000000006d70000 w=1024 h=768 bpp=32 cbLine=0x1000 flags=0x1
00:01:38.431586 VBVA: InfoScreen: [0] @0,0 1024x768, line 0x1000, BPP 32, flags 0x1
00:01:38.431622 Display::handleDisplayResize: uScreenId=0 pvVRAM=0000000006d70000 w=1024 h=768 bpp=32 cbLine=0x1000 flags=0x1
00:01:38.639594 VBVA: InfoScreen: [0] @0,0 1024x768, line 0x1000, BPP 32, flags 0x1
00:01:38.639620 Display::handleDisplayResize: uScreenId=0 pvVRAM=0000000006d70000 w=1024 h=768 bpp=32 cbLine=0x1000 flags=0x1
00:01:38.847123 VBVA: InfoScreen: [0] @0,0 1024x768, line 0x1000, BPP 32, flags 0x1
00:01:38.847159 Display::handleDisplayResize: uScreenId=0 pvVRAM=0000000006d70000 w=1024 h=768 bpp=32 cbLine=0x1000 flags=0x1
00:01:39.055153 VBVA: InfoScreen: [0] @0,0 1024x768, line 0x1000, BPP 32, flags 0x1
00:01:39.055189 Display::handleDisplayResize: uScreenId=0 pvVRAM=0000000006d70000 w=1024 h=768 bpp=32 cbLine=0x1000 flags=0x1
00:01:39.263175 VBVA: InfoScreen: [0] @0,0 1024x768, line 0x1000, BPP 32, flags 0x1
00:01:39.263210 Display::handleDisplayResize: uScreenId=0 pvVRAM=0000000006d70000 w=1024 h=768 bpp=32 cbLine=0x1000 flags=0x1
00:01:39.471207 VBVA: InfoScreen: [0] @0,0 1024x768, line 0x1000, BPP 32, flags 0x1
00:01:39.471243 Display::handleDisplayResize: uScreenId=0 pvVRAM=0000000006d70000 w=1024 h=768 bpp=32 cbLine=0x1000 flags=0x1
00:01:39.678737 VBVA: InfoScreen: [0] @0,0 1024x768, line 0x1000, BPP 32, flags 0x1
00:01:39.678773 Display::handleDisplayResize: uScreenId=0 pvVRAM=0000000006d70000 w=1024 h=768 bpp=32 cbLine=0x1000 flags=0x1
00:01:39.886777 VBVA: InfoScreen: [0] @0,0 1024x768, line 0x1000, BPP 32, flags 0x1
00:01:39.886807 Display::handleDisplayResize: uScreenId=0 pvVRAM=0000000006d70000 w=1024 h=768 bpp=32 cbLine=0x1000 flags=0x1
00:01:40.094795 VBVA: InfoScreen: [0] @0,0 1024x768, line 0x1000, BPP 32, flags 0x1
00:01:40.094831 Display::handleDisplayResize: uScreenId=0 pvVRAM=0000000006d70000 w=1024 h=768 bpp=32 cbLine=0x1000 flags=0x1
00:01:40.302822 VBVA: InfoScreen: [0] @0,0 1024x768, line 0x1000, BPP 32, flags 0x1
00:01:40.302852 Display::handleDisplayResize: uScreenId=0 pvVRAM=0000000006d70000 w=1024 h=768 bpp=32 cbLine=0x1000 flags=0x1
00:01:40.510368 VBVA: InfoScreen: [0] @0,0 1024x768, line 0x1000, BPP 32, flags 0x1
00:01:40.510407 Display::handleDisplayResize: uScreenId=0 pvVRAM=0000000006d70000 w=1024 h=768 bpp=32 cbLine=0x1000 flags=0x1
00:01:40.718353 VBVA: InfoScreen: [0] @0,0 1024x768, line 0x1000, BPP 32, flags 0x1
00:01:40.718387 Display::handleDisplayResize: uScreenId=0 pvVRAM=0000000006d70000 w=1024 h=768 bpp=32 cbLine=0x1000 flags=0x1
00:01:40.926417 VBVA: InfoScreen: [0] @0,0 1024x768, line 0x1000, BPP 32, flags 0x1
00:01:40.926455 Display::handleDisplayResize: uScreenId=0 pvVRAM=0000000006d70000 w=1024 h=768 bpp=32 cbLine=0x1000 flags=0x1
00:01:41.134422 VBVA: InfoScreen: [0] @0,0 1024x768, line 0x1000, BPP 32, flags 0x1
00:01:41.134447 Display::handleDisplayResize: uScreenId=0 pvVRAM=0000000006d70000 w=1024 h=768 bpp=32 cbLine=0x1000 flags=0x1
00:01:41.341996 VBVA: InfoScreen: [0] @0,0 1024x768, line 0x1000, BPP 32, flags 0x1
00:01:41.342033 Display::handleDisplayResize: uScreenId=0 pvVRAM=0000000006d70000 w=1024 h=768 bpp=32 cbLine=0x1000 flags=0x1
00:01:41.549849 VBVA: InfoScreen: [0] @0,0 1024x768, line 0x1000, BPP 32, flags 0x1
00:01:41.549894 Display::handleDisplayResize: uScreenId=0 pvVRAM=0000000006d70000 w=1024 h=768 bpp=32 cbLine=0x1000 flags=0x1
00:01:41.758087 VBVA: InfoScreen: [0] @0,0 1024x768, line 0x1000, BPP 32, flags 0x1
00:01:41.758130 Display::handleDisplayResize: uScreenId=0 pvVRAM=0000000006d70000 w=1024 h=768 bpp=32 cbLine=0x1000 flags=0x1
00:01:41.967091 VBVA: InfoScreen: [0] @0,0 1024x768, line 0x1000, BPP 32, flags 0x1
00:01:41.967132 Display::handleDisplayResize: uScreenId=0 pvVRAM=0000000006d70000 w=1024 h=768 bpp=32 cbLine=0x1000 flags=0x1
00:01:42.173649 VBVA: InfoScreen: [0] @0,0 1024x768, line 0x1000, BPP 32, flags 0x1
00:01:42.173692 Display::handleDisplayResize: uScreenId=0 pvVRAM=0000000006d70000 w=1024 h=768 bpp=32 cbLine=0x1000 flags=0x1
00:01:42.381637 VBVA: InfoScreen: [0] @0,0 1024x768, line 0x1000, BPP 32, flags 0x1
00:01:42.381681 Display::handleDisplayResize: uScreenId=0 pvVRAM=0000000006d70000 w=1024 h=768 bpp=32 cbLine=0x1000 flags=0x1
00:01:42.589624 VBVA: InfoScreen: [0] @0,0 1024x768, line 0x1000, BPP 32, flags 0x1
00:01:42.589665 Display::handleDisplayResize: uScreenId=0 pvVRAM=0000000006d70000 w=1024 h=768 bpp=32 cbLine=0x1000 flags=0x1
00:01:42.797643 VBVA: InfoScreen: [0] @0,0 1024x768, line 0x1000, BPP 32, flags 0x1
00:01:42.797680 Display::handleDisplayResize: uScreenId=0 pvVRAM=0000000006d70000 w=1024 h=768 bpp=32 cbLine=0x1000 flags=0x1
00:01:43.005151 VBVA: InfoScreen: [0] @0,0 1024x768, line 0x1000, BPP 32, flags 0x1
00:01:43.005186 Display::handleDisplayResize: uScreenId=0 pvVRAM=0000000006d70000 w=1024 h=768 bpp=32 cbLine=0x1000 flags=0x1
00:01:43.213211 VBVA: InfoScreen: [0] @0,0 1024x768, line 0x1000, BPP 32, flags 0x1
00:01:43.213249 Display::handleDisplayResize: uScreenId=0 pvVRAM=0000000006d70000 w=1024 h=768 bpp=32 cbLine=0x1000 flags=0x1
00:01:43.421217 VBVA: InfoScreen: [0] @0,0 1024x768, line 0x1000, BPP 32, flags 0x1
00:01:43.421249 Display::handleDisplayResize: uScreenId=0 pvVRAM=0000000006d70000 w=1024 h=768 bpp=32 cbLine=0x1000 flags=0x1
00:01:43.628739 VBVA: InfoScreen: [0] @0,0 1024x768, line 0x1000, BPP 32, flags 0x1
00:01:43.628774 Display::handleDisplayResize: uScreenId=0 pvVRAM=0000000006d70000 w=1024 h=768 bpp=32 cbLine=0x1000 flags=0x1
00:01:43.836806 VBVA: InfoScreen: [0] @0,0 1024x768, line 0x1000, BPP 32, flags 0x1
00:01:43.836837 Display::handleDisplayResize: uScreenId=0 pvVRAM=0000000006d70000 w=1024 h=768 bpp=32 cbLine=0x1000 flags=0x1
00:01:44.044805 VBVA: InfoScreen: [0] @0,0 1024x768, line 0x1000, BPP 32, flags 0x1
00:01:44.044841 Display::handleDisplayResize: uScreenId=0 pvVRAM=0000000006d70000 w=1024 h=768 bpp=32 cbLine=0x1000 flags=0x1
00:01:44.252812 VBVA: InfoScreen: [0] @0,0 1024x768, line 0x1000, BPP 32, flags 0x1
00:01:44.252847 Display::handleDisplayResize: uScreenId=0 pvVRAM=0000000006d70000 w=1024 h=768 bpp=32 cbLine=0x1000 flags=0x1
00:01:44.460344 VBVA: InfoScreen: [0] @0,0 1024x768, line 0x1000, BPP 32, flags 0x1
00:01:44.460386 Display::handleDisplayResize: uScreenId=0 pvVRAM=0000000006d70000 w=1024 h=768 bpp=32 cbLine=0x1000 flags=0x1
00:01:44.668365 VBVA: InfoScreen: [0] @0,0 1024x768, line 0x1000, BPP 32, flags 0x1
00:01:44.668400 Display::handleDisplayResize: uScreenId=0 pvVRAM=0000000006d70000 w=1024 h=768 bpp=32 cbLine=0x1000 flags=0x1
00:01:44.876387 VBVA: InfoScreen: [0] @0,0 1024x768, line 0x1000, BPP 32, flags 0x1
00:01:44.876423 Display::handleDisplayResize: uScreenId=0 pvVRAM=0000000006d70000 w=1024 h=768 bpp=32 cbLine=0x1000 flags=0x1
00:01:45.085515 VBVA: InfoScreen: [0] @0,0 1024x768, line 0x1000, BPP 32, flags 0x1
00:01:45.085562 Display::handleDisplayResize: uScreenId=0 pvVRAM=0000000006d70000 w=1024 h=768 bpp=32 cbLine=0x1000 flags=0x1
00:01:45.292038 VBVA: InfoScreen: [0] @0,0 1024x768, line 0x1000, BPP 32, flags 0x1
00:01:45.292084 Display::handleDisplayResize: uScreenId=0 pvVRAM=0000000006d70000 w=1024 h=768 bpp=32 cbLine=0x1000 flags=0x1
00:01:45.500028 VBVA: InfoScreen: [0] @0,0 1024x768, line 0x1000, BPP 32, flags 0x1
00:01:45.500071 Display::handleDisplayResize: uScreenId=0 pvVRAM=0000000006d70000 w=1024 h=768 bpp=32 cbLine=0x1000 flags=0x1
00:01:45.708026 VBVA: InfoScreen: [0] @0,0 1024x768, line 0x1000, BPP 32, flags 0x1
00:01:45.708067 Display::handleDisplayResize: uScreenId=0 pvVRAM=0000000006d70000 w=1024 h=768 bpp=32 cbLine=0x1000 flags=0x1
00:01:45.916043 VBVA: InfoScreen: [0] @0,0 1024x768, line 0x1000, BPP 32, flags 0x1
00:01:45.916082 Display::handleDisplayResize: uScreenId=0 pvVRAM=0000000006d70000 w=1024 h=768 bpp=32 cbLine=0x1000 flags=0x1
00:01:46.123539 VBVA: InfoScreen: [0] @0,0 1024x768, line 0x1000, BPP 32, flags 0x1
00:01:46.123575 Display::handleDisplayResize: uScreenId=0 pvVRAM=0000000006d70000 w=1024 h=768 bpp=32 cbLine=0x1000 flags=0x1
00:01:46.331671 VBVA: InfoScreen: [0] @0,0 1024x768, line 0x1000, BPP 32, flags 0x1
00:01:46.331719 Display::handleDisplayResize: uScreenId=0 pvVRAM=0000000006d70000 w=1024 h=768 bpp=32 cbLine=0x1000 flags=0x1
00:01:46.539383 VBVA: InfoScreen: [0] @0,0 1024x768, line 0x1000, BPP 32, flags 0x1
00:01:46.539428 Display::handleDisplayResize: uScreenId=0 pvVRAM=0000000006d70000 w=1024 h=768 bpp=32 cbLine=0x1000 flags=0x1
00:01:46.748746 VBVA: InfoScreen: [0] @0,0 1024x768, line 0x1000, BPP 32, flags 0x1
00:01:46.748792 Display::handleDisplayResize: uScreenId=0 pvVRAM=0000000006d70000 w=1024 h=768 bpp=32 cbLine=0x1000 flags=0x1
00:01:46.955226 VBVA: InfoScreen: [0] @0,0 1024x768, line 0x1000, BPP 32, flags 0x1
00:01:46.955269 Display::handleDisplayResize: uScreenId=0 pvVRAM=0000000006d70000 w=1024 h=768 bpp=32 cbLine=0x1000 flags=0x1
00:01:47.163221 VBVA: InfoScreen: [0] @0,0 1024x768, line 0x1000, BPP 32, flags 0x1
00:01:47.163258 Display::handleDisplayResize: uScreenId=0 pvVRAM=0000000006d70000 w=1024 h=768 bpp=32 cbLine=0x1000 flags=0x1
00:01:47.371332 VBVA: InfoScreen: [0] @0,0 1024x768, line 0x1000, BPP 32, flags 0x1
00:01:47.371382 Display::handleDisplayResize: uScreenId=0 pvVRAM=0000000006d70000 w=1024 h=768 bpp=32 cbLine=0x1000 flags=0x1
00:01:47.579308 VBVA: InfoScreen: [0] @0,0 1024x768, line 0x1000, BPP 32, flags 0x1
00:01:47.579338 Display::handleDisplayResize: uScreenId=0 pvVRAM=0000000006d70000 w=1024 h=768 bpp=32 cbLine=0x1000 flags=0x1
00:01:47.786755 VBVA: InfoScreen: [0] @0,0 1024x768, line 0x1000, BPP 32, flags 0x1
00:01:47.786794 Display::handleDisplayResize: uScreenId=0 pvVRAM=0000000006d70000 w=1024 h=768 bpp=32 cbLine=0x1000 flags=0x1
00:01:47.995360 VBVA: InfoScreen: [0] @0,0 1024x768, line 0x1000, BPP 32, flags 0x1
00:01:47.995391 Display::handleDisplayResize: uScreenId=0 pvVRAM=0000000006d70000 w=1024 h=768 bpp=32 cbLine=0x1000 flags=0x1
00:01:48.202937 VBVA: InfoScreen: [0] @0,0 1024x768, line 0x1000, BPP 32, flags 0x1
00:01:48.202967 Display::handleDisplayResize: uScreenId=0 pvVRAM=0000000006d70000 w=1024 h=768 bpp=32 cbLine=0x1000 flags=0x1
00:01:48.410947 VBVA: InfoScreen: [0] @0,0 1024x768, line 0x1000, BPP 32, flags 0x1
00:01:48.410975 Display::handleDisplayResize: uScreenId=0 pvVRAM=0000000006d70000 w=1024 h=768 bpp=32 cbLine=0x1000 flags=0x1
00:01:48.619794 VBVA: InfoScreen: [0] @0,0 1024x768, line 0x1000, BPP 32, flags 0x1
00:01:48.619830 Display::handleDisplayResize: uScreenId=0 pvVRAM=0000000006d70000 w=1024 h=768 bpp=32 cbLine=0x1000 flags=0x1
00:01:48.826521 VBVA: InfoScreen: [0] @0,0 1024x768, line 0x1000, BPP 32, flags 0x1
00:01:48.826551 Display::handleDisplayResize: uScreenId=0 pvVRAM=0000000006d70000 w=1024 h=768 bpp=32 cbLine=0x1000 flags=0x1
00:01:49.034529 VBVA: InfoScreen: [0] @0,0 1024x768, line 0x1000, BPP 32, flags 0x1
00:01:49.034556 Display::handleDisplayResize: uScreenId=0 pvVRAM=0000000006d70000 w=1024 h=768 bpp=32 cbLine=0x1000 flags=0x1
00:01:49.242022 VBVA: InfoScreen: [0] @0,0 1024x768, line 0x1000, BPP 32, flags 0x1
00:01:49.242049 Display::handleDisplayResize: uScreenId=0 pvVRAM=0000000006d70000 w=1024 h=768 bpp=32 cbLine=0x1000 flags=0x1
00:01:49.450050 VBVA: InfoScreen: [0] @0,0 1024x768, line 0x1000, BPP 32, flags 0x1
00:01:49.450078 Display::handleDisplayResize: uScreenId=0 pvVRAM=0000000006d70000 w=1024 h=768 bpp=32 cbLine=0x1000 flags=0x1
00:01:49.657814 VBVA: InfoScreen: [0] @0,0 1024x768, line 0x1000, BPP 32, flags 0x1
00:01:49.657854 Display::handleDisplayResize: uScreenId=0 pvVRAM=0000000006d70000 w=1024 h=768 bpp=32 cbLine=0x1000 flags=0x1
00:01:49.866117 VBVA: InfoScreen: [0] @0,0 1024x768, line 0x1000, BPP 32, flags 0x1
00:01:49.866148 Display::handleDisplayResize: uScreenId=0 pvVRAM=0000000006d70000 w=1024 h=768 bpp=32 cbLine=0x1000 flags=0x1
00:01:50.073702 VBVA: InfoScreen: [0] @0,0 1024x768, line 0x1000, BPP 32, flags 0x1
00:01:50.073749 Display::handleDisplayResize: uScreenId=0 pvVRAM=0000000006d70000 w=1024 h=768 bpp=32 cbLine=0x1000 flags=0x1
00:01:50.281498 VBVA: InfoScreen: [0] @0,0 1024x768, line 0x1000, BPP 32, flags 0x1
00:01:50.281532 Display::handleDisplayResize: uScreenId=0 pvVRAM=0000000006d70000 w=1024 h=768 bpp=32 cbLine=0x1000 flags=0x1
00:01:50.489716 VBVA: InfoScreen: [0] @0,0 1024x768, line 0x1000, BPP 32, flags 0x1
00:01:50.489745 Display::handleDisplayResize: uScreenId=0 pvVRAM=0000000006d70000 w=1024 h=768 bpp=32 cbLine=0x1000 flags=0x1
00:01:50.697264 VBVA: InfoScreen: [0] @0,0 1024x768, line 0x1000, BPP 32, flags 0x1
00:01:50.697301 Display::handleDisplayResize: uScreenId=0 pvVRAM=0000000006d70000 w=1024 h=768 bpp=32 cbLine=0x1000 flags=0x1
00:01:50.905264 VBVA: InfoScreen: [0] @0,0 1024x768, line 0x1000, BPP 32, flags 0x1
00:01:50.905292 Display::handleDisplayResize: uScreenId=0 pvVRAM=0000000006d70000 w=1024 h=768 bpp=32 cbLine=0x1000 flags=0x1
00:01:51.113049 VBVA: InfoScreen: [0] @0,0 1024x768, line 0x1000, BPP 32, flags 0x1
00:01:51.113083 Display::handleDisplayResize: uScreenId=0 pvVRAM=0000000006d70000 w=1024 h=768 bpp=32 cbLine=0x1000 flags=0x1
00:01:51.321330 VBVA: InfoScreen: [0] @0,0 1024x768, line 0x1000, BPP 32, flags 0x1
00:01:51.321361 Display::handleDisplayResize: uScreenId=0 pvVRAM=0000000006d70000 w=1024 h=768 bpp=32 cbLine=0x1000 flags=0x1
00:01:51.529318 VBVA: InfoScreen: [0] @0,0 1024x768, line 0x1000, BPP 32, flags 0x1
00:01:51.529346 Display::handleDisplayResize: uScreenId=0 pvVRAM=0000000006d70000 w=1024 h=768 bpp=32 cbLine=0x1000 flags=0x1
00:01:51.736825 VBVA: InfoScreen: [0] @0,0 1024x768, line 0x1000, BPP 32, flags 0x1
00:01:51.736856 Display::handleDisplayResize: uScreenId=0 pvVRAM=0000000006d70000 w=1024 h=768 bpp=32 cbLine=0x1000 flags=0x1
00:01:51.944608 VBVA: InfoScreen: [0] @0,0 1024x768, line 0x1000, BPP 32, flags 0x1
00:01:51.944638 Display::handleDisplayResize: uScreenId=0 pvVRAM=0000000006d70000 w=1024 h=768 bpp=32 cbLine=0x1000 flags=0x1
00:01:52.152527 VBVA: InfoScreen: [0] @0,0 1024x768, line 0x1000, BPP 32, flags 0x1
00:01:52.152557 Display::handleDisplayResize: uScreenId=0 pvVRAM=0000000006d70000 w=1024 h=768 bpp=32 cbLine=0x1000 flags=0x1
00:01:52.360404 VBVA: InfoScreen: [0] @0,0 1024x768, line 0x1000, BPP 32, flags 0x1
00:01:52.360435 Display::handleDisplayResize: uScreenId=0 pvVRAM=0000000006d70000 w=1024 h=768 bpp=32 cbLine=0x1000 flags=0x1
00:01:52.568430 VBVA: InfoScreen: [0] @0,0 1024x768, line 0x1000, BPP 32, flags 0x1
00:01:52.568464 Display::handleDisplayResize: uScreenId=0 pvVRAM=0000000006d70000 w=1024 h=768 bpp=32 cbLine=0x1000 flags=0x1
00:01:52.776546 VBVA: InfoScreen: [0] @0,0 1024x768, line 0x1000, BPP 32, flags 0x1
00:01:52.776585 Display::handleDisplayResize: uScreenId=0 pvVRAM=0000000006d70000 w=1024 h=768 bpp=32 cbLine=0x1000 flags=0x1
00:01:52.984108 VBVA: InfoScreen: [0] @0,0 1024x768, line 0x1000, BPP 32, flags 0x1
00:01:52.984142 Display::handleDisplayResize: uScreenId=0 pvVRAM=0000000006d70000 w=1024 h=768 bpp=32 cbLine=0x1000 flags=0x1
00:01:53.192017 VBVA: InfoScreen: [0] @0,0 1024x768, line 0x1000, BPP 32, flags 0x1
00:01:53.192048 Display::handleDisplayResize: uScreenId=0 pvVRAM=0000000006d70000 w=1024 h=768 bpp=32 cbLine=0x1000 flags=0x1
00:01:53.399874 VBVA: InfoScreen: [0] @0,0 1024x768, line 0x1000, BPP 32, flags 0x1
00:01:53.399903 Display::handleDisplayResize: uScreenId=0 pvVRAM=0000000006d70000 w=1024 h=768 bpp=32 cbLine=0x1000 flags=0x1
00:01:53.608074 VBVA: InfoScreen: [0] @0,0 1024x768, line 0x1000, BPP 32, flags 0x1
00:01:53.608104 Display::handleDisplayResize: uScreenId=0 pvVRAM=0000000006d70000 w=1024 h=768 bpp=32 cbLine=0x1000 flags=0x1
00:01:53.816122 VBVA: InfoScreen: [0] @0,0 1024x768, line 0x1000, BPP 32, flags 0x1
00:01:53.816153 Display::handleDisplayResize: uScreenId=0 pvVRAM=0000000006d70000 w=1024 h=768 bpp=32 cbLine=0x1000 flags=0x1
00:01:54.023670 VBVA: InfoScreen: [0] @0,0 1024x768, line 0x1000, BPP 32, flags 0x1
00:01:54.023708 Display::handleDisplayResize: uScreenId=0 pvVRAM=0000000006d70000 w=1024 h=768 bpp=32 cbLine=0x1000 flags=0x1
00:01:54.231703 VBVA: InfoScreen: [0] @0,0 1024x768, line 0x1000, BPP 32, flags 0x1
00:01:54.231736 Display::handleDisplayResize: uScreenId=0 pvVRAM=0000000006d70000 w=1024 h=768 bpp=32 cbLine=0x1000 flags=0x1
00:01:54.439365 VBVA: InfoScreen: [0] @0,0 1024x768, line 0x1000, BPP 32, flags 0x1
00:01:54.439394 Display::handleDisplayResize: uScreenId=0 pvVRAM=0000000006d70000 w=1024 h=768 bpp=32 cbLine=0x1000 flags=0x1
00:01:54.647273 VBVA: InfoScreen: [0] @0,0 1024x768, line 0x1000, BPP 32, flags 0x1
00:01:54.647299 Display::handleDisplayResize: uScreenId=0 pvVRAM=0000000006d70000 w=1024 h=768 bpp=32 cbLine=0x1000 flags=0x1
00:01:54.855226 VBVA: InfoScreen: [0] @0,0 1024x768, line 0x1000, BPP 32, flags 0x1
00:01:54.855266 Display::handleDisplayResize: uScreenId=0 pvVRAM=0000000006d70000 w=1024 h=768 bpp=32 cbLine=0x1000 flags=0x1
00:01:55.063268 VBVA: InfoScreen: [0] @0,0 1024x768, line 0x1000, BPP 32, flags 0x1
00:01:55.063297 Display::handleDisplayResize: uScreenId=0 pvVRAM=0000000006d70000 w=1024 h=768 bpp=32 cbLine=0x1000 flags=0x1
00:01:55.270996 VBVA: InfoScreen: [0] @0,0 1024x768, line 0x1000, BPP 32, flags 0x1
00:01:55.271028 Display::handleDisplayResize: uScreenId=0 pvVRAM=0000000006d70000 w=1024 h=768 bpp=32 cbLine=0x1000 flags=0x1
00:01:55.478868 VBVA: InfoScreen: [0] @0,0 1024x768, line 0x1000, BPP 32, flags 0x1
00:01:55.478907 Display::handleDisplayResize: uScreenId=0 pvVRAM=0000000006d70000 w=1024 h=768 bpp=32 cbLine=0x1000 flags=0x1
00:01:55.686848 VBVA: InfoScreen: [0] @0,0 1024x768, line 0x1000, BPP 32, flags 0x1
00:01:55.686884 Display::handleDisplayResize: uScreenId=0 pvVRAM=0000000006d70000 w=1024 h=768 bpp=32 cbLine=0x1000 flags=0x1
00:01:55.894643 VBVA: InfoScreen: [0] @0,0 1024x768, line 0x1000, BPP 32, flags 0x1
00:01:55.894675 Display::handleDisplayResize: uScreenId=0 pvVRAM=0000000006d70000 w=1024 h=768 bpp=32 cbLine=0x1000 flags=0x1
00:01:56.102543 VBVA: InfoScreen: [0] @0,0 1024x768, line 0x1000, BPP 32, flags 0x1
00:01:56.102579 Display::handleDisplayResize: uScreenId=0 pvVRAM=0000000006d70000 w=1024 h=768 bpp=32 cbLine=0x1000 flags=0x1
00:01:56.310439 VBVA: InfoScreen: [0] @0,0 1024x768, line 0x1000, BPP 32, flags 0x1
00:01:56.310474 Display::handleDisplayResize: uScreenId=0 pvVRAM=0000000006d70000 w=1024 h=768 bpp=32 cbLine=0x1000 flags=0x1
00:01:56.518342 VBVA: InfoScreen: [0] @0,0 1024x768, line 0x1000, BPP 32, flags 0x1
00:01:56.518441 Display::handleDisplayResize: uScreenId=0 pvVRAM=0000000006d70000 w=1024 h=768 bpp=32 cbLine=0x1000 flags=0x1
00:01:56.726523 VBVA: InfoScreen: [0] @0,0 1024x768, line 0x1000, BPP 32, flags 0x1
00:01:56.726553 Display::handleDisplayResize: uScreenId=0 pvVRAM=0000000006d70000 w=1024 h=768 bpp=32 cbLine=0x1000 flags=0x1
00:01:56.934574 VBVA: InfoScreen: [0] @0,0 1024x768, line 0x1000, BPP 32, flags 0x1
00:01:56.934616 Display::handleDisplayResize: uScreenId=0 pvVRAM=0000000006d70000 w=1024 h=768 bpp=32 cbLine=0x1000 flags=0x1
00:01:57.142434 VBVA: InfoScreen: [0] @0,0 1024x768, line 0x1000, BPP 32, flags 0x1
00:01:57.142467 Display::handleDisplayResize: uScreenId=0 pvVRAM=0000000006d70000 w=1024 h=768 bpp=32 cbLine=0x1000 flags=0x1
00:01:57.350070 VBVA: InfoScreen: [0] @0,0 1024x768, line 0x1000, BPP 32, flags 0x1
00:01:57.350106 Display::handleDisplayResize: uScreenId=0 pvVRAM=0000000006d70000 w=1024 h=768 bpp=32 cbLine=0x1000 flags=0x1
00:01:57.557810 VBVA: InfoScreen: [0] @0,0 1024x768, line 0x1000, BPP 32, flags 0x1
00:01:57.557843 Display::handleDisplayResize: uScreenId=0 pvVRAM=0000000006d70000 w=1024 h=768 bpp=32 cbLine=0x1000 flags=0x1
00:01:57.766109 VBVA: InfoScreen: [0] @0,0 1024x768, line 0x1000, BPP 32, flags 0x1
00:01:57.766142 Display::handleDisplayResize: uScreenId=0 pvVRAM=0000000006d70000 w=1024 h=768 bpp=32 cbLine=0x1000 flags=0x1
00:01:57.974159 VBVA: InfoScreen: [0] @0,0 1024x768, line 0x1000, BPP 32, flags 0x1
00:01:57.974195 Display::handleDisplayResize: uScreenId=0 pvVRAM=0000000006d70000 w=1024 h=768 bpp=32 cbLine=0x1000 flags=0x1
00:01:58.181591 VBVA: InfoScreen: [0] @0,0 1024x768, line 0x1000, BPP 32, flags 0x1
00:01:58.181621 Display::handleDisplayResize: uScreenId=0 pvVRAM=0000000006d70000 w=1024 h=768 bpp=32 cbLine=0x1000 flags=0x1
00:01:58.389740 VBVA: InfoScreen: [0] @0,0 1024x768, line 0x1000, BPP 32, flags 0x1
00:01:58.389775 Display::handleDisplayResize: uScreenId=0 pvVRAM=0000000006d70000 w=1024 h=768 bpp=32 cbLine=0x1000 flags=0x1
00:01:58.597721 VBVA: InfoScreen: [0] @0,0 1024x768, line 0x1000, BPP 32, flags 0x1
00:01:58.597753 Display::handleDisplayResize: uScreenId=0 pvVRAM=0000000006d70000 w=1024 h=768 bpp=32 cbLine=0x1000 flags=0x1
00:01:58.805242 VBVA: InfoScreen: [0] @0,0 1024x768, line 0x1000, BPP 32, flags 0x1
00:01:58.805277 Display::handleDisplayResize: uScreenId=0 pvVRAM=0000000006d70000 w=1024 h=768 bpp=32 cbLine=0x1000 flags=0x1
00:01:59.013312 VBVA: InfoScreen: [0] @0,0 1024x768, line 0x1000, BPP 32, flags 0x1
00:01:59.013345 Display::handleDisplayResize: uScreenId=0 pvVRAM=0000000006d70000 w=1024 h=768 bpp=32 cbLine=0x1000 flags=0x1
00:01:59.220961 VBVA: InfoScreen: [0] @0,0 1024x768, line 0x1000, BPP 32, flags 0x1
00:01:59.220994 Display::handleDisplayResize: uScreenId=0 pvVRAM=0000000006d70000 w=1024 h=768 bpp=32 cbLine=0x1000 flags=0x1
00:01:59.428928 VBVA: InfoScreen: [0] @0,0 1024x768, line 0x1000, BPP 32, flags 0x1
00:01:59.428965 Display::handleDisplayResize: uScreenId=0 pvVRAM=0000000006d70000 w=1024 h=768 bpp=32 cbLine=0x1000 flags=0x1
00:01:59.636836 VBVA: InfoScreen: [0] @0,0 1024x768, line 0x1000, BPP 32, flags 0x1
00:01:59.636867 Display::handleDisplayResize: uScreenId=0 pvVRAM=0000000006d70000 w=1024 h=768 bpp=32 cbLine=0x1000 flags=0x1
00:01:59.844910 VBVA: InfoScreen: [0] @0,0 1024x768, line 0x1000, BPP 32, flags 0x1
00:01:59.844945 Display::handleDisplayResize: uScreenId=0 pvVRAM=0000000006d70000 w=1024 h=768 bpp=32 cbLine=0x1000 flags=0x1
00:02:00.052549 VBVA: InfoScreen: [0] @0,0 1024x768, line 0x1000, BPP 32, flags 0x1
00:02:00.052578 Display::handleDisplayResize: uScreenId=0 pvVRAM=0000000006d70000 w=1024 h=768 bpp=32 cbLine=0x1000 flags=0x1
00:02:00.260971 VBVA: InfoScreen: [0] @0,0 1024x768, line 0x1000, BPP 32, flags 0x1
00:02:00.261002 Display::handleDisplayResize: uScreenId=0 pvVRAM=0000000006d70000 w=1024 h=768 bpp=32 cbLine=0x1000 flags=0x1
00:02:00.468489 VBVA: InfoScreen: [0] @0,0 1024x768, line 0x1000, BPP 32, flags 0x1
00:02:00.468522 Display::handleDisplayResize: uScreenId=0 pvVRAM=0000000006d70000 w=1024 h=768 bpp=32 cbLine=0x1000 flags=0x1
00:02:00.676277 VBVA: InfoScreen: [0] @0,0 1024x768, line 0x1000, BPP 32, flags 0x1
00:02:00.676315 Display::handleDisplayResize: uScreenId=0 pvVRAM=0000000006d70000 w=1024 h=768 bpp=32 cbLine=0x1000 flags=0x1
00:02:00.884579 VBVA: InfoScreen: [0] @0,0 1024x768, line 0x1000, BPP 32, flags 0x1
00:02:00.884620 Display::handleDisplayResize: uScreenId=0 pvVRAM=0000000006d70000 w=1024 h=768 bpp=32 cbLine=0x1000 flags=0x1
00:02:01.092553 VBVA: InfoScreen: [0] @0,0 1024x768, line 0x1000, BPP 32, flags 0x1
00:02:01.092584 Display::handleDisplayResize: uScreenId=0 pvVRAM=0000000006d70000 w=1024 h=768 bpp=32 cbLine=0x1000 flags=0x1
00:02:01.300053 VBVA: InfoScreen: [0] @0,0 1024x768, line 0x1000, BPP 32, flags 0x1
00:02:01.300083 Display::handleDisplayResize: uScreenId=0 pvVRAM=0000000006d70000 w=1024 h=768 bpp=32 cbLine=0x1000 flags=0x1
00:02:01.508071 VBVA: InfoScreen: [0] @0,0 1024x768, line 0x1000, BPP 32, flags 0x1
00:02:01.508099 Display::handleDisplayResize: uScreenId=0 pvVRAM=0000000006d70000 w=1024 h=768 bpp=32 cbLine=0x1000 flags=0x1
00:02:01.716113 VBVA: InfoScreen: [0] @0,0 1024x768, line 0x1000, BPP 32, flags 0x1
00:02:01.716144 Display::handleDisplayResize: uScreenId=0 pvVRAM=0000000006d70000 w=1024 h=768 bpp=32 cbLine=0x1000 flags=0x1
00:02:01.924177 VBVA: InfoScreen: [0] @0,0 1024x768, line 0x1000, BPP 32, flags 0x1
00:02:01.924212 Display::handleDisplayResize: uScreenId=0 pvVRAM=0000000006d70000 w=1024 h=768 bpp=32 cbLine=0x1000 flags=0x1
00:02:02.131705 VBVA: InfoScreen: [0] @0,0 1024x768, line 0x1000, BPP 32, flags 0x1
00:02:02.131735 Display::handleDisplayResize: uScreenId=0 pvVRAM=0000000006d70000 w=1024 h=768 bpp=32 cbLine=0x1000 flags=0x1
00:02:02.339692 VBVA: InfoScreen: [0] @0,0 1024x768, line 0x1000, BPP 32, flags 0x1
00:02:02.339722 Display::handleDisplayResize: uScreenId=0 pvVRAM=0000000006d70000 w=1024 h=768 bpp=32 cbLine=0x1000 flags=0x1
00:02:02.547699 VBVA: InfoScreen: [0] @0,0 1024x768, line 0x1000, BPP 32, flags 0x1
00:02:02.547726 Display::handleDisplayResize: uScreenId=0 pvVRAM=0000000006d70000 w=1024 h=768 bpp=32 cbLine=0x1000 flags=0x1
00:02:02.755268 VBVA: InfoScreen: [0] @0,0 1024x768, line 0x1000, BPP 32, flags 0x1
00:02:02.755301 Display::handleDisplayResize: uScreenId=0 pvVRAM=0000000006d70000 w=1024 h=768 bpp=32 cbLine=0x1000 flags=0x1
00:02:02.963315 VBVA: InfoScreen: [0] @0,0 1024x768, line 0x1000, BPP 32, flags 0x1
00:02:02.963350 Display::handleDisplayResize: uScreenId=0 pvVRAM=0000000006d70000 w=1024 h=768 bpp=32 cbLine=0x1000 flags=0x1
00:02:03.170999 VBVA: InfoScreen: [0] @0,0 1024x768, line 0x1000, BPP 32, flags 0x1
00:02:03.171031 Display::handleDisplayResize: uScreenId=0 pvVRAM=0000000006d70000 w=1024 h=768 bpp=32 cbLine=0x1000 flags=0x1
00:02:03.379323 VBVA: InfoScreen: [0] @0,0 1024x768, line 0x1000, BPP 32, flags 0x1
00:02:03.379352 Display::handleDisplayResize: uScreenId=0 pvVRAM=0000000006d70000 w=1024 h=768 bpp=32 cbLine=0x1000 flags=0x1
00:02:03.586823 VBVA: InfoScreen: [0] @0,0 1024x768, line 0x1000, BPP 32, flags 0x1
00:02:03.586851 Display::handleDisplayResize: uScreenId=0 pvVRAM=0000000006d70000 w=1024 h=768 bpp=32 cbLine=0x1000 flags=0x1
00:02:03.794839 VBVA: InfoScreen: [0] @0,0 1024x768, line 0x1000, BPP 32, flags 0x1
00:02:03.794866 Display::handleDisplayResize: uScreenId=0 pvVRAM=0000000006d70000 w=1024 h=768 bpp=32 cbLine=0x1000 flags=0x1
00:02:04.002963 VBVA: InfoScreen: [0] @0,0 1024x768, line 0x1000, BPP 32, flags 0x1
00:02:04.003012 Display::handleDisplayResize: uScreenId=0 pvVRAM=0000000006d70000 w=1024 h=768 bpp=32 cbLine=0x1000 flags=0x1
00:02:04.210971 VBVA: InfoScreen: [0] @0,0 1024x768, line 0x1000, BPP 32, flags 0x1
00:02:04.211006 Display::handleDisplayResize: uScreenId=0 pvVRAM=0000000006d70000 w=1024 h=768 bpp=32 cbLine=0x1000 flags=0x1
00:02:04.418444 VBVA: InfoScreen: [0] @0,0 1024x768, line 0x1000, BPP 32, flags 0x1
00:02:04.418475 Display::handleDisplayResize: uScreenId=0 pvVRAM=0000000006d70000 w=1024 h=768 bpp=32 cbLine=0x1000 flags=0x1
00:02:04.626509 VBVA: InfoScreen: [0] @0,0 1024x768, line 0x1000, BPP 32, flags 0x1
00:02:04.626544 Display::handleDisplayResize: uScreenId=0 pvVRAM=0000000006d70000 w=1024 h=768 bpp=32 cbLine=0x1000 flags=0x1
00:02:04.834178 VBVA: InfoScreen: [0] @0,0 1024x768, line 0x1000, BPP 32, flags 0x1
00:02:04.834205 Display::handleDisplayResize: uScreenId=0 pvVRAM=0000000006d70000 w=1024 h=768 bpp=32 cbLine=0x1000 flags=0x1
00:02:05.042563 VBVA: InfoScreen: [0] @0,0 1024x768, line 0x1000, BPP 32, flags 0x1
00:02:05.042595 Display::handleDisplayResize: uScreenId=0 pvVRAM=0000000006d70000 w=1024 h=768 bpp=32 cbLine=0x1000 flags=0x1
00:02:05.250051 VBVA: InfoScreen: [0] @0,0 1024x768, line 0x1000, BPP 32, flags 0x1
00:02:05.250079 Display::handleDisplayResize: uScreenId=0 pvVRAM=0000000006d70000 w=1024 h=768 bpp=32 cbLine=0x1000 flags=0x1
00:02:05.457884 VBVA: InfoScreen: [0] @0,0 1024x768, line 0x1000, BPP 32, flags 0x1
00:02:05.457915 Display::handleDisplayResize: uScreenId=0 pvVRAM=0000000006d70000 w=1024 h=768 bpp=32 cbLine=0x1000 flags=0x1
00:02:05.667081 VBVA: InfoScreen: [0] @0,0 1024x768, line 0x1000, BPP 32, flags 0x1
00:02:05.667127 Display::handleDisplayResize: uScreenId=0 pvVRAM=0000000006d70000 w=1024 h=768 bpp=32 cbLine=0x1000 flags=0x1
00:02:05.874176 VBVA: InfoScreen: [0] @0,0 1024x768, line 0x1000, BPP 32, flags 0x1
00:02:05.874228 Display::handleDisplayResize: uScreenId=0 pvVRAM=0000000006d70000 w=1024 h=768 bpp=32 cbLine=0x1000 flags=0x1
00:02:06.081697 VBVA: InfoScreen: [0] @0,0 1024x768, line 0x1000, BPP 32, flags 0x1
00:02:06.081733 Display::handleDisplayResize: uScreenId=0 pvVRAM=0000000006d70000 w=1024 h=768 bpp=32 cbLine=0x1000 flags=0x1
00:02:06.289700 VBVA: InfoScreen: [0] @0,0 1024x768, line 0x1000, BPP 32, flags 0x1
00:02:06.289734 Display::handleDisplayResize: uScreenId=0 pvVRAM=0000000006d70000 w=1024 h=768 bpp=32 cbLine=0x1000 flags=0x1
00:02:06.497714 VBVA: InfoScreen: [0] @0,0 1024x768, line 0x1000, BPP 32, flags 0x1
00:02:06.497742 Display::handleDisplayResize: uScreenId=0 pvVRAM=0000000006d70000 w=1024 h=768 bpp=32 cbLine=0x1000 flags=0x1
00:02:06.705735 VBVA: InfoScreen: [0] @0,0 1024x768, line 0x1000, BPP 32, flags 0x1
00:02:06.705761 Display::handleDisplayResize: uScreenId=0 pvVRAM=0000000006d70000 w=1024 h=768 bpp=32 cbLine=0x1000 flags=0x1
00:02:06.913156 VBVA: InfoScreen: [0] @0,0 1024x768, line 0x1000, BPP 32, flags 0x1
00:02:06.913193 Display::handleDisplayResize: uScreenId=0 pvVRAM=0000000006d70000 w=1024 h=768 bpp=32 cbLine=0x1000 flags=0x1
00:02:07.121020 VBVA: InfoScreen: [0] @0,0 1024x768, line 0x1000, BPP 32, flags 0x1
00:02:07.121050 Display::handleDisplayResize: uScreenId=0 pvVRAM=0000000006d70000 w=1024 h=768 bpp=32 cbLine=0x1000 flags=0x1
00:02:07.328923 VBVA: InfoScreen: [0] @0,0 1024x768, line 0x1000, BPP 32, flags 0x1
00:02:07.328954 Display::handleDisplayResize: uScreenId=0 pvVRAM=0000000006d70000 w=1024 h=768 bpp=32 cbLine=0x1000 flags=0x1
00:02:07.536816 VBVA: InfoScreen: [0] @0,0 1024x768, line 0x1000, BPP 32, flags 0x1
00:02:07.536844 Display::handleDisplayResize: uScreenId=0 pvVRAM=0000000006d70000 w=1024 h=768 bpp=32 cbLine=0x1000 flags=0x1
00:02:07.744894 VBVA: InfoScreen: [0] @0,0 1024x768, line 0x1000, BPP 32, flags 0x1
00:02:07.744922 Display::handleDisplayResize: uScreenId=0 pvVRAM=0000000006d70000 w=1024 h=768 bpp=32 cbLine=0x1000 flags=0x1
00:02:07.952610 VBVA: InfoScreen: [0] @0,0 1024x768, line 0x1000, BPP 32, flags 0x1
00:02:07.952644 Display::handleDisplayResize: uScreenId=0 pvVRAM=0000000006d70000 w=1024 h=768 bpp=32 cbLine=0x1000 flags=0x1
00:02:08.160491 VBVA: InfoScreen: [0] @0,0 1024x768, line 0x1000, BPP 32, flags 0x1
00:02:08.160523 Display::handleDisplayResize: uScreenId=0 pvVRAM=0000000006d70000 w=1024 h=768 bpp=32 cbLine=0x1000 flags=0x1
